[00:46:01] [main/INFO]: ModLauncher running: args [--username, iLelesan, --version, forge-47.4.0, --gameDir, C:\Users\Leandro\curseforge\minecraft\Instances\DeceasedCraft - Urban Zombie Apocalypse, --assetsDir, C:\Users\Leandro\curseforge\minecraft\Install\assets, --assetIndex, 5, --uuid, afcd59a9b7be4380a269b65fec367822, --accessToken, ????????, --clientId, 5af72b-36ef3a-d09221-1029dec-c34a39, --xuid, 2535408182975082, --userType, msa, --versionType, release, --width, 1024, --height, 768, --quickPlayPath, C:\Users\Leandro\curseforge\minecraft\Quickplay\3a8560e2-a40c-4a52-8df4-46d2da04283e.json, , , , --launchTarget, forgeclient, --fml.forgeVersion, 47.4.0, --fml.mcVersion, 1.20.1, --fml.forgeGroup, net.minecraftforge, --fml.mcpVersion, 20230612.114412]
[00:46:01] [main/INFO]: ModLauncher 10.0.9+10.0.9+main.dcd20f30 starting: java version 17.0.8 by Eclipse Adoptium; OS Windows 11 arch amd64 version 10.0
[00:46:02] [main/INFO]: Loading ImmediateWindowProvider fmlearlywindow
[00:46:03] [main/INFO]: Trying GL version 4.6
[00:46:03] [main/INFO]: Requested GL version 4.6 got version 4.6
[00:46:03] [main/INFO]: Mixin Transmogrifier is definitely up to no good...
[00:46:03] [main/INFO]: crimes against java were committed
[00:46:03] [main/INFO]: Constructing
[00:46:03] [main/INFO]: Injecting bootstrap
[00:46:03] [pool-2-thread-1/INFO]: GL info: AMD Radeon RX 7600 GL version 4.6.0 Core Profile Context 26.5.1.260408, ATI Technologies Inc.
[00:46:03] [main/INFO]: Transforming Resolver#makeGraph
[00:46:03] [main/INFO]: Injecting mc bootstrap
[00:46:03] [main/INFO]: Launching CrashAssistantApp (CrashAssistant-forge-1.19-1.20.1-1.10.27.jar)
[00:46:04] [main/INFO]: Original mixin transformation service successfully crobbed by mixin-transmogrifier!
[00:46:04] [main/INFO]: Initializing
[00:46:04] [main/INFO]: SpongePowered MIXIN Subsystem Version=0.8.5 Source=union:/C:/Users/Leandro/curseforge/minecraft/Instances/DeceasedCraft%20-%20Urban%20Zombie%20Apocalypse/mods/Connector-1.0.0-beta.47+1.20.1.jar%23462%23469!/ Service=ModLauncher Env=CLIENT
[00:46:04] [main/INFO]: Found mod file Connector-1.0.0-beta.47+1.20.1-mod.jar of type MOD with provider org.sinytra.connector.locator.ConnectorEarlyLocator@620c8641
[00:46:04] [CrashAssistantApp process logger/INFO]: CrashAssistantApp process successfully started.
[00:46:05] [main/INFO]: Found mod file [1.20.1] SecurityCraft v1.9.12.jar of type MOD with provider {mods folder locator at C:\Users\Leandro\curseforge\minecraft\Instances\DeceasedCraft - Urban Zombie Apocalypse\mods}
[00:46:05] [main/INFO]: Found mod file AdvancementPlaques-1.20.1-forge-1.6.9.jar of type MOD with provider {mods folder locator at C:\Users\Leandro\curseforge\minecraft\Instances\DeceasedCraft - Urban Zombie Apocalypse\mods}
[00:46:05] [main/INFO]: Found mod file AI-Improvements-1.20-0.5.2.jar of type MOD with provider {mods folder locator at C:\Users\Leandro\curseforge\minecraft\Instances\DeceasedCraft - Urban Zombie Apocalypse\mods}
[00:46:05] [main/INFO]: Found mod file alltheleaks-1.1.1+1.20.1-forge.jar of type MOD with provider {mods folder locator at C:\Users\Leandro\curseforge\minecraft\Instances\DeceasedCraft - Urban Zombie Apocalypse\mods}
[00:46:05] [main/INFO]: Found mod file almanac-1.20.x-forge-1.0.2.jar of type MOD with provider {mods folder locator at C:\Users\Leandro\curseforge\minecraft\Instances\DeceasedCraft - Urban Zombie Apocalypse\mods}
[00:46:05] [main/INFO]: Found mod file alternate_current-mc1.20-1.7.0.jar of type MOD with provider {mods folder locator at C:\Users\Leandro\curseforge\minecraft\Instances\DeceasedCraft - Urban Zombie Apocalypse\mods}
[00:46:05] [main/INFO]: Found mod file AlwaysEat-5.2.jar of type MOD with provider {mods folder locator at C:\Users\Leandro\curseforge\minecraft\Instances\DeceasedCraft - Urban Zombie Apocalypse\mods}
[00:46:05] [main/INFO]: Found mod file animal_pen-forge-1.20-1.6.1.jar of type MOD with provider {mods folder locator at C:\Users\Leandro\curseforge\minecraft\Instances\DeceasedCraft - Urban Zombie Apocalypse\mods}
[00:46:05] [main/INFO]: Found mod file another_furniture-forge-1.20.1-3.0.4.jar of type MOD with provider {mods folder locator at C:\Users\Leandro\curseforge\minecraft\Instances\DeceasedCraft - Urban Zombie Apocalypse\mods}
[00:46:05] [main/INFO]: Found mod file apoc_patches-1.0.4-all.jar of type MOD with provider {mods folder locator at C:\Users\Leandro\curseforge\minecraft\Instances\DeceasedCraft - Urban Zombie Apocalypse\mods}
[00:46:05] [main/INFO]: Found mod file apocalypsenow-3.0.4NS-forge-1.20.1.jar of type MOD with provider {mods folder locator at C:\Users\Leandro\curseforge\minecraft\Instances\DeceasedCraft - Urban Zombie Apocalypse\mods}
[00:46:05] [main/INFO]: Found mod file ApothicAttributes-1.20.1-1.3.7.jar of type MOD with provider {mods folder locator at C:\Users\Leandro\curseforge\minecraft\Instances\DeceasedCraft - Urban Zombie Apocalypse\mods}
[00:46:05] [main/INFO]: Found mod file appleskin-forge-mc1.20.1-2.5.1.jar of type MOD with provider {mods folder locator at C:\Users\Leandro\curseforge\minecraft\Instances\DeceasedCraft - Urban Zombie Apocalypse\mods}
[00:46:05] [main/INFO]: Found mod file architectury-9.2.14-forge.jar of type MOD with provider {mods folder locator at C:\Users\Leandro\curseforge\minecraft\Instances\DeceasedCraft - Urban Zombie Apocalypse\mods}
[00:46:05] [main/INFO]: Found mod file armorpointspp-forge-1.20-3.1.1.jar of type MOD with provider {mods folder locator at C:\Users\Leandro\curseforge\minecraft\Instances\DeceasedCraft - Urban Zombie Apocalypse\mods}
[00:46:05] [main/INFO]: Found mod file artifacts-forge-9.5.16.jar of type MOD with provider {mods folder locator at C:\Users\Leandro\curseforge\minecraft\Instances\DeceasedCraft - Urban Zombie Apocalypse\mods}
[00:46:05] [main/INFO]: Found mod file Atlas Lib-1.20.1-1.1.12.jar of type MOD with provider {mods folder locator at C:\Users\Leandro\curseforge\minecraft\Instances\DeceasedCraft - Urban Zombie Apocalypse\mods}
[00:46:05] [main/INFO]: Found mod file AttributeFix-Forge-1.20.1-21.0.4.jar of type MOD with provider {mods folder locator at C:\Users\Leandro\curseforge\minecraft\Instances\DeceasedCraft - Urban Zombie Apocalypse\mods}
[00:46:05] [main/INFO]: Found mod file BadOptimizations-2.2.3-1.20.1.jar of type MOD with provider {mods folder locator at C:\Users\Leandro\curseforge\minecraft\Instances\DeceasedCraft - Urban Zombie Apocalypse\mods}
[00:46:05] [main/INFO]: Found mod file baguettelib-1.20.1-Forge-1.0.0.jar of type MOD with provider {mods folder locator at C:\Users\Leandro\curseforge\minecraft\Instances\DeceasedCraft - Urban Zombie Apocalypse\mods}
[00:46:05] [main/INFO]: Found mod file balm-forge-1.20.1-7.3.31-all.jar of type MOD with provider {mods folder locator at C:\Users\Leandro\curseforge\minecraft\Instances\DeceasedCraft - Urban Zombie Apocalypse\mods}
[00:46:05] [main/INFO]: Found mod file BeeFix-1.20-1.0.7.jar of type MOD with provider {mods folder locator at C:\Users\Leandro\curseforge\minecraft\Instances\DeceasedCraft - Urban Zombie Apocalypse\mods}
[00:46:05] [main/INFO]: Found mod file BetterAdvancements-Forge-1.20.1-0.4.2.10.jar of type MOD with provider {mods folder locator at C:\Users\Leandro\curseforge\minecraft\Instances\DeceasedCraft - Urban Zombie Apocalypse\mods}
[00:46:05] [main/INFO]: Found mod file betterbiomereblend-1.5.3.jar of type MOD with provider {mods folder locator at C:\Users\Leandro\curseforge\minecraft\Instances\DeceasedCraft - Urban Zombie Apocalypse\mods}
[00:46:05] [main/INFO]: Found mod file bettercombat-forge-1.8.6+1.20.1.jar of type MOD with provider {mods folder locator at C:\Users\Leandro\curseforge\minecraft\Instances\DeceasedCraft - Urban Zombie Apocalypse\mods}
[00:46:05] [main/INFO]: Found mod file BetterCompatibilityChecker-forge-4.0.8+mc1.20.1.jar of type MOD with provider {mods folder locator at C:\Users\Leandro\curseforge\minecraft\Instances\DeceasedCraft - Urban Zombie Apocalypse\mods}
[00:46:05] [main/INFO]: Found mod file binocularsmod-1.02.jar of type MOD with provider {mods folder locator at C:\Users\Leandro\curseforge\minecraft\Instances\DeceasedCraft - Urban Zombie Apocalypse\mods}
[00:46:05] [main/INFO]: Found mod file biomereplacer-2.1-hippo-forge.jar of type MOD with provider {mods folder locator at C:\Users\Leandro\curseforge\minecraft\Instances\DeceasedCraft - Urban Zombie Apocalypse\mods}
[00:46:05] [main/INFO]: Found mod file biomesize-1.20.1-1.5.jar of type MOD with provider {mods folder locator at C:\Users\Leandro\curseforge\minecraft\Instances\DeceasedCraft - Urban Zombie Apocalypse\mods}
[00:46:05] [main/INFO]: Found mod file BiomesOPlenty-forge-1.20.1-19.0.0.96.jar of type MOD with provider {mods folder locator at C:\Users\Leandro\curseforge\minecraft\Instances\DeceasedCraft - Urban Zombie Apocalypse\mods}
[00:46:05] [main/INFO]: Found mod file biomespawnpoint-1.20.1-2.4.jar of type MOD with provider {mods folder locator at C:\Users\Leandro\curseforge\minecraft\Instances\DeceasedCraft - Urban Zombie Apocalypse\mods}
[00:46:05] [main/INFO]: Found mod file bocchium-1.20.1-0.0.3.jar of type MOD with provider {mods folder locator at C:\Users\Leandro\curseforge\minecraft\Instances\DeceasedCraft - Urban Zombie Apocalypse\mods}
[00:46:05] [main/INFO]: Found mod file Bookshelf-Forge-1.20.1-20.2.13.jar of type MOD with provider {mods folder locator at C:\Users\Leandro\curseforge\minecraft\Instances\DeceasedCraft - Urban Zombie Apocalypse\mods}
[00:46:05] [main/INFO]: Found mod file botarium-forge-1.20.1-2.3.4.jar of type MOD with provider {mods folder locator at C:\Users\Leandro\curseforge\minecraft\Instances\DeceasedCraft - Urban Zombie Apocalypse\mods}
[00:46:05] [main/INFO]: Found mod file BuildersDelight-1.20.1-v.1.3.jar of type MOD with provider {mods folder locator at C:\Users\Leandro\curseforge\minecraft\Instances\DeceasedCraft - Urban Zombie Apocalypse\mods}
[00:46:05] [main/INFO]: Found mod file carryon-forge-1.20.1-2.1.2.7.jar of type MOD with provider {mods folder locator at C:\Users\Leandro\curseforge\minecraft\Instances\DeceasedCraft - Urban Zombie Apocalypse\mods}
[00:46:05] [main/INFO]: Found mod file catalogue-forge-1.20.1-1.8.0.jar of type MOD with provider {mods folder locator at C:\Users\Leandro\curseforge\minecraft\Instances\DeceasedCraft - Urban Zombie Apocalypse\mods}
[00:46:05] [main/INFO]: Found mod file cfm-forge-1.20.1-7.0.0-pre36.jar of type MOD with provider {mods folder locator at C:\Users\Leandro\curseforge\minecraft\Instances\DeceasedCraft - Urban Zombie Apocalypse\mods}
[00:46:05] [main/INFO]: Found mod file cfm_wap-1.20.1-forge-1.2.0.jar of type MOD with provider {mods folder locator at C:\Users\Leandro\curseforge\minecraft\Instances\DeceasedCraft - Urban Zombie Apocalypse\mods}
[00:46:05] [main/INFO]: Found mod file CGM-Unofficial-1.4.18+Forge+1.20.1.jar of type MOD with provider {mods folder locator at C:\Users\Leandro\curseforge\minecraft\Instances\DeceasedCraft - Urban Zombie Apocalypse\mods}
[00:46:05] [main/INFO]: Found mod file chalk-1.20.1-1.6.7.jar of type MOD with provider {mods folder locator at C:\Users\Leandro\curseforge\minecraft\Instances\DeceasedCraft - Urban Zombie Apocalypse\mods}
[00:46:05] [main/INFO]: Found mod file Chunky-1.3.146.jar of type MOD with provider {mods folder locator at C:\Users\Leandro\curseforge\minecraft\Instances\DeceasedCraft - Urban Zombie Apocalypse\mods}
[00:46:05] [main/INFO]: Found mod file cleanview-1.20.1-v1.jar of type MOD with provider {mods folder locator at C:\Users\Leandro\curseforge\minecraft\Instances\DeceasedCraft - Urban Zombie Apocalypse\mods}
[00:46:05] [main/INFO]: Found mod file ClickMachine-1.20.1-8.0.2.jar of type MOD with provider {mods folder locator at C:\Users\Leandro\curseforge\minecraft\Instances\DeceasedCraft - Urban Zombie Apocalypse\mods}
[00:46:05] [main/INFO]: Found mod file clientcrafting-1.20.1-1.8.jar of type MOD with provider {mods folder locator at C:\Users\Leandro\curseforge\minecraft\Instances\DeceasedCraft - Urban Zombie Apocalypse\mods}
[00:46:05] [main/INFO]: Found mod file cloth-config-11.1.136-forge.jar of type MOD with provider {mods folder locator at C:\Users\Leandro\curseforge\minecraft\Instances\DeceasedCraft - Urban Zombie Apocalypse\mods}
[00:46:05] [main/INFO]: Found mod file Clumps-forge-1.20.1-12.0.0.4.jar of type MOD with provider {mods folder locator at C:\Users\Leandro\curseforge\minecraft\Instances\DeceasedCraft - Urban Zombie Apocalypse\mods}
[00:46:05] [main/INFO]: Found mod file cobweb-forge-1.20.1-1.0.1.jar of type MOD with provider {mods folder locator at C:\Users\Leandro\curseforge\minecraft\Instances\DeceasedCraft - Urban Zombie Apocalypse\mods}
[00:46:05] [main/INFO]: Found mod file collective-1.20.1-8.3.jar of type MOD with provider {mods folder locator at C:\Users\Leandro\curseforge\minecraft\Instances\DeceasedCraft - Urban Zombie Apocalypse\mods}
[00:46:05] [main/INFO]: Found mod file colorwheel-forge-1.1.1+mc1.20.1.jar of type MOD with provider {mods folder locator at C:\Users\Leandro\curseforge\minecraft\Instances\DeceasedCraft - Urban Zombie Apocalypse\mods}
[00:46:05] [main/INFO]: Found mod file colorwheel_patcher-forge-1.0.3+mc1.20.1.jar of type MOD with provider {mods folder locator at C:\Users\Leandro\curseforge\minecraft\Instances\DeceasedCraft - Urban Zombie Apocalypse\mods}
[00:46:05] [main/INFO]: Found mod file comforts-forge-6.4.0+1.20.1.jar of type MOD with provider {mods folder locator at C:\Users\Leandro\curseforge\minecraft\Instances\DeceasedCraft - Urban Zombie Apocalypse\mods}
[00:46:05] [main/INFO]: Found mod file configured-forge-1.20.1-2.2.3.jar of type MOD with provider {mods folder locator at C:\Users\Leandro\curseforge\minecraft\Instances\DeceasedCraft - Urban Zombie Apocalypse\mods}
[00:46:05] [main/INFO]: Found mod file connectivity-1.20.1-7.2.jar of type MOD with provider {mods folder locator at C:\Users\Leandro\curseforge\minecraft\Instances\DeceasedCraft - Urban Zombie Apocalypse\mods}
[00:46:05] [main/INFO]: Found mod file controllable-forge-1.20.1-0.21.7.jar of type MOD with provider {mods folder locator at C:\Users\Leandro\curseforge\minecraft\Instances\DeceasedCraft - Urban Zombie Apocalypse\mods}
[00:46:05] [main/INFO]: Found mod file Controlling-forge-1.20.1-12.0.2.jar of type MOD with provider {mods folder locator at C:\Users\Leandro\curseforge\minecraft\Instances\DeceasedCraft - Urban Zombie Apocalypse\mods}
[00:46:05] [main/INFO]: Found mod file Corgilib-Forge-1.20.1-4.0.3.4.jar of type MOD with provider {mods folder locator at C:\Users\Leandro\curseforge\minecraft\Instances\DeceasedCraft - Urban Zombie Apocalypse\mods}
[00:46:05] [main/INFO]: Found mod file coroutil-forge-1.20.1-1.3.7.jar of type MOD with provider {mods folder locator at C:\Users\Leandro\curseforge\minecraft\Instances\DeceasedCraft - Urban Zombie Apocalypse\mods}
[00:46:05] [main/INFO]: Found mod file corpse-forge-1.20.1-1.0.21.jar of type MOD with provider {mods folder locator at C:\Users\Leandro\curseforge\minecraft\Instances\DeceasedCraft - Urban Zombie Apocalypse\mods}
[00:46:05] [main/INFO]: Found mod file corpsecurioscompat-1.20.1-Forge-3.1.2.jar of type MOD with provider {mods folder locator at C:\Users\Leandro\curseforge\minecraft\Instances\DeceasedCraft - Urban Zombie Apocalypse\mods}
[00:46:05] [main/INFO]: Found mod file cosmeticarmorreworked-1.20.1-v1a.jar of type MOD with provider {mods folder locator at C:\Users\Leandro\curseforge\minecraft\Instances\DeceasedCraft - Urban Zombie Apocalypse\mods}
[00:46:05] [main/INFO]: Found mod file CraftPresence-2.7.0+1.20.1-forge.jar of type MOD with provider {mods folder locator at C:\Users\Leandro\curseforge\minecraft\Instances\DeceasedCraft - Urban Zombie Apocalypse\mods}
[00:46:05] [main/INFO]: Found mod file create-1.20.1-6.0.6.jar of type MOD with provider {mods folder locator at C:\Users\Leandro\curseforge\minecraft\Instances\DeceasedCraft - Urban Zombie Apocalypse\mods}
[00:46:05] [main/INFO]: Found mod file create-stuff-additions1.20.1_v2.1.0.jar of type MOD with provider {mods folder locator at C:\Users\Leandro\curseforge\minecraft\Instances\DeceasedCraft - Urban Zombie Apocalypse\mods}
[00:46:05] [main/INFO]: Found mod file create_central_kitchen-1.20.1-for-create-6.0.6-1.4.3b.jar of type MOD with provider {mods folder locator at C:\Users\Leandro\curseforge\minecraft\Instances\DeceasedCraft - Urban Zombie Apocalypse\mods}
[00:46:05] [main/INFO]: Found mod file create_hypertube-0.2.5-FORGE.jar of type MOD with provider {mods folder locator at C:\Users\Leandro\curseforge\minecraft\Instances\DeceasedCraft - Urban Zombie Apocalypse\mods}
[00:46:05] [main/INFO]: Found mod file createaddition-1.20.1-1.3.2.jar of type MOD with provider {mods folder locator at C:\Users\Leandro\curseforge\minecraft\Instances\DeceasedCraft - Urban Zombie Apocalypse\mods}
[00:46:05] [main/INFO]: Found mod file createbetterfps-1.20.1-1.1.1.jar of type MOD with provider {mods folder locator at C:\Users\Leandro\curseforge\minecraft\Instances\DeceasedCraft - Urban Zombie Apocalypse\mods}
[00:46:05] [main/INFO]: Found mod file createbigcannons-5.9.1-mc.1.20.1-forge.jar of type MOD with provider {mods folder locator at C:\Users\Leandro\curseforge\minecraft\Instances\DeceasedCraft - Urban Zombie Apocalypse\mods}
[00:46:05] [main/INFO]: Found mod file createdeco-2.0.3-1.20.1-forge.jar of type MOD with provider {mods folder locator at C:\Users\Leandro\curseforge\minecraft\Instances\DeceasedCraft - Urban Zombie Apocalypse\mods}
[00:46:05] [main/INFO]: Found mod file createdieselgenerators-1.20.1-1.3.5.jar of type MOD with provider {mods folder locator at C:\Users\Leandro\curseforge\minecraft\Instances\DeceasedCraft - Urban Zombie Apocalypse\mods}
[00:46:05] [main/INFO]: Found mod file createstuffadditionsfix-forge-1.20.1-0.0.0.1.jar of type MOD with provider {mods folder locator at C:\Users\Leandro\curseforge\minecraft\Instances\DeceasedCraft - Urban Zombie Apocalypse\mods}
[00:46:05] [main/INFO]: Found mod file CreativeCore_FORGE_v2.12.32_mc1.20.1.jar of type MOD with provider {mods folder locator at C:\Users\Leandro\curseforge\minecraft\Instances\DeceasedCraft - Urban Zombie Apocalypse\mods}
[00:46:05] [main/INFO]: Found mod file crittersandcompanions-forge-1.20.1-2.3.5.jar of type MOD with provider {mods folder locator at C:\Users\Leandro\curseforge\minecraft\Instances\DeceasedCraft - Urban Zombie Apocalypse\mods}
[00:46:05] [main/INFO]: Found mod file CullLessLeaves-Reforged-1.20.1-1.0.5.jar of type MOD with provider {mods folder locator at C:\Users\Leandro\curseforge\minecraft\Instances\DeceasedCraft - Urban Zombie Apocalypse\mods}
[00:46:05] [main/INFO]: Found mod file cupboard-1.20.1-2.7.jar of type MOD with provider {mods folder locator at C:\Users\Leandro\curseforge\minecraft\Instances\DeceasedCraft - Urban Zombie Apocalypse\mods}
[00:46:05] [main/INFO]: Found mod file curios-forge-5.14.1+1.20.1.jar of type MOD with provider {mods folder locator at C:\Users\Leandro\curseforge\minecraft\Instances\DeceasedCraft - Urban Zombie Apocalypse\mods}
[00:46:05] [main/INFO]: Found mod file CustomNPCs-1.20.1-GBPort-Unofficial-20251031.jar of type MOD with provider {mods folder locator at C:\Users\Leandro\curseforge\minecraft\Instances\DeceasedCraft - Urban Zombie Apocalypse\mods}
[00:46:05] [main/INFO]: Found mod file customportalapi-0.0.1-forge-1.20.jar of type MOD with provider {mods folder locator at C:\Users\Leandro\curseforge\minecraft\Instances\DeceasedCraft - Urban Zombie Apocalypse\mods}
[00:46:05] [main/INFO]: Found mod file DarkPaintings-Forge-1.20.1-17.0.4.jar of type MOD with provider {mods folder locator at C:\Users\Leandro\curseforge\minecraft\Instances\DeceasedCraft - Urban Zombie Apocalypse\mods}
[00:46:05] [main/INFO]: Found mod file DCTweaks_5.10.14.jar of type MOD with provider {mods folder locator at C:\Users\Leandro\curseforge\minecraft\Instances\DeceasedCraft - Urban Zombie Apocalypse\mods}
[00:46:05] [main/INFO]: Found mod file deceased_expansion-1.10-all.jar of type MOD with provider {mods folder locator at C:\Users\Leandro\curseforge\minecraft\Instances\DeceasedCraft - Urban Zombie Apocalypse\mods}
[00:46:05] [main/INFO]: Found mod file default-server-properties-forge-81.1.0.jar of type MOD with provider {mods folder locator at C:\Users\Leandro\curseforge\minecraft\Instances\DeceasedCraft - Urban Zombie Apocalypse\mods}
[00:46:05] [main/INFO]: Found mod file defaultoptions-forge-1.20.1-18.0.4.jar of type MOD with provider {mods folder locator at C:\Users\Leandro\curseforge\minecraft\Instances\DeceasedCraft - Urban Zombie Apocalypse\mods}
[00:46:05] [main/INFO]: Found mod file diet-forge-2.1.1+1.20.1.jar of type MOD with provider {mods folder locator at C:\Users\Leandro\curseforge\minecraft\Instances\DeceasedCraft - Urban Zombie Apocalypse\mods}
[00:46:05] [main/INFO]: Found mod file displaydelight-1.1.0.jar of type MOD with provider {mods folder locator at C:\Users\Leandro\curseforge\minecraft\Instances\DeceasedCraft - Urban Zombie Apocalypse\mods}
[00:46:05] [main/INFO]: Found mod file DragN_Vehicles-1.20.1-1.3.2.jar of type MOD with provider {mods folder locator at C:\Users\Leandro\curseforge\minecraft\Instances\DeceasedCraft - Urban Zombie Apocalypse\mods}
[00:46:05] [main/INFO]: Found mod file drippyloadingscreen_forge_3.1.0_MC_1.20.1.jar of type MOD with provider {mods folder locator at C:\Users\Leandro\curseforge\minecraft\Instances\DeceasedCraft - Urban Zombie Apocalypse\mods}
[00:46:05] [main/INFO]: Found mod file dummmmmmy-1.20-2.0.9.jar of type MOD with provider {mods folder locator at C:\Users\Leandro\curseforge\minecraft\Instances\DeceasedCraft - Urban Zombie Apocalypse\mods}
[00:46:05] [main/INFO]: Found mod file durabilitytooltip-1.1.6-forge-mc1.20.jar of type MOD with provider {mods folder locator at C:\Users\Leandro\curseforge\minecraft\Instances\DeceasedCraft - Urban Zombie Apocalypse\mods}
[00:46:05] [main/INFO]: Found mod file e4mc_minecraft-forge-5.4.1.jar of type MOD with provider {mods folder locator at C:\Users\Leandro\curseforge\minecraft\Instances\DeceasedCraft - Urban Zombie Apocalypse\mods}
[00:46:05] [main/INFO]: Found mod file eh1.3.1-1.20.1.jar of type MOD with provider {mods folder locator at C:\Users\Leandro\curseforge\minecraft\Instances\DeceasedCraft - Urban Zombie Apocalypse\mods}
[00:46:05] [main/INFO]: Found mod file embeddium-0.3.31+mc1.20.1.jar of type MOD with provider {mods folder locator at C:\Users\Leandro\curseforge\minecraft\Instances\DeceasedCraft - Urban Zombie Apocalypse\mods}
[00:46:05] [main/INFO]: Found mod file embellishcraft-1.20.1-7.0.0.0.jar of type MOD with provider {mods folder locator at C:\Users\Leandro\curseforge\minecraft\Instances\DeceasedCraft - Urban Zombie Apocalypse\mods}
[00:46:05] [main/INFO]: Found mod file EnchantmentDescriptions-Forge-1.20.1-17.1.19.jar of type MOD with provider {mods folder locator at C:\Users\Leandro\curseforge\minecraft\Instances\DeceasedCraft - Urban Zombie Apocalypse\mods}
[00:46:05] [main/INFO]: Found mod file EngineeredSchematics-1.2.3.jar of type MOD with provider {mods folder locator at C:\Users\Leandro\curseforge\minecraft\Instances\DeceasedCraft - Urban Zombie Apocalypse\mods}
[00:46:05] [main/INFO]: Found mod file Engineers Delight 1.20.1 B.1.4.jar of type MOD with provider {mods folder locator at C:\Users\Leandro\curseforge\minecraft\Instances\DeceasedCraft - Urban Zombie Apocalypse\mods}
[00:46:05] [main/INFO]: Found mod file enhancedai-2.6.8.jar of type MOD with provider {mods folder locator at C:\Users\Leandro\curseforge\minecraft\Instances\DeceasedCraft - Urban Zombie Apocalypse\mods}
[00:46:05] [main/INFO]: Found mod file entity_model_features_forge_1.20.1-2.2.jar of type MOD with provider {mods folder locator at C:\Users\Leandro\curseforge\minecraft\Instances\DeceasedCraft - Urban Zombie Apocalypse\mods}
[00:46:05] [main/INFO]: Found mod file entity_texture_features_forge_1.20.1-6.2.9.jar of type MOD with provider {mods folder locator at C:\Users\Leandro\curseforge\minecraft\Instances\DeceasedCraft - Urban Zombie Apocalypse\mods}
[00:46:05] [main/INFO]: Found mod file entityculling-forge-1.9.4-mc1.20.1.jar of type MOD with provider {mods folder locator at C:\Users\Leandro\curseforge\minecraft\Instances\DeceasedCraft - Urban Zombie Apocalypse\mods}
[00:46:05] [main/INFO]: Found mod file entityjs-0.5.9-1.20.1.jar of type MOD with provider {mods folder locator at C:\Users\Leandro\curseforge\minecraft\Instances\DeceasedCraft - Urban Zombie Apocalypse\mods}
[00:46:05] [main/INFO]: Found mod file EquipmentCompare-1.20.1-forge-1.3.7.jar of type MOD with provider {mods folder locator at C:\Users\Leandro\curseforge\minecraft\Instances\DeceasedCraft - Urban Zombie Apocalypse\mods}
[00:46:05] [main/INFO]: Found mod file EuphoriaPatcher-1.7.8-r5.6.1-forge.jar of type MOD with provider {mods folder locator at C:\Users\Leandro\curseforge\minecraft\Instances\DeceasedCraft - Urban Zombie Apocalypse\mods}
[00:46:05] [main/INFO]: Found mod file expandability-9.0.4.jar of type MOD with provider {mods folder locator at C:\Users\Leandro\curseforge\minecraft\Instances\DeceasedCraft - Urban Zombie Apocalypse\mods}
[00:46:05] [main/INFO]: Found mod file explosiveenhancement-1.1.0-1.20.1-client-and-server.jar of type MOD with provider {mods folder locator at C:\Users\Leandro\curseforge\minecraft\Instances\DeceasedCraft - Urban Zombie Apocalypse\mods}
[00:46:05] [main/INFO]: Found mod file exposure-1.20.1-1.7.16-forge.jar of type MOD with provider {mods folder locator at C:\Users\Leandro\curseforge\minecraft\Instances\DeceasedCraft - Urban Zombie Apocalypse\mods}
[00:46:05] [main/INFO]: Found mod file extragore-1.20.1-5.2.3.1.jar of type MOD with provider {mods folder locator at C:\Users\Leandro\curseforge\minecraft\Instances\DeceasedCraft - Urban Zombie Apocalypse\mods}
[00:46:05] [main/INFO]: Found mod file ExtremeReactors2-1.20.1-2.0.94.jar of type MOD with provider {mods folder locator at C:\Users\Leandro\curseforge\minecraft\Instances\DeceasedCraft - Urban Zombie Apocalypse\mods}
[00:46:05] [main/INFO]: Found mod file ExtremeSoundMuffler-3.49.2-forge-1.20.1.jar of type MOD with provider {mods folder locator at C:\Users\Leandro\curseforge\minecraft\Instances\DeceasedCraft - Urban Zombie Apocalypse\mods}
[00:46:05] [main/INFO]: Found mod file ezvcsurvival-forge-1.20.1-1.4.2.jar of type MOD with provider {mods folder locator at C:\Users\Leandro\curseforge\minecraft\Instances\DeceasedCraft - Urban Zombie Apocalypse\mods}
[00:46:05] [main/INFO]: Found mod file fabric-api-0.92.6+1.11.14+1.20.1.jar of type MOD with provider {mods folder locator at C:\Users\Leandro\curseforge\minecraft\Instances\DeceasedCraft - Urban Zombie Apocalypse\mods}
[00:46:05] [main/INFO]: Found mod file fancymenu_forge_3.8.1_MC_1.20.1.jar of type MOD with provider {mods folder locator at C:\Users\Leandro\curseforge\minecraft\Instances\DeceasedCraft - Urban Zombie Apocalypse\mods}
[00:46:05] [main/INFO]: Found mod file fancytrinkets-1.20-3.0.5.jar of type MOD with provider {mods folder locator at C:\Users\Leandro\curseforge\minecraft\Instances\DeceasedCraft - Urban Zombie Apocalypse\mods}
[00:46:05] [main/INFO]: Found mod file FarmersDelight-1.20.1-1.2.9.jar of type MOD with provider {mods folder locator at C:\Users\Leandro\curseforge\minecraft\Instances\DeceasedCraft - Urban Zombie Apocalypse\mods}
[00:46:05] [main/INFO]: Found mod file fastasyncworldsave-1.20.1-2.6.jar of type MOD with provider {mods folder locator at C:\Users\Leandro\curseforge\minecraft\Instances\DeceasedCraft - Urban Zombie Apocalypse\mods}
[00:46:05] [main/INFO]: Found mod file fastboot-1.20.x-1.2.jar of type MOD with provider {mods folder locator at C:\Users\Leandro\curseforge\minecraft\Instances\DeceasedCraft - Urban Zombie Apocalypse\mods}
[00:46:05] [main/INFO]: Found mod file FastFurnace-1.20.1-8.0.2.jar of type MOD with provider {mods folder locator at C:\Users\Leandro\curseforge\minecraft\Instances\DeceasedCraft - Urban Zombie Apocalypse\mods}
[00:46:05] [main/INFO]: Found mod file FastLeafDecay-32.jar of type MOD with provider {mods folder locator at C:\Users\Leandro\curseforge\minecraft\Instances\DeceasedCraft - Urban Zombie Apocalypse\mods}
[00:46:06] [main/INFO]: Found mod file Fastload-Reforged-mc1.20.1-3.4.0.jar of type MOD with provider {mods folder locator at C:\Users\Leandro\curseforge\minecraft\Instances\DeceasedCraft - Urban Zombie Apocalypse\mods}
[00:46:06] [main/INFO]: Found mod file fastpaintings-1.20-1.2.7.jar of type MOD with provider {mods folder locator at C:\Users\Leandro\curseforge\minecraft\Instances\DeceasedCraft - Urban Zombie Apocalypse\mods}
[00:46:06] [main/INFO]: Found mod file FastSuite-1.20.1-5.1.0.jar of type MOD with provider {mods folder locator at C:\Users\Leandro\curseforge\minecraft\Instances\DeceasedCraft - Urban Zombie Apocalypse\mods}
[00:46:06] [main/INFO]: Found mod file FastWorkbench-1.20.1-8.0.4.jar of type MOD with provider {mods folder locator at C:\Users\Leandro\curseforge\minecraft\Instances\DeceasedCraft - Urban Zombie Apocalypse\mods}
[00:46:06] [main/INFO]: Found mod file ferritecore-6.0.1-forge.jar of type MOD with provider {mods folder locator at C:\Users\Leandro\curseforge\minecraft\Instances\DeceasedCraft - Urban Zombie Apocalypse\mods}
[00:46:06] [main/INFO]: Found mod file flerovium-forge-1.20.1-1.2.16-all.jar of type MOD with provider {mods folder locator at C:\Users\Leandro\curseforge\minecraft\Instances\DeceasedCraft - Urban Zombie Apocalypse\mods}
[00:46:06] [main/INFO]: Found mod file flickerfix-1.20.1-4.0.1.jar of type MOD with provider {mods folder locator at C:\Users\Leandro\curseforge\minecraft\Instances\DeceasedCraft - Urban Zombie Apocalypse\mods}
[00:46:06] [main/INFO]: Found mod file framework-forge-1.20.1-0.7.15.jar of type MOD with provider {mods folder locator at C:\Users\Leandro\curseforge\minecraft\Instances\DeceasedCraft - Urban Zombie Apocalypse\mods}
[00:46:06] [main/INFO]: Found mod file ftb-library-forge-2001.2.10.jar of type MOD with provider {mods folder locator at C:\Users\Leandro\curseforge\minecraft\Instances\DeceasedCraft - Urban Zombie Apocalypse\mods}
[00:46:06] [main/INFO]: Found mod file ftb-quests-forge-2001.4.16.jar of type MOD with provider {mods folder locator at C:\Users\Leandro\curseforge\minecraft\Instances\DeceasedCraft - Urban Zombie Apocalypse\mods}
[00:46:06] [main/INFO]: Found mod file ftb-teams-forge-2001.3.1.jar of type MOD with provider {mods folder locator at C:\Users\Leandro\curseforge\minecraft\Instances\DeceasedCraft - Urban Zombie Apocalypse\mods}
[00:46:06] [main/INFO]: Found mod file ftb-xmod-compat-forge-2.1.3.jar of type MOD with provider {mods folder locator at C:\Users\Leandro\curseforge\minecraft\Instances\DeceasedCraft - Urban Zombie Apocalypse\mods}
[00:46:06] [main/INFO]: Found mod file gamediscs-0.3.2-forge.jar of type MOD with provider {mods folder locator at C:\Users\Leandro\curseforge\minecraft\Instances\DeceasedCraft - Urban Zombie Apocalypse\mods}
[00:46:06] [main/INFO]: Found mod file geckolib-forge-1.20.1-4.7.jar of type MOD with provider {mods folder locator at C:\Users\Leandro\curseforge\minecraft\Instances\DeceasedCraft - Urban Zombie Apocalypse\mods}
[00:46:06] [main/INFO]: Found mod file getittogetherdrops-forge-1.20-1.3.jar of type MOD with provider {mods folder locator at C:\Users\Leandro\curseforge\minecraft\Instances\DeceasedCraft - Urban Zombie Apocalypse\mods}
[00:46:06] [main/INFO]: Found mod file GlitchCore-forge-1.20.1-0.0.1.1.jar of type MOD with provider {mods folder locator at C:\Users\Leandro\curseforge\minecraft\Instances\DeceasedCraft - Urban Zombie Apocalypse\mods}
[00:46:06] [main/INFO]: Found mod file GlobalGameRules-1.20.1-8.1.0.12.jar of type MOD with provider {mods folder locator at C:\Users\Leandro\curseforge\minecraft\Instances\DeceasedCraft - Urban Zombie Apocalypse\mods}
[00:46:06] [main/INFO]: Found mod file GPUTape-1.18x-1.21x-1.0.5.1-forge.jar of type MOD with provider {mods folder locator at C:\Users\Leandro\curseforge\minecraft\Instances\DeceasedCraft - Urban Zombie Apocalypse\mods}
[00:46:06] [main/INFO]: Found mod file gundb-2.0.3-all.jar of type MOD with provider {mods folder locator at C:\Users\Leandro\curseforge\minecraft\Instances\DeceasedCraft - Urban Zombie Apocalypse\mods}
[00:46:06] [main/INFO]: Found mod file harvest-with-ease-forge-1.20.1-9.4.0.jar of type MOD with provider {mods folder locator at C:\Users\Leandro\curseforge\minecraft\Instances\DeceasedCraft - Urban Zombie Apocalypse\mods}
[00:46:06] [main/INFO]: Found mod file Highlighter-1.20.1-forge-1.1.9.jar of type MOD with provider {mods folder locator at C:\Users\Leandro\curseforge\minecraft\Instances\DeceasedCraft - Urban Zombie Apocalypse\mods}
[00:46:06] [main/INFO]: Found mod file horror_element_mod-1.6.2-forge-1.20.1.jar of type MOD with provider {mods folder locator at C:\Users\Leandro\curseforge\minecraft\Instances\DeceasedCraft - Urban Zombie Apocalypse\mods}
[00:46:06] [main/INFO]: Found mod file Iceberg-1.20.1-forge-1.1.25.jar of type MOD with provider {mods folder locator at C:\Users\Leandro\curseforge\minecraft\Instances\DeceasedCraft - Urban Zombie Apocalypse\mods}
[00:46:06] [main/INFO]: Found mod file Icterine-forge-1.20.0-1-1.3.0.jar of type MOD with provider {mods folder locator at C:\Users\Leandro\curseforge\minecraft\Instances\DeceasedCraft - Urban Zombie Apocalypse\mods}
[00:46:06] [main/INFO]: Found mod file ImmediatelyFast-Forge-1.5.1+1.20.4.jar of type MOD with provider {mods folder locator at C:\Users\Leandro\curseforge\minecraft\Instances\DeceasedCraft - Urban Zombie Apocalypse\mods}
[00:46:06] [main/INFO]: Found mod file immersive_aircraft-1.4.0+1.20.1-forge.jar of type MOD with provider {mods folder locator at C:\Users\Leandro\curseforge\minecraft\Instances\DeceasedCraft - Urban Zombie Apocalypse\mods}
[00:46:06] [main/INFO]: Found mod file immersive_optimization-forge-1.20.1-0.1.0.jar of type MOD with provider {mods folder locator at C:\Users\Leandro\curseforge\minecraft\Instances\DeceasedCraft - Urban Zombie Apocalypse\mods}
[00:46:06] [main/INFO]: Found mod file ImmersiveEngineering-1.20.1-10.2.0-183.jar of type MOD with provider {mods folder locator at C:\Users\Leandro\curseforge\minecraft\Instances\DeceasedCraft - Urban Zombie Apocalypse\mods}
[00:46:06] [main/INFO]: Found mod file immersivefixes-1.0.3-all.jar of type MOD with provider {mods folder locator at C:\Users\Leandro\curseforge\minecraft\Instances\DeceasedCraft - Urban Zombie Apocalypse\mods}
[00:46:06] [main/INFO]: Found mod file immersivelanterns-forge-1.0.6-1.20.1.jar of type MOD with provider {mods folder locator at C:\Users\Leandro\curseforge\minecraft\Instances\DeceasedCraft - Urban Zombie Apocalypse\mods}
[00:46:06] [main/INFO]: Found mod file ImmersiveUI-FORGE-0.3.0.jar of type MOD with provider {mods folder locator at C:\Users\Leandro\curseforge\minecraft\Instances\DeceasedCraft - Urban Zombie Apocalypse\mods}
[00:46:06] [main/INFO]: Found mod file incontrol-1.20-9.4.5.jar of type MOD with provider {mods folder locator at C:\Users\Leandro\curseforge\minecraft\Instances\DeceasedCraft - Urban Zombie Apocalypse\mods}
[00:46:06] [main/INFO]: Found mod file insanelib-1.21.14.jar of type MOD with provider {mods folder locator at C:\Users\Leandro\curseforge\minecraft\Instances\DeceasedCraft - Urban Zombie Apocalypse\mods}
[00:46:06] [main/INFO]: Found mod file interiors-0.5.6+forge-mc1.20.1-local.jar of type MOD with provider {mods folder locator at C:\Users\Leandro\curseforge\minecraft\Instances\DeceasedCraft - Urban Zombie Apocalypse\mods}
[00:46:06] [main/INFO]: Found mod file inventoryhud.forge.1.20.1-3.4.26.jar of type MOD with provider {mods folder locator at C:\Users\Leandro\curseforge\minecraft\Instances\DeceasedCraft - Urban Zombie Apocalypse\mods}
[00:46:06] [main/INFO]: Found mod file item-filters-forge-2001.1.0-build.59.jar of type MOD with provider {mods folder locator at C:\Users\Leandro\curseforge\minecraft\Instances\DeceasedCraft - Urban Zombie Apocalypse\mods}
[00:46:06] [main/INFO]: Found mod file item_scrapper-1.2.9.jar of type MOD with provider {mods folder locator at C:\Users\Leandro\curseforge\minecraft\Instances\DeceasedCraft - Urban Zombie Apocalypse\mods}
[00:46:06] [main/INFO]: Found mod file ItemPhysicLite_FORGE_v1.6.6_mc1.20.1.jar of type MOD with provider {mods folder locator at C:\Users\Leandro\curseforge\minecraft\Instances\DeceasedCraft - Urban Zombie Apocalypse\mods}
[00:46:06] [main/INFO]: Found mod file jei-1.20.1-forge-15.20.0.112.jar of type MOD with provider {mods folder locator at C:\Users\Leandro\curseforge\minecraft\Instances\DeceasedCraft - Urban Zombie Apocalypse\mods}
[00:46:06] [main/INFO]: Found mod file jeimultiblocks-1.20.1-1.0.6.jar of type MOD with provider {mods folder locator at C:\Users\Leandro\curseforge\minecraft\Instances\DeceasedCraft - Urban Zombie Apocalypse\mods}
[00:46:06] [main/INFO]: Found mod file jsconf-1.1.1.jar of type MOD with provider {mods folder locator at C:\Users\Leandro\curseforge\minecraft\Instances\DeceasedCraft - Urban Zombie Apocalypse\mods}
[00:46:06] [main/INFO]: Found mod file JustOutdoorStuffs-1.20.1-forge-v1.0.2.jar of type MOD with provider {mods folder locator at C:\Users\Leandro\curseforge\minecraft\Instances\DeceasedCraft - Urban Zombie Apocalypse\mods}
[00:46:06] [main/INFO]: Found mod file konkrete_forge_1.8.0_MC_1.20-1.20.1.jar of type MOD with provider {mods folder locator at C:\Users\Leandro\curseforge\minecraft\Instances\DeceasedCraft - Urban Zombie Apocalypse\mods}
[00:46:06] [main/INFO]: Found mod file kotlinforforge-4.11.0-all.jar of type LIBRARY with provider {mods folder locator at C:\Users\Leandro\curseforge\minecraft\Instances\DeceasedCraft - Urban Zombie Apocalypse\mods}
[00:46:06] [main/INFO]: Found mod file kubejs-create-forge-2001.3.0-build.8.jar of type MOD with provider {mods folder locator at C:\Users\Leandro\curseforge\minecraft\Instances\DeceasedCraft - Urban Zombie Apocalypse\mods}
[00:46:06] [main/INFO]: Found mod file kubejs-forge-2001.6.5-build.16.jar of type MOD with provider {mods folder locator at C:\Users\Leandro\curseforge\minecraft\Instances\DeceasedCraft - Urban Zombie Apocalypse\mods}
[00:46:06] [main/INFO]: Found mod file legendarysurvivaloverhaul-1.20.1-2.3.23.1.jar of type MOD with provider {mods folder locator at C:\Users\Leandro\curseforge\minecraft\Instances\DeceasedCraft - Urban Zombie Apocalypse\mods}
[00:46:06] [main/INFO]: Found mod file legendarytabs-1.20.1-1.1.3.1.jar of type MOD with provider {mods folder locator at C:\Users\Leandro\curseforge\minecraft\Instances\DeceasedCraft - Urban Zombie Apocalypse\mods}
[00:46:06] [main/INFO]: Found mod file letmedespawn-1.20.x-forge-1.5.0.jar of type MOD with provider {mods folder locator at C:\Users\Leandro\curseforge\minecraft\Instances\DeceasedCraft - Urban Zombie Apocalypse\mods}
[00:46:06] [main/INFO]: Found mod file letsdo-API-forge-1.2.15-forge.jar of type MOD with provider {mods folder locator at C:\Users\Leandro\curseforge\minecraft\Instances\DeceasedCraft - Urban Zombie Apocalypse\mods}
[00:46:06] [main/INFO]: Found mod file letsdo-bakery-forge-1.1.15.jar of type MOD with provider {mods folder locator at C:\Users\Leandro\curseforge\minecraft\Instances\DeceasedCraft - Urban Zombie Apocalypse\mods}
[00:46:06] [main/INFO]: Found mod file letsdo-vinery-forge-1.4.39.jar of type MOD with provider {mods folder locator at C:\Users\Leandro\curseforge\minecraft\Instances\DeceasedCraft - Urban Zombie Apocalypse\mods}
[00:46:06] [main/INFO]: Found mod file lmft-1.0.4+1.20.1-forge.jar of type MOD with provider {mods folder locator at C:\Users\Leandro\curseforge\minecraft\Instances\DeceasedCraft - Urban Zombie Apocalypse\mods}
[00:46:06] [main/INFO]: Found mod file Log-Begone-Forge-1.20.1-1.0.8.jar of type MOD with provider {mods folder locator at C:\Users\Leandro\curseforge\minecraft\Instances\DeceasedCraft - Urban Zombie Apocalypse\mods}
[00:46:06] [main/INFO]: Found mod file LongerChatHistory-1.3-Forge.jar of type MOD with provider {mods folder locator at C:\Users\Leandro\curseforge\minecraft\Instances\DeceasedCraft - Urban Zombie Apocalypse\mods}
[00:46:06] [main/INFO]: Found mod file Loot Journal-forge-1.20.1-5.0.1.jar of type MOD with provider {mods folder locator at C:\Users\Leandro\curseforge\minecraft\Instances\DeceasedCraft - Urban Zombie Apocalypse\mods}
[00:46:06] [main/INFO]: Found mod file lootr-forge-1.20-0.7.35.94.jar of type MOD with provider {mods folder locator at C:\Users\Leandro\curseforge\minecraft\Instances\DeceasedCraft - Urban Zombie Apocalypse\mods}
[00:46:06] [main/INFO]: Found mod file lostcities-1.20-7.4.11.jar of type MOD with provider {mods folder locator at C:\Users\Leandro\curseforge\minecraft\Instances\DeceasedCraft - Urban Zombie Apocalypse\mods}
[00:46:06] [main/INFO]: Found mod file lostradar-1.20-1.1.0.jar of type MOD with provider {mods folder locator at C:\Users\Leandro\curseforge\minecraft\Instances\DeceasedCraft - Urban Zombie Apocalypse\mods}
[00:46:06] [main/INFO]: Found mod file lostsouls-1.20-4.1.6.jar of type MOD with provider {mods folder locator at C:\Users\Leandro\curseforge\minecraft\Instances\DeceasedCraft - Urban Zombie Apocalypse\mods}
[00:46:06] [main/INFO]: Found mod file lostworlds-1.20-0.0.3.jar of type MOD with provider {mods folder locator at C:\Users\Leandro\curseforge\minecraft\Instances\DeceasedCraft - Urban Zombie Apocalypse\mods}
[00:46:06] [main/INFO]: Found mod file mapperbase-1.20.1-6.0.0.0.jar of type MOD with provider {mods folder locator at C:\Users\Leandro\curseforge\minecraft\Instances\DeceasedCraft - Urban Zombie Apocalypse\mods}
[00:46:06] [main/INFO]: Found mod file MaxHealthFix-Forge-1.20.1-12.0.3.jar of type MOD with provider {mods folder locator at C:\Users\Leandro\curseforge\minecraft\Instances\DeceasedCraft - Urban Zombie Apocalypse\mods}
[00:46:06] [main/INFO]: Found mod file mcjtylib-1.20-8.0.7.jar of type MOD with provider {mods folder locator at C:\Users\Leandro\curseforge\minecraft\Instances\DeceasedCraft - Urban Zombie Apocalypse\mods}
[00:46:06] [main/INFO]: Found mod file MCreatorMemFix-1.0.4.jar of type MOD with provider {mods folder locator at C:\Users\Leandro\curseforge\minecraft\Instances\DeceasedCraft - Urban Zombie Apocalypse\mods}
[00:46:06] [main/INFO]: Found mod file MCT-RS-Mixin-1.20.1-1.0.0-b400-release.jar of type MOD with provider {mods folder locator at C:\Users\Leandro\curseforge\minecraft\Instances\DeceasedCraft - Urban Zombie Apocalypse\mods}
[00:46:06] [main/INFO]: Found mod file MEED-1.20.1-6.7.jar of type MOD with provider {mods folder locator at C:\Users\Leandro\curseforge\minecraft\Instances\DeceasedCraft - Urban Zombie Apocalypse\mods}
[00:46:06] [main/INFO]: Found mod file melody_forge_1.0.3_MC_1.20.1-1.20.4.jar of type MOD with provider {mods folder locator at C:\Users\Leandro\curseforge\minecraft\Instances\DeceasedCraft - Urban Zombie Apocalypse\mods}
[00:46:06] [main/INFO]: Found mod file MergeEnchantments-FORGE-1.20.[0-4]-v4.3.jar of type MOD with provider {mods folder locator at C:\Users\Leandro\curseforge\minecraft\Instances\DeceasedCraft - Urban Zombie Apocalypse\mods}
[00:46:06] [main/INFO]: Found mod file MOAdecor ART 1.20.1.jar of type MOD with provider {mods folder locator at C:\Users\Leandro\curseforge\minecraft\Instances\DeceasedCraft - Urban Zombie Apocalypse\mods}
[00:46:06] [main/INFO]: Found mod file MOAdecor BATH 1.20.1.jar of type MOD with provider {mods folder locator at C:\Users\Leandro\curseforge\minecraft\Instances\DeceasedCraft - Urban Zombie Apocalypse\mods}
[00:46:06] [main/INFO]: Found mod file MOAdecor SCIENCE 1.20.1.jar of type MOD with provider {mods folder locator at C:\Users\Leandro\curseforge\minecraft\Instances\DeceasedCraft - Urban Zombie Apocalypse\mods}
[00:46:06] [main/INFO]: Found mod file mobsunscreen-forge-1.20.1-3.1.1.jar of type MOD with provider {mods folder locator at C:\Users\Leandro\curseforge\minecraft\Instances\DeceasedCraft - Urban Zombie Apocalypse\mods}
[00:46:06] [main/INFO]: Found mod file mobtimizations-forge-1.20.1-1.0.0.jar of type MOD with provider {mods folder locator at C:\Users\Leandro\curseforge\minecraft\Instances\DeceasedCraft - Urban Zombie Apocalypse\mods}
[00:46:06] [main/INFO]: Found mod file modelfix-1.15.jar of type MOD with provider {mods folder locator at C:\Users\Leandro\curseforge\minecraft\Instances\DeceasedCraft - Urban Zombie Apocalypse\mods}
[00:46:06] [main/INFO]: Found mod file modernfix-forge-5.25.1+mc1.20.1.jar of type MOD with provider {mods folder locator at C:\Users\Leandro\curseforge\minecraft\Instances\DeceasedCraft - Urban Zombie Apocalypse\mods}
[00:46:06] [main/INFO]: Found mod file moonlight-1.20-2.14.13-forge.jar of type MOD with provider {mods folder locator at C:\Users\Leandro\curseforge\minecraft\Instances\DeceasedCraft - Urban Zombie Apocalypse\mods}
[00:46:06] [main/INFO]: Found mod file MouseTweaks-forge-mc1.20.1-2.25.1.jar of type MOD with provider {mods folder locator at C:\Users\Leandro\curseforge\minecraft\Instances\DeceasedCraft - Urban Zombie Apocalypse\mods}
[00:46:06] [main/INFO]: Found mod file MRU-1.0.4+1.20.1+forge.jar of type MOD with provider {mods folder locator at C:\Users\Leandro\curseforge\minecraft\Instances\DeceasedCraft - Urban Zombie Apocalypse\mods}
[00:46:06] [main/INFO]: Found mod file Nameless Trinkets-1.20.1-1.8.5.jar of type MOD with provider {mods folder locator at C:\Users\Leandro\curseforge\minecraft\Instances\DeceasedCraft - Urban Zombie Apocalypse\mods}
[00:46:06] [main/INFO]: Found mod file nanny-1.0.6.jar of type MOD with provider {mods folder locator at C:\Users\Leandro\curseforge\minecraft\Instances\DeceasedCraft - Urban Zombie Apocalypse\mods}
[00:46:06] [main/INFO]: Found mod file naturalist-5.0pre2+forge-1.20.1.jar of type MOD with provider {mods folder locator at C:\Users\Leandro\curseforge\minecraft\Instances\DeceasedCraft - Urban Zombie Apocalypse\mods}
[00:46:06] [main/INFO]: Found mod file NaturesCompass-1.20.1-1.11.2-forge.jar of type MOD with provider {mods folder locator at C:\Users\Leandro\curseforge\minecraft\Instances\DeceasedCraft - Urban Zombie Apocalypse\mods}
[00:46:06] [main/INFO]: Found mod file Necronomicon-Forge-1.6.0+1.20.1.jar of type MOD with provider {mods folder locator at C:\Users\Leandro\curseforge\minecraft\Instances\DeceasedCraft - Urban Zombie Apocalypse\mods}
[00:46:06] [main/INFO]: Found mod file Not Enough Recipe Book-FORGE-0.4.1+1.20.1.jar of type MOD with provider {mods folder locator at C:\Users\Leandro\curseforge\minecraft\Instances\DeceasedCraft - Urban Zombie Apocalypse\mods}
[00:46:06] [main/INFO]: Found mod file OctoLib-FORGE-0.5.0.1+1.20.1.jar of type MOD with provider {mods folder locator at C:\Users\Leandro\curseforge\minecraft\Instances\DeceasedCraft - Urban Zombie Apocalypse\mods}
[00:46:06] [main/INFO]: Found mod file oculus-mc1.20.1-1.8.0.jar of type MOD with provider {mods folder locator at C:\Users\Leandro\curseforge\minecraft\Instances\DeceasedCraft - Urban Zombie Apocalypse\mods}
[00:46:06] [main/INFO]: Found mod file open-parties-and-claims-forge-1.20.1-0.25.8.jar of type MOD with provider {mods folder locator at C:\Users\Leandro\curseforge\minecraft\Instances\DeceasedCraft - Urban Zombie Apocalypse\mods}
[00:46:06] [main/INFO]: Found mod file packetfixer-3.3.1-1.18-1.20.4-merged.jar of type MOD with provider {mods folder locator at C:\Users\Leandro\curseforge\minecraft\Instances\DeceasedCraft - Urban Zombie Apocalypse\mods}
[00:46:06] [main/INFO]: Found mod file ParCool-1.20.1-3.4.1.5.jar of type MOD with provider {mods folder locator at C:\Users\Leandro\curseforge\minecraft\Instances\DeceasedCraft - Urban Zombie Apocalypse\mods}
[00:46:06] [main/INFO]: Found mod file ParCool-CompatibilityAddon-1.20.1-3.4.1.5-1.1.jar of type MOD with provider {mods folder locator at C:\Users\Leandro\curseforge\minecraft\Instances\DeceasedCraft - Urban Zombie Apocalypse\mods}
[00:46:06] [main/INFO]: Found mod file particular-1.20.1-Forge-1.2.7.jar of type MOD with provider {mods folder locator at C:\Users\Leandro\curseforge\minecraft\Instances\DeceasedCraft - Urban Zombie Apocalypse\mods}
[00:46:06] [main/INFO]: Found mod file Patchouli-1.20.1-84.1-FORGE.jar of type MOD with provider {mods folder locator at C:\Users\Leandro\curseforge\minecraft\Instances\DeceasedCraft - Urban Zombie Apocalypse\mods}
[00:46:06] [main/INFO]: Found mod file pipez-forge-1.20.1-1.2.21.jar of type MOD with provider {mods folder locator at C:\Users\Leandro\curseforge\minecraft\Instances\DeceasedCraft - Urban Zombie Apocalypse\mods}
[00:46:06] [main/INFO]: Found mod file Placebo-1.20.1-8.6.3.jar of type MOD with provider {mods folder locator at C:\Users\Leandro\curseforge\minecraft\Instances\DeceasedCraft - Urban Zombie Apocalypse\mods}
[00:46:06] [main/INFO]: Found mod file player-animation-lib-forge-1.0.2-rc1+1.20.jar of type MOD with provider {mods folder locator at C:\Users\Leandro\curseforge\minecraft\Instances\DeceasedCraft - Urban Zombie Apocalypse\mods}
[00:46:06] [main/INFO]: Found mod file plushie_buddies-0.1.6-1.20.1.jar of type MOD with provider {mods folder locator at C:\Users\Leandro\curseforge\minecraft\Instances\DeceasedCraft - Urban Zombie Apocalypse\mods}
[00:46:06] [main/INFO]: Found mod file polymorph-forge-0.49.10+1.20.1.jar of type MOD with provider {mods folder locator at C:\Users\Leandro\curseforge\minecraft\Instances\DeceasedCraft - Urban Zombie Apocalypse\mods}
[00:46:06] [main/INFO]: Found mod file PresenceFootsteps-1.20.1-1.9.1-beta.1.jar of type MOD with provider {mods folder locator at C:\Users\Leandro\curseforge\minecraft\Instances\DeceasedCraft - Urban Zombie Apocalypse\mods}
[00:46:06] [main/INFO]: Found mod file Pretty Rain-1.20.1-Forge-1.1.3.jar of type MOD with provider {mods folder locator at C:\Users\Leandro\curseforge\minecraft\Instances\DeceasedCraft - Urban Zombie Apocalypse\mods}
[00:46:06] [main/INFO]: Found mod file puffish_attributes-0.7.6-1.20-forge.jar of type MOD with provider {mods folder locator at C:\Users\Leandro\curseforge\minecraft\Instances\DeceasedCraft - Urban Zombie Apocalypse\mods}
[00:46:06] [main/INFO]: Found mod file puffish_skills-0.16.5-1.20-forge.jar of type MOD with provider {mods folder locator at C:\Users\Leandro\curseforge\minecraft\Instances\DeceasedCraft - Urban Zombie Apocalypse\mods}
[00:46:06] [main/INFO]: Found mod file PuzzlesLib-v8.1.32-1.20.1-Forge.jar of type MOD with provider {mods folder locator at C:\Users\Leandro\curseforge\minecraft\Instances\DeceasedCraft - Urban Zombie Apocalypse\mods}
[00:46:06] [main/INFO]: Found mod file Quark-4.0-462.jar of type MOD with provider {mods folder locator at C:\Users\Leandro\curseforge\minecraft\Instances\DeceasedCraft - Urban Zombie Apocalypse\mods}
[00:46:06] [main/INFO]: Found mod file Quest Kill Task-0.2.0+1.20.1-forge.jar of type MOD with provider {mods folder locator at C:\Users\Leandro\curseforge\minecraft\Instances\DeceasedCraft - Urban Zombie Apocalypse\mods}
[00:46:06] [main/INFO]: Found mod file Radars 0.3.5.1-Create6.jar of type MOD with provider {mods folder locator at C:\Users\Leandro\curseforge\minecraft\Instances\DeceasedCraft - Urban Zombie Apocalypse\mods}
[00:46:06] [main/INFO]: Found mod file radium-mc1.20.1-0.12.4+git.26c9d8e.jar of type MOD with provider {mods folder locator at C:\Users\Leandro\curseforge\minecraft\Instances\DeceasedCraft - Urban Zombie Apocalypse\mods}
[00:46:06] [main/INFO]: Found mod file recipeessentials-1.20.1-4.0.jar of type MOD with provider {mods folder locator at C:\Users\Leandro\curseforge\minecraft\Instances\DeceasedCraft - Urban Zombie Apocalypse\mods}
[00:46:06] [main/INFO]: Found mod file redeco-1.14.1-forge-1.20.1.jar of type MOD with provider {mods folder locator at C:\Users\Leandro\curseforge\minecraft\Instances\DeceasedCraft - Urban Zombie Apocalypse\mods}
[00:46:06] [main/INFO]: Found mod file redirected-forge-1.0.0-1.20.1.jar of type MOD with provider {mods folder locator at C:\Users\Leandro\curseforge\minecraft\Instances\DeceasedCraft - Urban Zombie Apocalypse\mods}
[00:46:06] [main/INFO]: Found mod file refinedpolymorph-0.1.1-1.20.1.jar of type MOD with provider {mods folder locator at C:\Users\Leandro\curseforge\minecraft\Instances\DeceasedCraft - Urban Zombie Apocalypse\mods}
[00:46:06] [main/INFO]: Found mod file refinedstorage-1.12.4.jar of type MOD with provider {mods folder locator at C:\Users\Leandro\curseforge\minecraft\Instances\DeceasedCraft - Urban Zombie Apocalypse\mods}
[00:46:06] [main/INFO]: Found mod file refinedstorageaddons-0.10.0.jar of type MOD with provider {mods folder locator at C:\Users\Leandro\curseforge\minecraft\Instances\DeceasedCraft - Urban Zombie Apocalypse\mods}
[00:46:06] [main/INFO]: Found mod file refueled-1.20.1-2.4.2.jar of type MOD with provider {mods folder locator at C:\Users\Leandro\curseforge\minecraft\Instances\DeceasedCraft - Urban Zombie Apocalypse\mods}
[00:46:06] [main/INFO]: Found mod file refurbished_furniture-forge-1.20.1-1.0.20.jar of type MOD with provider {mods folder locator at C:\Users\Leandro\curseforge\minecraft\Instances\DeceasedCraft - Urban Zombie Apocalypse\mods}
[00:46:06] [main/INFO]: Found mod file rhino-forge-2001.2.3-build.10.jar of type MOD with provider {mods folder locator at C:\Users\Leandro\curseforge\minecraft\Instances\DeceasedCraft - Urban Zombie Apocalypse\mods}
[00:46:06] [main/INFO]: Found mod file ritchiesprojectilelib-2.1.0+mc.1.20.1-forge.jar of type MOD with provider {mods folder locator at C:\Users\Leandro\curseforge\minecraft\Instances\DeceasedCraft - Urban Zombie Apocalypse\mods}
[00:46:06] [main/INFO]: Found mod file saturn-mc1.20.1-0.1.3.jar of type MOD with provider {mods folder locator at C:\Users\Leandro\curseforge\minecraft\Instances\DeceasedCraft - Urban Zombie Apocalypse\mods}
[00:46:06] [main/INFO]: Found mod file scholar-1.20.1-1.1.5.1-forge.jar of type MOD with provider {mods folder locator at C:\Users\Leandro\curseforge\minecraft\Instances\DeceasedCraft - Urban Zombie Apocalypse\mods}
[00:46:06] [main/INFO]: Found mod file Searchables-forge-1.20.1-1.0.3.jar of type MOD with provider {mods folder locator at C:\Users\Leandro\curseforge\minecraft\Instances\DeceasedCraft - Urban Zombie Apocalypse\mods}
[00:46:06] [main/INFO]: Found mod file SereneSeasons-forge-1.20.1-9.1.0.2.jar of type MOD with provider {mods folder locator at C:\Users\Leandro\curseforge\minecraft\Instances\DeceasedCraft - Urban Zombie Apocalypse\mods}
[00:46:06] [main/INFO]: Found mod file shotsfired-1.20.1-0.2.2.jar of type MOD with provider {mods folder locator at C:\Users\Leandro\curseforge\minecraft\Instances\DeceasedCraft - Urban Zombie Apocalypse\mods}
[00:46:06] [main/INFO]: Found mod file ShoulderSurfing-Forge-1.20.1-4.15.0.jar of type MOD with provider {mods folder locator at C:\Users\Leandro\curseforge\minecraft\Instances\DeceasedCraft - Urban Zombie Apocalypse\mods}
[00:46:06] [main/INFO]: Found mod file simpleplanes-1.20.1-5.3.3.jar of type MOD with provider {mods folder locator at C:\Users\Leandro\curseforge\minecraft\Instances\DeceasedCraft - Urban Zombie Apocalypse\mods}
[00:46:06] [main/INFO]: Found mod file simplylight-1.20.1-1.4.6-build.50.jar of type MOD with provider {mods folder locator at C:\Users\Leandro\curseforge\minecraft\Instances\DeceasedCraft - Urban Zombie Apocalypse\mods}
[00:46:06] [main/INFO]: Found mod file smoothboot(reloaded)-mc1.20.1-0.0.4.jar of type MOD with provider {mods folder locator at C:\Users\Leandro\curseforge\minecraft\Instances\DeceasedCraft - Urban Zombie Apocalypse\mods}
[00:46:06] [main/INFO]: Found mod file smoothchunk-1.20.1-4.1.jar of type MOD with provider {mods folder locator at C:\Users\Leandro\curseforge\minecraft\Instances\DeceasedCraft - Urban Zombie Apocalypse\mods}
[00:46:06] [main/INFO]: Found mod file sodiumdynamiclights-forge-1.0.10-1.20.1.jar of type MOD with provider {mods folder locator at C:\Users\Leandro\curseforge\minecraft\Instances\DeceasedCraft - Urban Zombie Apocalypse\mods}
[00:46:06] [main/INFO]: Found mod file sodiumextras-forge-1.0.7-1.20.1.jar of type MOD with provider {mods folder locator at C:\Users\Leandro\curseforge\minecraft\Instances\DeceasedCraft - Urban Zombie Apocalypse\mods}
[00:46:06] [main/INFO]: Found mod file sodiumoptionsapi-forge-1.0.10-1.20.1.jar of type MOD with provider {mods folder locator at C:\Users\Leandro\curseforge\minecraft\Instances\DeceasedCraft - Urban Zombie Apocalypse\mods}
[00:46:06] [main/INFO]: Found mod file solcarrot-1.20.1-1.15.1.jar of type MOD with provider {mods folder locator at C:\Users\Leandro\curseforge\minecraft\Instances\DeceasedCraft - Urban Zombie Apocalypse\mods}
[00:46:06] [main/INFO]: Found mod file sophisticatedbackpacks-1.20.1-3.24.10.1404.jar of type MOD with provider {mods folder locator at C:\Users\Leandro\curseforge\minecraft\Instances\DeceasedCraft - Urban Zombie Apocalypse\mods}
[00:46:06] [main/INFO]: Found mod file sophisticatedcore-1.20.1-1.2.106.1235.jar of type MOD with provider {mods folder locator at C:\Users\Leandro\curseforge\minecraft\Instances\DeceasedCraft - Urban Zombie Apocalypse\mods}
[00:46:06] [main/INFO]: Found mod file sound-physics-remastered-forge-1.20.1-1.4.10.jar of type MOD with provider {mods folder locator at C:\Users\Leandro\curseforge\minecraft\Instances\DeceasedCraft - Urban Zombie Apocalypse\mods}
[00:46:06] [main/INFO]: Found mod file soundofrain-0.5.0.jar of type MOD with provider {mods folder locator at C:\Users\Leandro\curseforge\minecraft\Instances\DeceasedCraft - Urban Zombie Apocalypse\mods}
[00:46:06] [main/INFO]: Found mod file Sounds-2.2.1+1.20.1+forge.jar of type MOD with provider {mods folder locator at C:\Users\Leandro\curseforge\minecraft\Instances\DeceasedCraft - Urban Zombie Apocalypse\mods}
[00:46:06] [main/INFO]: Found mod file spacecatasb-forge-20.14.0.jar of type MOD with provider {mods folder locator at C:\Users\Leandro\curseforge\minecraft\Instances\DeceasedCraft - Urban Zombie Apocalypse\mods}
[00:46:06] [main/INFO]: Found mod file spark-1.10.53-forge.jar of type MOD with provider {mods folder locator at C:\Users\Leandro\curseforge\minecraft\Instances\DeceasedCraft - Urban Zombie Apocalypse\mods}
[00:46:06] [main/INFO]: Found mod file SpawnerControl-forge-1.20.[1-4]-v1.3.jar of type MOD with provider {mods folder locator at C:\Users\Leandro\curseforge\minecraft\Instances\DeceasedCraft - Urban Zombie Apocalypse\mods}
[00:46:06] [main/INFO]: Found mod file spore_2.1.5c_1.20.1.jar of type MOD with provider {mods folder locator at C:\Users\Leandro\curseforge\minecraft\Instances\DeceasedCraft - Urban Zombie Apocalypse\mods}
[00:46:06] [main/INFO]: Found mod file Stackable Potions-forge-1.20.1-1.0.0.jar of type MOD with provider {mods folder locator at C:\Users\Leandro\curseforge\minecraft\Instances\DeceasedCraft - Urban Zombie Apocalypse\mods}
[00:46:06] [main/INFO]: Found mod file starterkit-1.20.1-7.4.jar of type MOD with provider {mods folder locator at C:\Users\Leandro\curseforge\minecraft\Instances\DeceasedCraft - Urban Zombie Apocalypse\mods}
[00:46:06] [main/INFO]: Found mod file StorageDrawers-1.20.1-12.9.14.jar of type MOD with provider {mods folder locator at C:\Users\Leandro\curseforge\minecraft\Instances\DeceasedCraft - Urban Zombie Apocalypse\mods}
[00:46:06] [main/INFO]: Found mod file StylishEffects-v8.0.2-1.20.1-Forge.jar of type MOD with provider {mods folder locator at C:\Users\Leandro\curseforge\minecraft\Instances\DeceasedCraft - Urban Zombie Apocalypse\mods}
[00:46:06] [main/INFO]: Found mod file supermartijn642configlib-1.1.8-forge-mc1.20.jar of type MOD with provider {mods folder locator at C:\Users\Leandro\curseforge\minecraft\Instances\DeceasedCraft - Urban Zombie Apocalypse\mods}
[00:46:06] [main/INFO]: Found mod file supermartijn642corelib-1.1.18-forge-mc1.20.1.jar of type MOD with provider {mods folder locator at C:\Users\Leandro\curseforge\minecraft\Instances\DeceasedCraft - Urban Zombie Apocalypse\mods}
[00:46:06] [main/INFO]: Found mod file tacz-1.20.1-1.1.6-hotfix.jar of type MOD with provider {mods folder locator at C:\Users\Leandro\curseforge\minecraft\Instances\DeceasedCraft - Urban Zombie Apocalypse\mods}
[00:46:06] [main/INFO]: Found mod file tacz-tweaks-2.10.0-all.jar of type MOD with provider {mods folder locator at C:\Users\Leandro\curseforge\minecraft\Instances\DeceasedCraft - Urban Zombie Apocalypse\mods}
[00:46:06] [main/INFO]: Found mod file taczammoquery-1.20.1-1.0.0.jar of type MOD with provider {mods folder locator at C:\Users\Leandro\curseforge\minecraft\Instances\DeceasedCraft - Urban Zombie Apocalypse\mods}
[00:46:06] [main/INFO]: Found mod file TaxFreeLevels-1.4.14-forge-1.20.1.jar of type MOD with provider {mods folder locator at C:\Users\Leandro\curseforge\minecraft\Instances\DeceasedCraft - Urban Zombie Apocalypse\mods}
[00:46:06] [main/INFO]: Found mod file TerraBlender-forge-1.20.1-3.0.1.10.jar of type MOD with provider {mods folder locator at C:\Users\Leandro\curseforge\minecraft\Instances\DeceasedCraft - Urban Zombie Apocalypse\mods}
[00:46:06] [main/INFO]: Found mod file TexelsPaintings-forge-1.20.1-10.3.1.jar of type MOD with provider {mods folder locator at C:\Users\Leandro\curseforge\minecraft\Instances\DeceasedCraft - Urban Zombie Apocalypse\mods}
[00:46:06] [main/INFO]: Found mod file Texture-Locale-Redirector-forge-1.20.1+1.6.0.jar of type MOD with provider {mods folder locator at C:\Users\Leandro\curseforge\minecraft\Instances\DeceasedCraft - Urban Zombie Apocalypse\mods}
[00:46:06] [main/INFO]: Found mod file The-Hordes-1.20.1-1.5.4c.jar of type MOD with provider {mods folder locator at C:\Users\Leandro\curseforge\minecraft\Instances\DeceasedCraft - Urban Zombie Apocalypse\mods}
[00:46:06] [main/INFO]: Found mod file theoneprobe-1.20.1-10.0.3.jar of type MOD with provider {mods folder locator at C:\Users\Leandro\curseforge\minecraft\Instances\DeceasedCraft - Urban Zombie Apocalypse\mods}
[00:46:06] [main/INFO]: Found mod file THEUNDEADREVAMPED_1.9O_1.20.1.jar of type MOD with provider {mods folder locator at C:\Users\Leandro\curseforge\minecraft\Instances\DeceasedCraft - Urban Zombie Apocalypse\mods}
[00:46:06] [main/INFO]: Found mod file ThisRocks-1.20.1-1.5.1.jar of type MOD with provider {mods folder locator at C:\Users\Leandro\curseforge\minecraft\Instances\DeceasedCraft - Urban Zombie Apocalypse\mods}
[00:46:06] [main/INFO]: Found mod file toofast-1.20-0.4.3.5.jar of type MOD with provider {mods folder locator at C:\Users\Leandro\curseforge\minecraft\Instances\DeceasedCraft - Urban Zombie Apocalypse\mods}
[00:46:06] [main/INFO]: Found mod file tp_shooting-1.20.1-5.1.1+tacz1.1.6-all.jar of type MOD with provider {mods folder locator at C:\Users\Leandro\curseforge\minecraft\Instances\DeceasedCraft - Urban Zombie Apocalypse\mods}
[00:46:06] [main/INFO]: Found mod file trashcans-1.0.18b-forge-mc1.20.jar of type MOD with provider {mods folder locator at C:\Users\Leandro\curseforge\minecraft\Instances\DeceasedCraft - Urban Zombie Apocalypse\mods}
[00:46:06] [main/INFO]: Found mod file trashslot-forge-1.20-15.1.2.jar of type MOD with provider {mods folder locator at C:\Users\Leandro\curseforge\minecraft\Instances\DeceasedCraft - Urban Zombie Apocalypse\mods}
[00:46:06] [main/INFO]: Found mod file TravelersTitles-1.20-Forge-4.0.2.jar of type MOD with provider {mods folder locator at C:\Users\Leandro\curseforge\minecraft\Instances\DeceasedCraft - Urban Zombie Apocalypse\mods}
[00:46:06] [main/INFO]: Found mod file treeharvester-1.20.1-9.1.jar of type MOD with provider {mods folder locator at C:\Users\Leandro\curseforge\minecraft\Instances\DeceasedCraft - Urban Zombie Apocalypse\mods}
[00:46:06] [main/INFO]: Found mod file txnilib-forge-1.0.23-1.20.1.jar of type MOD with provider {mods folder locator at C:\Users\Leandro\curseforge\minecraft\Instances\DeceasedCraft - Urban Zombie Apocalypse\mods}
[00:46:06] [main/INFO]: Found mod file UniLib-1.2.0+1.20.1-forge.jar of type MOD with provider {mods folder locator at C:\Users\Leandro\curseforge\minecraft\Instances\DeceasedCraft - Urban Zombie Apocalypse\mods}
[00:46:06] [main/INFO]: Found mod file v_slab_compat-1.20-2.5.jar of type MOD with provider {mods folder locator at C:\Users\Leandro\curseforge\minecraft\Instances\DeceasedCraft - Urban Zombie Apocalypse\mods}
[00:46:06] [main/INFO]: Found mod file vanilla_music_discs-1.6-forge-1.20.1.jar of type MOD with provider {mods folder locator at C:\Users\Leandro\curseforge\minecraft\Instances\DeceasedCraft - Urban Zombie Apocalypse\mods}
[00:46:06] [main/INFO]: Found mod file vanillin-forge-1.20.1-1.1.3.jar of type MOD with provider {mods folder locator at C:\Users\Leandro\curseforge\minecraft\Instances\DeceasedCraft - Urban Zombie Apocalypse\mods}
[00:46:06] [main/INFO]: Found mod file voicechat-forge-1.20.1-2.5.34.jar of type MOD with provider {mods folder locator at C:\Users\Leandro\curseforge\minecraft\Instances\DeceasedCraft - Urban Zombie Apocalypse\mods}
[00:46:06] [main/INFO]: Found mod file watut-forge-1.20.1-1.2.3.jar of type MOD with provider {mods folder locator at C:\Users\Leandro\curseforge\minecraft\Instances\DeceasedCraft - Urban Zombie Apocalypse\mods}
[00:46:06] [main/INFO]: Found mod file weaponthrow-1.20.1-6.0-beta.1.jar of type MOD with provider {mods folder locator at C:\Users\Leandro\curseforge\minecraft\Instances\DeceasedCraft - Urban Zombie Apocalypse\mods}
[00:46:06] [main/INFO]: Found mod file wormhole-1.1.16-forge-mc1.20.jar of type MOD with provider {mods folder locator at C:\Users\Leandro\curseforge\minecraft\Instances\DeceasedCraft - Urban Zombie Apocalypse\mods}
[00:46:06] [main/INFO]: Found mod file Xaeros_Minimap_25.2.10_Forge_1.20.jar of type MOD with provider {mods folder locator at C:\Users\Leandro\curseforge\minecraft\Instances\DeceasedCraft - Urban Zombie Apocalypse\mods}
[00:46:06] [main/INFO]: Found mod file XaerosWorldMap_1.39.12_Forge_1.20.jar of type MOD with provider {mods folder locator at C:\Users\Leandro\curseforge\minecraft\Instances\DeceasedCraft - Urban Zombie Apocalypse\mods}
[00:46:06] [main/INFO]: Found mod file xptome-1.20.1-2.2.1.jar of type MOD with provider {mods folder locator at C:\Users\Leandro\curseforge\minecraft\Instances\DeceasedCraft - Urban Zombie Apocalypse\mods}
[00:46:06] [main/INFO]: Found mod file YeetusExperimentus-Forge-2.3.1-build.6+mc1.20.1.jar of type MOD with provider {mods folder locator at C:\Users\Leandro\curseforge\minecraft\Instances\DeceasedCraft - Urban Zombie Apocalypse\mods}
[00:46:06] [main/INFO]: Found mod file yet_another_config_lib_v3-3.6.6+1.20.1-forge.jar of type MOD with provider {mods folder locator at C:\Users\Leandro\curseforge\minecraft\Instances\DeceasedCraft - Urban Zombie Apocalypse\mods}
[00:46:06] [main/INFO]: Found mod file ytongame_hostingmenu-1.0.1.jar of type MOD with provider {mods folder locator at C:\Users\Leandro\curseforge\minecraft\Instances\DeceasedCraft - Urban Zombie Apocalypse\mods}
[00:46:06] [main/INFO]: Found mod file YungsApi-1.20-Forge-4.0.6.jar of type MOD with provider {mods folder locator at C:\Users\Leandro\curseforge\minecraft\Instances\DeceasedCraft - Urban Zombie Apocalypse\mods}
[00:46:06] [main/INFO]: Found mod file ZeroCore2-1.20.1-2.1.47.jar of type MOD with provider {mods folder locator at C:\Users\Leandro\curseforge\minecraft\Instances\DeceasedCraft - Urban Zombie Apocalypse\mods}
[00:46:06] [main/INFO]: Found mod file Zeta-1.0-31.jar of type MOD with provider {mods folder locator at C:\Users\Leandro\curseforge\minecraft\Instances\DeceasedCraft - Urban Zombie Apocalypse\mods}
[00:46:06] [main/INFO]: Found mod file Zombie Extreme 1.20.1 0.2.6.jar of type MOD with provider {mods folder locator at C:\Users\Leandro\curseforge\minecraft\Instances\DeceasedCraft - Urban Zombie Apocalypse\mods}
[00:46:06] [main/INFO]: Found mod file zombieawareness-1.20.1-1.13.1.jar of type MOD with provider {mods folder locator at C:\Users\Leandro\curseforge\minecraft\Instances\DeceasedCraft - Urban Zombie Apocalypse\mods}
[00:46:06] [main/WARN]: Mod file C:\Users\Leandro\curseforge\minecraft\Install\libraries\net\minecraftforge\fmlcore\1.20.1-47.4.0\fmlcore-1.20.1-47.4.0.jar is missing mods.toml file
[00:46:06] [main/WARN]: Mod file C:\Users\Leandro\curseforge\minecraft\Install\libraries\net\minecraftforge\javafmllanguage\1.20.1-47.4.0\javafmllanguage-1.20.1-47.4.0.jar is missing mods.toml file
[00:46:06] [main/WARN]: Mod file C:\Users\Leandro\curseforge\minecraft\Install\libraries\net\minecraftforge\lowcodelanguage\1.20.1-47.4.0\lowcodelanguage-1.20.1-47.4.0.jar is missing mods.toml file
[00:46:06] [main/WARN]: Mod file C:\Users\Leandro\curseforge\minecraft\Install\libraries\net\minecraftforge\mclanguage\1.20.1-47.4.0\mclanguage-1.20.1-47.4.0.jar is missing mods.toml file
[00:46:06] [main/INFO]: Found mod file fmlcore-1.20.1-47.4.0.jar of type LIBRARY with provider net.minecraftforge.fml.loading.moddiscovery.MinecraftLocator@869d87c
[00:46:06] [main/INFO]: Found mod file javafmllanguage-1.20.1-47.4.0.jar of type LANGPROVIDER with provider net.minecraftforge.fml.loading.moddiscovery.MinecraftLocator@869d87c
[00:46:06] [main/INFO]: Found mod file lowcodelanguage-1.20.1-47.4.0.jar of type LANGPROVIDER with provider net.minecraftforge.fml.loading.moddiscovery.MinecraftLocator@869d87c
[00:46:06] [main/INFO]: Found mod file mclanguage-1.20.1-47.4.0.jar of type LANGPROVIDER with provider net.minecraftforge.fml.loading.moddiscovery.MinecraftLocator@869d87c
[00:46:06] [main/INFO]: Found mod file client-1.20.1-20230612.114412-srg.jar of type MOD with provider net.minecraftforge.fml.loading.moddiscovery.MinecraftLocator@869d87c
[00:46:06] [main/INFO]: Found mod file forge-1.20.1-47.4.0-universal.jar of type MOD with provider net.minecraftforge.fml.loading.moddiscovery.MinecraftLocator@869d87c
[00:46:06] [main/INFO]: Found mod file crash_assistant-forge.jar of type MOD with provider dev.kostromdan.mods.crash_assistant.core_mod.services.CrashAssistantDependencyLocator@5a0bef24
[00:46:07] [main/WARN]: Attempted to select two dependency jars from JarJar which have the same identification: Mod File:  and Mod File: . Using Mod File: 
[00:46:07] [main/WARN]: Attempted to select a dependency jar for JarJar which was passed in as source: fabric_api. Using Mod File: C:\Users\Leandro\curseforge\minecraft\Instances\DeceasedCraft - Urban Zombie Apocalypse\mods\fabric-api-0.92.6+1.11.14+1.20.1.jar
[00:46:07] [main/WARN]: Attempted to select a dependency jar for JarJar which was passed in as source: architectury. Using Mod File: C:\Users\Leandro\curseforge\minecraft\Instances\DeceasedCraft - Urban Zombie Apocalypse\mods\architectury-9.2.14-forge.jar
[00:46:07] [main/WARN]: Attempted to select a dependency jar for JarJar which was passed in as source: yet_another_config_lib_v3. Using Mod File: C:\Users\Leandro\curseforge\minecraft\Instances\DeceasedCraft - Urban Zombie Apocalypse\mods\yet_another_config_lib_v3-3.6.6+1.20.1-forge.jar
[00:46:07] [main/WARN]: Attempted to select a dependency jar for JarJar which was passed in as source: expandability. Using Mod File: C:\Users\Leandro\curseforge\minecraft\Instances\DeceasedCraft - Urban Zombie Apocalypse\mods\expandability-9.0.4.jar
[00:46:07] [main/INFO]: Found 91 dependencies adding them to mods collection
[00:46:07] [main/INFO]: Found mod file fabric-dimensions-v1-2.1.55+8005d10d77.jar of type MOD with provider net.minecraftforge.fml.loading.moddiscovery.JarInJarDependencyLocator@1a2e563e
[00:46:07] [main/INFO]: Found mod file fabric-transfer-api-v1-3.3.6+631c9cd677.jar of type MOD with provider net.minecraftforge.fml.loading.moddiscovery.JarInJarDependencyLocator@1a2e563e
[00:46:07] [main/INFO]: Found mod file kuma-api-forge-20.1.10+1.20.1.jar of type MOD with provider net.minecraftforge.fml.loading.moddiscovery.JarInJarDependencyLocator@1a2e563e
[00:46:07] [main/INFO]: Found mod file caffeine-3.1.8.jar of type GAMELIBRARY with provider net.minecraftforge.fml.loading.moddiscovery.JarInJarDependencyLocator@1a2e563e
[00:46:07] [main/INFO]: Found mod file fabric-renderer-api-v1-3.2.2+cf68abbe77.jar of type MOD with provider net.minecraftforge.fml.loading.moddiscovery.JarInJarDependencyLocator@1a2e563e
[00:46:07] [main/INFO]: Found mod file MixinExtras-0.5.0.jar of type GAMELIBRARY with provider net.minecraftforge.fml.loading.moddiscovery.JarInJarDependencyLocator@1a2e563e
[00:46:07] [main/INFO]: Found mod file kfflang-4.11.0.jar of type LANGPROVIDER with provider net.minecraftforge.fml.loading.moddiscovery.JarInJarDependencyLocator@1a2e563e
[00:46:07] [main/INFO]: Found mod file Ponder-Forge-1.20.1-1.0.80.jar of type MOD with provider net.minecraftforge.fml.loading.moddiscovery.JarInJarDependencyLocator@1a2e563e
[00:46:07] [main/INFO]: Found mod file fabric-model-loading-api-v1-1.0.4+6274ab9d77.jar of type MOD with provider net.minecraftforge.fml.loading.moddiscovery.JarInJarDependencyLocator@1a2e563e
[00:46:07] [main/INFO]: Found mod file fabric-item-api-v1-2.1.29+4d0bbcfa77.jar of type MOD with provider net.minecraftforge.fml.loading.moddiscovery.JarInJarDependencyLocator@1a2e563e
[00:46:07] [main/INFO]: Found mod file imageio-webp-3.12.0.jar of type GAMELIBRARY with provider net.minecraftforge.fml.loading.moddiscovery.JarInJarDependencyLocator@1a2e563e
[00:46:07] [main/INFO]: Found mod file fabric-rendering-fluids-v1-3.0.29+4ac5e37a77.jar of type MOD with provider net.minecraftforge.fml.loading.moddiscovery.JarInJarDependencyLocator@1a2e563e
[00:46:07] [main/INFO]: Found mod file fabric-screen-handler-api-v1-1.3.33+561530ec77.jar of type MOD with provider net.minecraftforge.fml.loading.moddiscovery.JarInJarDependencyLocator@1a2e563e
[00:46:07] [main/INFO]: Found mod file fabric-resource-loader-v0-0.11.12+4b4151c077.jar of type MOD with provider net.minecraftforge.fml.loading.moddiscovery.JarInJarDependencyLocator@1a2e563e
[00:46:07] [main/INFO]: Found mod file mclib-20.jar of type GAMELIBRARY with provider net.minecraftforge.fml.loading.moddiscovery.JarInJarDependencyLocator@1a2e563e
[00:46:07] [main/INFO]: Found mod file fabric-models-v0-0.4.3+7c3892a477.jar of type MOD with provider net.minecraftforge.fml.loading.moddiscovery.JarInJarDependencyLocator@1a2e563e
[00:46:07] [main/INFO]: Found mod file snakeyaml-2.2.jar of type GAMELIBRARY with provider net.minecraftforge.fml.loading.moddiscovery.JarInJarDependencyLocator@1a2e563e
[00:46:07] [main/INFO]: Found mod file TRender-1.0.10-1.20.1-forge-SNAPSHOT.jar of type MOD with provider net.minecraftforge.fml.loading.moddiscovery.JarInJarDependencyLocator@1a2e563e
[00:46:07] [main/INFO]: Found mod file fabric-rendering-v1-3.0.9+66e9a48f77.jar of type MOD with provider net.minecraftforge.fml.loading.moddiscovery.JarInJarDependencyLocator@1a2e563e
[00:46:07] [main/INFO]: Found mod file caffeine-coroutines-1.2.1.jar of type GAMELIBRARY with provider net.minecraftforge.fml.loading.moddiscovery.JarInJarDependencyLocator@1a2e563e
[00:46:07] [main/INFO]: Found mod file fabric-renderer-indigo-1.5.3+b5b2da4177.jar of type MOD with provider net.minecraftforge.fml.loading.moddiscovery.JarInJarDependencyLocator@1a2e563e
[00:46:07] [main/INFO]: Found mod file fabric-convention-tags-v1-1.5.6+fa3d1c0177.jar of type MOD with provider net.minecraftforge.fml.loading.moddiscovery.JarInJarDependencyLocator@1a2e563e
[00:46:07] [main/INFO]: Found mod file fabric-command-api-v1-1.2.35+f71b366f77.jar of type MOD with provider net.minecraftforge.fml.loading.moddiscovery.JarInJarDependencyLocator@1a2e563e
[00:46:07] [main/INFO]: Found mod file fabric-mining-level-api-v1-2.1.52+561530ec77.jar of type MOD with provider net.minecraftforge.fml.loading.moddiscovery.JarInJarDependencyLocator@1a2e563e
[00:46:07] [main/INFO]: Found mod file imageio-core-3.12.0.jar of type GAMELIBRARY with provider net.minecraftforge.fml.loading.moddiscovery.JarInJarDependencyLocator@1a2e563e
[00:46:07] [main/INFO]: Found mod file fabric-command-api-v2-2.2.14+561530ec77.jar of type MOD with provider net.minecraftforge.fml.loading.moddiscovery.JarInJarDependencyLocator@1a2e563e
[00:46:07] [main/INFO]: Found mod file fabric-block-view-api-v2-1.0.3+53347ba977.jar of type MOD with provider net.minecraftforge.fml.loading.moddiscovery.JarInJarDependencyLocator@1a2e563e
[00:46:07] [main/INFO]: Found mod file fabric-data-attachment-api-v1-1.0.2+30ef839e77.jar of type MOD with provider net.minecraftforge.fml.loading.moddiscovery.JarInJarDependencyLocator@1a2e563e
[00:46:07] [main/INFO]: Found mod file Reflect-1.5.0.jar of type GAMELIBRARY with provider net.minecraftforge.fml.loading.moddiscovery.JarInJarDependencyLocator@1a2e563e
[00:46:07] [main/INFO]: Found mod file luaj-jse-3.0.8-figura.jar of type GAMELIBRARY with provider net.minecraftforge.fml.loading.moddiscovery.JarInJarDependencyLocator@1a2e563e
[00:46:07] [main/INFO]: Found mod file mixinextras-forge-0.2.0.jar of type GAMELIBRARY with provider net.minecraftforge.fml.loading.moddiscovery.JarInJarDependencyLocator@1a2e563e
[00:46:07] [main/INFO]: Found mod file common-lang-3.12.0.jar of type GAMELIBRARY with provider net.minecraftforge.fml.loading.moddiscovery.JarInJarDependencyLocator@1a2e563e
[00:46:07] [main/INFO]: Found mod file midnightlib-1.4.2-forge.jar of type MOD with provider net.minecraftforge.fml.loading.moddiscovery.JarInJarDependencyLocator@1a2e563e
[00:46:07] [main/INFO]: Found mod file fabric-screen-api-v1-2.0.9+45a670a577.jar of type MOD with provider net.minecraftforge.fml.loading.moddiscovery.JarInJarDependencyLocator@1a2e563e
[00:46:07] [main/INFO]: Found mod file animated-gif-lib-for-java-animated-gif-lib-1.7.jar of type GAMELIBRARY with provider net.minecraftforge.fml.loading.moddiscovery.JarInJarDependencyLocator@1a2e563e
[00:46:07] [main/INFO]: Found mod file Connector-1.0.0-beta.47+1.20.1-fabricloader.jar of type LIBRARY with provider net.minecraftforge.fml.loading.moddiscovery.JarInJarDependencyLocator@1a2e563e
[00:46:07] [main/INFO]: Found mod file gson-0.2.1.jar of type GAMELIBRARY with provider net.minecraftforge.fml.loading.moddiscovery.JarInJarDependencyLocator@1a2e563e
[00:46:07] [main/INFO]: Found mod file fabric-particles-v1-1.1.3+78e1ecb877.jar of type MOD with provider net.minecraftforge.fml.loading.moddiscovery.JarInJarDependencyLocator@1a2e563e
[00:46:07] [main/INFO]: Found mod file puzzlesaccessapi-forge-20.1.1.jar of type MOD with provider net.minecraftforge.fml.loading.moddiscovery.JarInJarDependencyLocator@1a2e563e
[00:46:07] [main/INFO]: Found mod file fabric-content-registries-v0-4.0.13+a670df1e77.jar of type MOD with provider net.minecraftforge.fml.loading.moddiscovery.JarInJarDependencyLocator@1a2e563e
[00:46:07] [main/INFO]: Found mod file fabric-transitive-access-wideners-v1-4.3.2+1880499877.jar of type MOD with provider net.minecraftforge.fml.loading.moddiscovery.JarInJarDependencyLocator@1a2e563e
[00:46:07] [main/INFO]: Found mod file hash4j-0.21.0.jar of type GAMELIBRARY with provider net.minecraftforge.fml.loading.moddiscovery.JarInJarDependencyLocator@1a2e563e
[00:46:07] [main/INFO]: Found mod file NanoLiveConfig-1.2.1.jar of type GAMELIBRARY with provider net.minecraftforge.fml.loading.moddiscovery.JarInJarDependencyLocator@1a2e563e
[00:46:07] [main/INFO]: Found mod file bcel-6.6.1.jar of type GAMELIBRARY with provider net.minecraftforge.fml.loading.moddiscovery.JarInJarDependencyLocator@1a2e563e
[00:46:07] [main/INFO]: Found mod file fabric-game-rule-api-v1-1.0.41+683d4da877.jar of type MOD with provider net.minecraftforge.fml.loading.moddiscovery.JarInJarDependencyLocator@1a2e563e
[00:46:07] [main/INFO]: Found mod file jankson-1.2.1.jar of type GAMELIBRARY with provider net.minecraftforge.fml.loading.moddiscovery.JarInJarDependencyLocator@1a2e563e
[00:46:07] [main/INFO]: Found mod file fabric-api-base-0.4.32+ef105b4977.jar of type MOD with provider net.minecraftforge.fml.loading.moddiscovery.JarInJarDependencyLocator@1a2e563e
[00:46:07] [main/INFO]: Found mod file runtime-1.0.0+1.20.1.jar of type GAMELIBRARY with provider net.minecraftforge.fml.loading.moddiscovery.JarInJarDependencyLocator@1a2e563e
[00:46:07] [main/INFO]: Found mod file fabric-api-lookup-api-v1-1.6.37+67f9824077.jar of type MOD with provider net.minecraftforge.fml.loading.moddiscovery.JarInJarDependencyLocator@1a2e563e
[00:46:07] [main/INFO]: Found mod file fabric-blockrenderlayer-v1-1.1.42+1d0da21e77.jar of type MOD with provider net.minecraftforge.fml.loading.moddiscovery.JarInJarDependencyLocator@1a2e563e
[00:46:07] [main/INFO]: Found mod file mixinsquared-forge-0.3.6-beta.1.jar of type GAMELIBRARY with provider net.minecraftforge.fml.loading.moddiscovery.JarInJarDependencyLocator@1a2e563e
[00:46:07] [main/INFO]: Found mod file mixinextras-forge-0.5.0.jar of type GAMELIBRARY with provider net.minecraftforge.fml.loading.moddiscovery.JarInJarDependencyLocator@1a2e563e
[00:46:07] [main/INFO]: Found mod file common-io-3.12.0.jar of type GAMELIBRARY with provider net.minecraftforge.fml.loading.moddiscovery.JarInJarDependencyLocator@1a2e563e
[00:46:07] [main/INFO]: Found mod file Registrate-MC1.20-1.3.3.jar of type GAMELIBRARY with provider net.minecraftforge.fml.loading.moddiscovery.JarInJarDependencyLocator@1a2e563e
[00:46:07] [main/INFO]: Found mod file MixinSquared-0.3.6-beta.1.jar of type GAMELIBRARY with provider net.minecraftforge.fml.loading.moddiscovery.JarInJarDependencyLocator@1a2e563e
[00:46:07] [main/INFO]: Found mod file json-0.2.1.jar of type GAMELIBRARY with provider net.minecraftforge.fml.loading.moddiscovery.JarInJarDependencyLocator@1a2e563e
[00:46:07] [main/INFO]: Found mod file fabric-block-api-v1-1.0.12+0e6cb7f777.jar of type MOD with provider net.minecraftforge.fml.loading.moddiscovery.JarInJarDependencyLocator@1a2e563e
[00:46:07] [main/INFO]: Found mod file spectrelib-forge-0.13.17+1.20.1.jar of type MOD with provider net.minecraftforge.fml.loading.moddiscovery.JarInJarDependencyLocator@1a2e563e
[00:46:07] [main/INFO]: Found mod file httpmime-4.5.10.jar of type GAMELIBRARY with provider net.minecraftforge.fml.loading.moddiscovery.JarInJarDependencyLocator@1a2e563e
[00:46:07] [main/INFO]: Found mod file fabric-resource-conditions-api-v1-2.3.9+996d00b277.jar of type MOD with provider net.minecraftforge.fml.loading.moddiscovery.JarInJarDependencyLocator@1a2e563e
[00:46:07] [main/INFO]: Found mod file kffmod-4.11.0.jar of type MOD with provider net.minecraftforge.fml.loading.moddiscovery.JarInJarDependencyLocator@1a2e563e
[00:46:07] [main/INFO]: Found mod file kfflib-4.11.0.jar of type GAMELIBRARY with provider net.minecraftforge.fml.loading.moddiscovery.JarInJarDependencyLocator@1a2e563e
[00:46:07] [main/INFO]: Found mod file flywheel-forge-1.20.1-1.0.4.jar of type MOD with provider net.minecraftforge.fml.loading.moddiscovery.JarInJarDependencyLocator@1a2e563e
[00:46:07] [main/INFO]: Found mod file fabric-item-group-api-v1-4.0.14+c9161c2d77.jar of type MOD with provider net.minecraftforge.fml.loading.moddiscovery.JarInJarDependencyLocator@1a2e563e
[00:46:07] [main/INFO]: Found mod file common-image-3.12.0.jar of type GAMELIBRARY with provider net.minecraftforge.fml.loading.moddiscovery.JarInJarDependencyLocator@1a2e563e
[00:46:07] [main/INFO]: Found mod file jcpp-1.4.14.jar of type GAMELIBRARY with provider net.minecraftforge.fml.loading.moddiscovery.JarInJarDependencyLocator@1a2e563e
[00:46:07] [main/INFO]: Found mod file fabric-biome-api-v1-13.0.14+dc36698e77.jar of type MOD with provider net.minecraftforge.fml.loading.moddiscovery.JarInJarDependencyLocator@1a2e563e
[00:46:07] [main/INFO]: Found mod file luaj-core-3.0.8-figura.jar of type GAMELIBRARY with provider net.minecraftforge.fml.loading.moddiscovery.JarInJarDependencyLocator@1a2e563e
[00:46:07] [main/INFO]: Found mod file fabric-entity-events-v1-1.6.1+4ca7515277.jar of type MOD with provider net.minecraftforge.fml.loading.moddiscovery.JarInJarDependencyLocator@1a2e563e
[00:46:07] [main/INFO]: Found mod file MathParser.org-mXparser-5.2.1.jar of type GAMELIBRARY with provider net.minecraftforge.fml.loading.moddiscovery.JarInJarDependencyLocator@1a2e563e
[00:46:07] [main/INFO]: Found mod file fabric-registry-sync-v0-2.3.6+1c0ea72177.jar of type MOD with provider net.minecraftforge.fml.loading.moddiscovery.JarInJarDependencyLocator@1a2e563e
[00:46:07] [main/INFO]: Found mod file imageio-metadata-3.12.0.jar of type GAMELIBRARY with provider net.minecraftforge.fml.loading.moddiscovery.JarInJarDependencyLocator@1a2e563e
[00:46:07] [main/INFO]: Found mod file fabric-recipe-api-v1-1.0.24+514a076577.jar of type MOD with provider net.minecraftforge.fml.loading.moddiscovery.JarInJarDependencyLocator@1a2e563e
[00:46:07] [main/INFO]: Found mod file fabric-loot-api-v2-1.2.3+eb28f93e77.jar of type MOD with provider net.minecraftforge.fml.loading.moddiscovery.JarInJarDependencyLocator@1a2e563e
[00:46:07] [main/INFO]: Found mod file fabric-object-builder-api-v1-11.1.5+f8c414ce77.jar of type MOD with provider net.minecraftforge.fml.loading.moddiscovery.JarInJarDependencyLocator@1a2e563e
[00:46:07] [main/INFO]: Found mod file TRansition-1.0.11-1.20.1-forge-SNAPSHOT.jar of type MOD with provider net.minecraftforge.fml.loading.moddiscovery.JarInJarDependencyLocator@1a2e563e
[00:46:07] [main/INFO]: Found mod file fabric-rendering-data-attachment-v1-0.3.39+a6081afc77.jar of type MOD with provider net.minecraftforge.fml.loading.moddiscovery.JarInJarDependencyLocator@1a2e563e
[00:46:07] [main/INFO]: Found mod file fabric-networking-api-v1-1.3.14+fb7c822677.jar of type MOD with provider net.minecraftforge.fml.loading.moddiscovery.JarInJarDependencyLocator@1a2e563e
[00:46:07] [main/INFO]: Found mod file mixinconstraints-1.0.7.jar of type GAMELIBRARY with provider net.minecraftforge.fml.loading.moddiscovery.JarInJarDependencyLocator@1a2e563e
[00:46:07] [main/INFO]: Found mod file fabric-sound-api-v1-1.0.14+4f23bd8477.jar of type MOD with provider net.minecraftforge.fml.loading.moddiscovery.JarInJarDependencyLocator@1a2e563e
[00:46:07] [main/INFO]: Found mod file controllable-sdl-2.30.12-1.1.0.jar of type GAMELIBRARY with provider net.minecraftforge.fml.loading.moddiscovery.JarInJarDependencyLocator@1a2e563e
[00:46:07] [main/INFO]: Found mod file fabric-message-api-v1-5.1.10+52cc178c77.jar of type MOD with provider net.minecraftforge.fml.loading.moddiscovery.JarInJarDependencyLocator@1a2e563e
[00:46:07] [main/INFO]: Found mod file lazyyyyy-lexforge-mod-0.14.19.jar of type MOD with provider net.minecraftforge.fml.loading.moddiscovery.JarInJarDependencyLocator@1a2e563e
[00:46:07] [main/INFO]: Found mod file lazyyyyy-xplat-lexforge-0.14.19.jar of type GAMELIBRARY with provider net.minecraftforge.fml.loading.moddiscovery.JarInJarDependencyLocator@1a2e563e
[00:46:07] [main/INFO]: Found mod file fabric-lifecycle-events-v1-2.2.23+afab492177.jar of type MOD with provider net.minecraftforge.fml.loading.moddiscovery.JarInJarDependencyLocator@1a2e563e
[00:46:07] [main/INFO]: Found mod file commons-math3-3.6.1.jar of type GAMELIBRARY with provider net.minecraftforge.fml.loading.moddiscovery.JarInJarDependencyLocator@1a2e563e
[00:46:07] [main/INFO]: Found mod file fabric-data-generation-api-v1-12.3.7+369cb3a477.jar of type MOD with provider net.minecraftforge.fml.loading.moddiscovery.JarInJarDependencyLocator@1a2e563e
[00:46:07] [main/INFO]: Found mod file fabric-events-interaction-v0-0.6.5+0f26153f77.jar of type MOD with provider net.minecraftforge.fml.loading.moddiscovery.JarInJarDependencyLocator@1a2e563e
[00:46:07] [main/INFO]: Found mod file fabric-key-binding-api-v1-1.0.38+561530ec77.jar of type MOD with provider net.minecraftforge.fml.loading.moddiscovery.JarInJarDependencyLocator@1a2e563e
[00:46:07] [main/INFO]: Found mod file japng-0.5.3.jar of type GAMELIBRARY with provider net.minecraftforge.fml.loading.moddiscovery.JarInJarDependencyLocator@1a2e563e
[00:46:07] [main/INFO]: Found mod file fabric-client-tags-api-v1-1.1.3+5d6761b877.jar of type MOD with provider net.minecraftforge.fml.loading.moddiscovery.JarInJarDependencyLocator@1a2e563e
[00:46:07] [main/INFO]: Fabric mod metadata not found in jar thedarkcolour.kotlinforforge, ignoring
[00:46:08] [main/INFO]: Dependency resolution found 1 candidates to load
[00:46:13] [main/INFO]: Found mod file ResistanceBalancer-(NEO)FORGE-1.0.0_mapped_srg_1.20.1.jar of type MOD with provider org.sinytra.connector.locator.ConnectorLocator@188532da
[00:46:13] [main/INFO]: Successfully made module authlib transformable
[00:46:15] [main/INFO]: Compatibility level set to JAVA_17
[00:46:15] [main/INFO]: Successfully loaded Mixin Connector [com.leobeliik.extremesoundmuffler.MixinConnector]
[00:46:15] [main/INFO]: Successfully loaded Mixin Connector [com.sonicether.soundphysics.MixinConnector]
[00:46:15] [main/INFO]: Launching target 'forgeclient' with arguments [--version, forge-47.4.0, --gameDir, C:\Users\Leandro\curseforge\minecraft\Instances\DeceasedCraft - Urban Zombie Apocalypse, --assetsDir, C:\Users\Leandro\curseforge\minecraft\Install\assets, --uuid, afcd59a9b7be4380a269b65fec367822, --username, iLelesan, --assetIndex, 5, --accessToken, ????????, --clientId, 5af72b-36ef3a-d09221-1029dec-c34a39, --xuid, 2535408182975082, --userType, msa, --versionType, release, --width, 1024, --height, 768, --quickPlayPath, C:\Users\Leandro\curseforge\minecraft\Quickplay\3a8560e2-a40c-4a52-8df4-46d2da04283e.json, , , ]
[00:46:15] [main/WARN]: Failed to read refmap parcool_compat_addon.refmap.json from file:///C:/Users/Leandro/curseforge/minecraft/Instances/DeceasedCraft%20-%20Urban%20Zombie%20Apocalypse/mods/ParCool-CompatibilityAddon-1.20.1-3.4.1.5-1.1.jar for config parcool_compat_addon.mixins.json. Find from all resources will spend extra time. Check the debug log for detail of reason. If the file is missing, let the author of the mod moving the refmap into the jar declare it
[00:46:15] [main/WARN]: Reference map 'parcool_compat_addon.refmap.json' for parcool_compat_addon.mixins.json could not be read. If this is a development environment you can ignore this message
[00:46:15] [main/INFO]: Loaded configuration file for ModernFix 5.25.1+mc1.20.1: 98 options available, 6 override(s) found
[00:46:15] [main/WARN]: Option 'mixin.perf.faster_item_rendering' overriden (by user configuration) to 'true'
[00:46:15] [main/WARN]: Option 'mixin.perf.dynamic_resources' overriden (by user configuration) to 'true'
[00:46:15] [main/WARN]: Option 'mixin.perf.dynamic_entity_renderers' overriden (by user configuration) to 'true'
[00:46:15] [main/WARN]: Option 'mixin.perf.remove_spawn_chunks' overriden (by user configuration) to 'true'
[00:46:15] [main/WARN]: Option 'mixin.perf.ingredient_item_deduplication' overriden (by user configuration) to 'true'
[00:46:15] [main/WARN]: Option 'mixin.perf.thread_priorities' overriden (by mods [smoothboot]) to 'false'
[00:46:15] [main/INFO]: Applying Nashorn fix
[00:46:15] [main/INFO]: Applied Forge config corruption patch
[00:46:15] [main/INFO]: Loaded configuration file for Embeddium: 406 options available, 3 override(s) found
[00:46:15] [main/INFO]: Searching for graphics cards...
[00:46:15] [main/INFO]: Found graphics card: GraphicsAdapterInfo[vendor=AMD, name=AMD Radeon RX 7600, version=DriverVersion=32.0.31007.1017]
[00:46:15] [main/INFO]: Loaded configuration file for Radium: 125 options available, 1 override(s) found
[00:46:15] [main/WARN]: Failed to read refmap jsconf.refmap.json from file:///C:/Users/Leandro/curseforge/minecraft/Instances/DeceasedCraft%20-%20Urban%20Zombie%20Apocalypse/mods/jsconf-1.1.1.jar for config jsconf.mixins.json. Find from all resources will spend extra time. Check the debug log for detail of reason. If the file is missing, let the author of the mod moving the refmap into the jar declare it
[00:46:15] [main/WARN]: Reference map 'jsconf.refmap.json' for jsconf.mixins.json could not be read. If this is a development environment you can ignore this message
[00:46:15] [main/WARN]: Failed to read refmap LongerChatHistory-forge-refmap.json from file:///C:/Users/Leandro/curseforge/minecraft/Instances/DeceasedCraft%20-%20Urban%20Zombie%20Apocalypse/mods/LongerChatHistory-1.3-Forge.jar for config longerchathistory.mixins.json. Find from all resources will spend extra time. Check the debug log for detail of reason. If the file is missing, let the author of the mod moving the refmap into the jar declare it
[00:46:15] [main/WARN]: Reference map 'LongerChatHistory-forge-refmap.json' for longerchathistory.mixins.json could not be read. If this is a development environment you can ignore this message
[00:46:15] [main/WARN]: Failed to read refmap fastpaintings-forge-refmap.json from file:///C:/Users/Leandro/curseforge/minecraft/Instances/DeceasedCraft%20-%20Urban%20Zombie%20Apocalypse/mods/fastpaintings-1.20-1.2.7.jar for config fastpaintings-forge.mixins.json. Find from all resources will spend extra time. Check the debug log for detail of reason. If the file is missing, let the author of the mod moving the refmap into the jar declare it
[00:46:15] [main/WARN]: Reference map 'fastpaintings-forge-refmap.json' for fastpaintings-forge.mixins.json could not be read. If this is a development environment you can ignore this message
[00:46:15] [main/WARN]: Failed to read refmap colorwheel_patcher-common-common-refmap.json from file:///C:/Users/Leandro/curseforge/minecraft/Instances/DeceasedCraft%20-%20Urban%20Zombie%20Apocalypse/mods/colorwheel_patcher-forge-1.0.3+mc1.20.1.jar for config colorwheel_patcher.mixins.json. Find from all resources will spend extra time. Check the debug log for detail of reason. If the file is missing, let the author of the mod moving the refmap into the jar declare it
[00:46:15] [main/WARN]: Reference map 'colorwheel_patcher-common-common-refmap.json' for colorwheel_patcher.mixins.json could not be read. If this is a development environment you can ignore this message
[00:46:15] [main/WARN]: Failed to read refmap cobweb.refmap.json from file:///C:/Users/Leandro/curseforge/minecraft/Instances/DeceasedCraft%20-%20Urban%20Zombie%20Apocalypse/mods/cobweb-forge-1.20.1-1.0.1.jar for config cobweb.mixins.json. Find from all resources will spend extra time. Check the debug log for detail of reason. If the file is missing, let the author of the mod moving the refmap into the jar declare it
[00:46:15] [main/WARN]: Failed to read refmap cobweb.refmap.json from file:///C:/Users/Leandro/curseforge/minecraft/Instances/DeceasedCraft%20-%20Urban%20Zombie%20Apocalypse/mods/cobweb-forge-1.20.1-1.0.1.jar for config cobweb.forge.mixins.json. Find from all resources will spend extra time. Check the debug log for detail of reason. If the file is missing, let the author of the mod moving the refmap into the jar declare it
[00:46:15] [main/WARN]: Reference map 'cobweb.refmap.json' for cobweb.mixins.json could not be read. If this is a development environment you can ignore this message
[00:46:15] [main/WARN]: Failed to read refmap cobweb.refmap.json from file:///C:/Users/Leandro/curseforge/minecraft/Instances/DeceasedCraft%20-%20Urban%20Zombie%20Apocalypse/mods/cobweb-forge-1.20.1-1.0.1.jar for config cobweb.mixins.json. Find from all resources will spend extra time. Check the debug log for detail of reason. If the file is missing, let the author of the mod moving the refmap into the jar declare it
[00:46:15] [main/WARN]: Failed to read refmap cobweb.refmap.json from file:///C:/Users/Leandro/curseforge/minecraft/Instances/DeceasedCraft%20-%20Urban%20Zombie%20Apocalypse/mods/cobweb-forge-1.20.1-1.0.1.jar for config cobweb.forge.mixins.json. Find from all resources will spend extra time. Check the debug log for detail of reason. If the file is missing, let the author of the mod moving the refmap into the jar declare it
[00:46:15] [main/WARN]: Reference map 'cobweb.refmap.json' for cobweb.forge.mixins.json could not be read. If this is a development environment you can ignore this message
[00:46:15] [main/WARN]: Failed to read refmap item_scrapper.refmap.json from file:///C:/Users/Leandro/curseforge/minecraft/Instances/DeceasedCraft%20-%20Urban%20Zombie%20Apocalypse/mods/item_scrapper-1.2.9.jar for config item_scrapper.mixins.json. Find from all resources will spend extra time. Check the debug log for detail of reason. If the file is missing, let the author of the mod moving the refmap into the jar declare it
[00:46:15] [main/WARN]: Reference map 'item_scrapper.refmap.json' for item_scrapper.mixins.json could not be read. If this is a development environment you can ignore this message
[00:46:15] [main/WARN]: Failed to read refmap default-server-properties-forge-refmap.json from file:///C:/Users/Leandro/curseforge/minecraft/Instances/DeceasedCraft%20-%20Urban%20Zombie%20Apocalypse/mods/default-server-properties-forge-81.1.0.jar for config dsp.mixins.json. Find from all resources will spend extra time. Check the debug log for detail of reason. If the file is missing, let the author of the mod moving the refmap into the jar declare it
[00:46:15] [main/WARN]: Reference map 'default-server-properties-forge-refmap.json' for dsp.mixins.json could not be read. If this is a development environment you can ignore this message
[00:46:15] [main/INFO]: Loading config file
[00:46:15] [main/INFO]: Config version: 4
[00:46:15] [main/INFO]: BadOptimizations config dump:
[00:46:15] [main/INFO]: enable_toast_optimizations: true
[00:46:15] [main/INFO]: ignore_mod_incompatibilities: false
[00:46:15] [main/INFO]: lightmap_time_change_needed_for_update: 80
[00:46:15] [main/INFO]: enable_lightmap_caching: true
[00:46:15] [main/INFO]: enable_particle_manager_optimization: true
[00:46:15] [main/INFO]: enable_entity_renderer_caching: false
[00:46:15] [main/INFO]: log_config: true
[00:46:15] [main/INFO]: enable_remove_redundant_fov_calculations: true
[00:46:15] [main/INFO]: config_version: 4
[00:46:15] [main/INFO]: enable_sky_angle_caching_in_worldrenderer: true
[00:46:15] [main/INFO]: enable_block_entity_renderer_caching: false
[00:46:15] [main/INFO]: skycolor_time_change_needed_for_update: 3
[00:46:15] [main/INFO]: enable_entity_flag_caching: true
[00:46:15] [main/INFO]: enable_debug_renderer_disable_if_not_needed: true
[00:46:15] [main/INFO]: enable_sky_color_caching: true
[00:46:15] [main/INFO]: enable_remove_tutorial_if_not_demo: true
[00:46:15] [main/INFO]: show_f3_text: true
[00:46:15] [main/INFO]: Loaded Saturn config file with 4 configurable options
[00:46:15] [main/INFO]: [BiomeReplacer] TerraBlender detected, biome replacements will be injected into it
[00:46:15] [main/WARN]: Failed to read refmap lmft-common-refmap.json from file:///C:/Users/Leandro/curseforge/minecraft/Instances/DeceasedCraft%20-%20Urban%20Zombie%20Apocalypse/mods/lmft-1.0.4+1.20.1-forge.jar for config lmft-common.mixins.json. Find from all resources will spend extra time. Check the debug log for detail of reason. If the file is missing, let the author of the mod moving the refmap into the jar declare it
[00:46:15] [main/WARN]: Reference map 'lmft-common-refmap.json' for lmft-common.mixins.json could not be read. If this is a development environment you can ignore this message
[00:46:15] [main/WARN]: Failed to read refmap harvest_with_ease.refmap.json from file:///C:/Users/Leandro/curseforge/minecraft/Instances/DeceasedCraft%20-%20Urban%20Zombie%20Apocalypse/mods/harvest-with-ease-forge-1.20.1-9.4.0.jar for config harvest_with_ease.mixins.json. Find from all resources will spend extra time. Check the debug log for detail of reason. If the file is missing, let the author of the mod moving the refmap into the jar declare it
[00:46:15] [main/WARN]: Failed to read refmap harvest_with_ease.refmap.json from file:///C:/Users/Leandro/curseforge/minecraft/Instances/DeceasedCraft%20-%20Urban%20Zombie%20Apocalypse/mods/harvest-with-ease-forge-1.20.1-9.4.0.jar for config harvest_with_ease.forge.mixins.json. Find from all resources will spend extra time. Check the debug log for detail of reason. If the file is missing, let the author of the mod moving the refmap into the jar declare it
[00:46:15] [main/WARN]: Reference map 'harvest_with_ease.refmap.json' for harvest_with_ease.mixins.json could not be read. If this is a development environment you can ignore this message
[00:46:15] [main/WARN]: Failed to read refmap harvest_with_ease.refmap.json from file:///C:/Users/Leandro/curseforge/minecraft/Instances/DeceasedCraft%20-%20Urban%20Zombie%20Apocalypse/mods/harvest-with-ease-forge-1.20.1-9.4.0.jar for config harvest_with_ease.mixins.json. Find from all resources will spend extra time. Check the debug log for detail of reason. If the file is missing, let the author of the mod moving the refmap into the jar declare it
[00:46:15] [main/WARN]: Failed to read refmap harvest_with_ease.refmap.json from file:///C:/Users/Leandro/curseforge/minecraft/Instances/DeceasedCraft%20-%20Urban%20Zombie%20Apocalypse/mods/harvest-with-ease-forge-1.20.1-9.4.0.jar for config harvest_with_ease.forge.mixins.json. Find from all resources will spend extra time. Check the debug log for detail of reason. If the file is missing, let the author of the mod moving the refmap into the jar declare it
[00:46:15] [main/WARN]: Reference map 'harvest_with_ease.refmap.json' for harvest_with_ease.forge.mixins.json could not be read. If this is a development environment you can ignore this message
[00:46:15] [main/WARN]: Failed to read refmap clickmachine.refmap.json from file:///C:/Users/Leandro/curseforge/minecraft/Instances/DeceasedCraft%20-%20Urban%20Zombie%20Apocalypse/mods/ClickMachine-1.20.1-8.0.2.jar for config clickmachine.mixins.json. Find from all resources will spend extra time. Check the debug log for detail of reason. If the file is missing, let the author of the mod moving the refmap into the jar declare it
[00:46:15] [main/WARN]: Reference map 'clickmachine.refmap.json' for clickmachine.mixins.json could not be read. If this is a development environment you can ignore this message
[00:46:15] [main/WARN]: Failed to read refmap puzzlesaccessapi.common.refmap.json from jij:/C:/Users/Leandro/curseforge/minecraft/Instances/DeceasedCraft%20-%20Urban%20Zombie%20Apocalypse/mods/PuzzlesLib-v8.1.32-1.20.1-Forge.jar%23693!/META-INF/jarjar/puzzlesaccessapi-forge-20.1.1.jar for config puzzlesaccessapi.common.mixins.json. Find from all resources will spend extra time. Check the debug log for detail of reason. If the file is missing, let the author of the mod moving the refmap into the jar declare it
[00:46:15] [main/WARN]: Reference map 'puzzlesaccessapi.common.refmap.json' for puzzlesaccessapi.common.mixins.json could not be read. If this is a development environment you can ignore this message
[00:46:15] [main/INFO]: Loading 360 mods:
	- advancementplaques 1.6.9
	- aiimprovements 0.5.2
	- alltheleaks 1.1.1+1.20.1-forge
		\-- mixinsquared 0.3.6-beta.1
	- almanac 1.0.2
	- alternate_current 1.7.0
	- animal_pen 1.6.1
	- another_furniture 1.20.1-3.0.4
	- apoc_patches 1.0.4
	- apocalypsenow 3.0.4
	- appleskin 2.5.1+mc1.20.1
	- architectury 9.2.14
	- armorpointspp 1.20-3.1.1
	- artifacts 9.5.16
	- atlaslib 1.1.12
	- attributefix 21.0.4
	- attributeslib 1.3.7
	- badoptimizations 2.2.3
	- baguettelib 1.0.0
	- bakery 1.1.15
	- balm 7.3.31
		\-- kuma_api 20.1.10
	- bcc 4.0.8
	- beefix 1.0.7
	- betteradvancements 0.4.2.10
	- betterbiomereblend 1.5.3
	- bettercombat 1.8.6+1.20.1
	- bigreactors 1.20.1-2.0.94
	- binocularsmod 1.02
	- biome_replacer 2.1-hippo
	- biomesize 1.20.1-1.5
	- biomesoplenty 19.0.0.96
	- biomespawnpoint 2.4
	- bocchium 1.20.1-0.0.3
	- bookshelf 20.2.13
	- botarium 2.3.4
	- buildersdelight 1.2.1
	- carryon 2.1.2.7
	- catalogue 1.8.0
	- cfm 7.0.0-pre36
	- cfm_wap 1.2.0
	- cgm 1.4.18
	- chalk 1.6.7
	- chunky 1.3.146
	- cleanview 1.20.1-v1
	- clickmachine 8.0.2
	- clientcrafting 1.20.1-1.8
	- cloth_config 11.1.136
	- clumps 12.0.0.4
	- cobweb 1.0.1
	- collective 8.3
	- colorwheel 1.1.1+mc1.20.1
	- colorwheel_patcher 1.0.3+mc1.20.1
	- comforts 6.4.0+1.20.1
	- configured 2.2.3
	- connectivity 1.20.1-7.2
	- connectormod 1.0.0-beta.47+1.20.1
	- controllable 0.21.7
	- controlling 12.0.2
	- corgilib 4.0.3.4
	- coroutil 1.20.1-1.3.7
	- corpse 1.20.1-1.0.21
	- corpsecurioscompat 3.1.2
	- cosmeticarmorreworked 1.20.1-v1a
	- craftpresence 2.7.0
	- crash_assistant 1.10.27
	- create 6.0.6
		\-- ponder 1.0.80
	- create_central_kitchen 1.4.3b
	- create_hypertube 0.2.5
	- create_radar 0.3
	- create_sa 2.1.0
	- createaddition 1.20.1-1.3.2
	- createbetterfps 1.1.1
	- createbigcannons 5.9.1
	- createdeco 2.0.3-1.20.1-forge
	- createdieselgenerators 1.20.1-1.3.5
	- createstuffadditionsfix 0.0.0.1
	- creativecore 2.12.32
	- crittersandcompanions 1.20.1-2.3.5
	- culllessleaves 1.20.1-1.0.5
	- cupboard 1.20.1-2.7
	- curios 5.14.1+1.20.1
	- customnpcs 1.20.1.20251031
	- customportalapi 0.0.1-beta1-1.20
	- darkpaintings 17.0.4
	- deceased_expansion 1.10
	- deceasedcraft 5.10.14
	- defaultoptions 18.0.4
	- diet 2.1.1+1.20.1
	- displaydelight 1.1.0
	- doapi 1.2.15
		\-- terraform 7.0.1
	- dragnvehicles 1.20.1-1.3
	- drippyloadingscreen 3.1.0
	- dsp 81.1.0
	- dummmmmmy 1.20-2.0.9
	- durabilitytooltip 1.1.6
	- e4mc_minecraft 5.4.1
	- embeddium 0.3.31+mc1.20.1
		\-- rubidium 0.7.1
	- embellishcraft 1.20.1-7.0.0.0
	- enchdesc 17.1.19
	- engineered_schematics 1.2.3
	- enhancedai 2.6.8
	- entity_model_features 2.2
	- entity_texture_features 6.2.9
	- entityculling 1.9.4
		|-- transition 1.0.11
		\-- trender 1.0.10
	- entityjs 0.5.9-1.20.1
	- equipmentcompare 1.3.7
	- euphoria_patcher 1.7.8-r5.6.1-forge
	- expandability 9.0.4
	- explosiveenhancement 1.1.0
	- exposure 1.7.16
	- extragore 5.2.3.1
	- extremesoundmuffler 3.48
	- ezvcsurvival 1.4.2
	- fabric_api 0.92.6+1.11.14+1.20.1
		|-- fabric_api_base 0.4.32+ef105b4977
		|-- fabric_api_lookup_api_v1 1.6.37+67f9824077
		|-- fabric_biome_api_v1 13.0.14+dc36698e77
		|-- fabric_block_api_v1 1.0.12+0e6cb7f777
		|-- fabric_block_view_api_v2 1.0.3+53347ba977
		|-- fabric_blockrenderlayer_v1 1.1.42+1d0da21e77
		|-- fabric_client_tags_api_v1 1.1.3+5d6761b877
		|-- fabric_command_api_v1 1.2.35+f71b366f77
		|-- fabric_command_api_v2 2.2.14+561530ec77
		|-- fabric_content_registries_v0 4.0.13+a670df1e77
		|-- fabric_convention_tags_v1 1.5.6+fa3d1c0177
		|-- fabric_data_attachment_api_v1 1.0.2+30ef839e77
		|-- fabric_data_generation_api_v1 12.3.7+369cb3a477
		|-- fabric_dimensions_v1 2.1.55+8005d10d77
		|-- fabric_entity_events_v1 1.6.1+4ca7515277
		|-- fabric_events_interaction_v0 0.6.5+0f26153f77
		|-- fabric_game_rule_api_v1 1.0.41+683d4da877
		|-- fabric_item_api_v1 2.1.29+4d0bbcfa77
		|-- fabric_item_group_api_v1 4.0.14+c9161c2d77
		|-- fabric_key_binding_api_v1 1.0.38+561530ec77
		|-- fabric_lifecycle_events_v1 2.2.23+afab492177
		|-- fabric_loot_api_v2 1.2.3+eb28f93e77
		|-- fabric_message_api_v1 5.1.10+52cc178c77
		|-- fabric_mining_level_api_v1 2.1.52+561530ec77
		|-- fabric_model_loading_api_v1 1.0.4+6274ab9d77
		|-- fabric_models_v0 0.4.3+7c3892a477
		|-- fabric_networking_api_v1 1.3.14+fb7c822677
		|-- fabric_object_builder_api_v1 11.1.5+f8c414ce77
		|-- fabric_particles_v1 1.1.3+78e1ecb877
		|-- fabric_recipe_api_v1 1.0.24+514a076577
		|-- fabric_registry_sync_v0 2.3.6+1c0ea72177
		|-- fabric_renderer_api_v1 3.2.2+cf68abbe77
		|-- fabric_renderer_indigo 1.5.3+b5b2da4177
		|-- fabric_rendering_data_attachment_v1 0.3.39+a6081afc77
		|-- fabric_rendering_fluids_v1 3.0.29+4ac5e37a77
		|-- fabric_rendering_v1 3.0.9+66e9a48f77
		|-- fabric_resource_conditions_api_v1 2.3.9+996d00b277
		|-- fabric_resource_loader_v0 0.11.12+4b4151c077
		|-- fabric_screen_api_v1 2.0.9+45a670a577
		|-- fabric_screen_handler_api_v1 1.3.33+561530ec77
		|-- fabric_sound_api_v1 1.0.14+4f23bd8477
		|-- fabric_transfer_api_v1 3.3.6+631c9cd677
		\-- fabric_transitive_access_wideners_v1 4.3.2+1880499877
	- fancymenu 3.8.1
	- fancytrinkets 1.20-3.0.5
	- farmersdelight 1.20.1-1.2.9
	- fastasyncworldsave 1.20.1-2.6
	- fastbench 8.0.4
	- fastboot 1.2
	- fastfurnace 8.0.2
	- fastleafdecay 32
	- fastload 3.4.0
	- fastpaintings 1.20-1.2.7
	- fastsuite 5.1.0
	- ferritecore 6.0.1
	- flerovium 1.2.16
	- flickerfix 4.0.1
	- forge 47.4.0
	- framework 0.7.15
	- ftblibrary 2001.2.10
	- ftbquests 2001.4.16
	- ftbteams 2001.3.1
	- ftbxmodcompat 2.1.3
	- gamediscs 0.3.2-forge
	- geckolib 4.7
	- getittogetherdrops 1.3
	- glitchcore 0.0.1.1
	- globalgamerules 8.1.0.12
	- gpu_tape 1.0.5
	- gundb 2.0.3
	- harvest_with_ease 9.4.0
	- highlighter 1.1.9
	- horde_hoard 1.1.0
	- hordes 1.5.4c
	- horror_element_mod 1.6.2
	- iceberg 1.1.25
	- icterine 1.3.0
	- immediatelyfast 1.5.1+1.20.4
	- immersive_aircraft 1.4.0+1.20.1
	- immersive_optimization 0.1.0
	- immersiveengineering 1.20.1-10.2.0-183
	- immersivefixes 1.0.3
	- immersivelanterns 1.0.6
	- immersiveui 0.3.0
	- incontrol 1.20-9.4.5
	- insanelib 1.21.14
	- interiors 0.5.6
	- inventoryhud 3.4.26
	- item_scrapper 1.2.9
	- itemfilters 2001.1.0-build.59
	- itemphysiclite 1.6.6
	- jei 15.20.0.112
	- jeimultiblocks 1.0.6
	- jsconf 1.1.1
	- justoutdoorstuffs 1.0.2-1.20.1
	- konkrete 1.8.0
	- kotlinforforge 4.11.0
	- kubejs 2001.6.5-build.16
	- kubejs_create 2001.3.0-build.8
	- lazyyyyy 0.14.19
	- legendarysurvivaloverhaul 1.20.1-2.3.23.1
	- legendarytabs 1.20.1-1.1.3.1
	- letmedespawn 1.5.0
	- lmft 1.0.4+1.20.1
	- logbegone 1.0.8
	- longerchathistory 1.3
	- loot_journal 5.0.1
	- lootr 0.7.35.94
	- lostcities 1.20-7.4.11
	- lostradar 1.20-1.1.0
	- lostsouls 1.20-4.1.6
	- lostworlds 1.20-0.0.3
	- mapperbase 1.20.1-6.0.0.0
	- maxhealthfix 12.0.3
	- mcjtylib 1.20-8.0.7
	- mcreator_mem_fix 1.0.4
	- melody 1.0.2
	- merenc 4.3
	- minecraft 1.20.1
	- moa_decor_art 1.20.1
	- moa_decor_bath 1.20.1
	- moa_decor_science 1.20.1
	- mobsunscreen 3.1.1
	- mobtimizations 1.20.1-1.0.0
	- modelfix 1.15
	- moderately_enough_effect_desc 3.3.0
	- modernfix 5.25.1+mc1.20.1
	- moonlight 1.20-2.14.13
	- mousetweaks 2.25.1
	- mru 1.0.4+1.20.1+forge
	- nameless_trinkets 1.20.1-1.8.5
	- nanny 1.0.1
	- naturalist 5.0pre2
		\-- midnightlib 1.4.2
	- naturescompass 1.20.1-1.11.2-forge
	- necronomicon 1.6.0
	- nerb 0.4.1
	- octolib 0.5.0.1
	- oculus 1.8.0
	- openpartiesandclaims 0.25.8
	- packetfixer 3.3.1
	- parcool 3.4.1.5
	- parcool_compat_addon 1.1
	- particlerain 1.1.3
	- particular 1.2.7
	- patchouli 1.20.1-84.1-FORGE
	- pipez 1.20.1-1.2.21
	- placebo 8.6.3
	- playeranimator 1.0.2-rc1+1.20
	- plushie_buddies 0.1.6-1.20.1
	- polymorph 0.49.10+1.20.1
		\-- spectrelib 0.13.17+1.20.1
	- presencefootsteps 1.20.1-1.9.1-beta.1
	- puffish_attributes 0.7.6
	- puffish_skills 0.16.5
	- puzzleslib 8.1.32
		\-- puzzlesaccessapi 20.1.1
	- quark 4.0-462
	- questkilltask 0.2.0+1.20.1-forge
	- radium 0.12.4+git.26c9d8e
	- recipeessentials 1.20.1-4.0
	- redeco 1.14.1
	- redirected 1.0.0
	- refinedpolymorph 0.1.1-1.20.1
	- refinedstorage 1.12.4
	- refinedstorageaddons 0.10.0
	- refueled 1.20.1-2.4.2
	- refurbished_furniture 1.0.20
	- resistance_balancer 1.0.0
	- rhino 2001.2.3-build.10
	- ritchiesprojectilelib 2.1.0
	- rocks 1.5.1
	- rsmixin 1.0.0-b400-release
	- salwayseat 5.2
	- saturn 0.1.3
	- scholar 1.1.5.1
	- searchables 1.0.3
	- securitycraft 1.9.12
	- sereneseasons 9.1.0.2
	- shotsfired 1.20.1-0.2.2
	- shouldersurfing 1.20.1-4.15.0
	- simpleplanes 1.20.1-5.3.3
	- simplylight 1.20.1-1.4.6-build.50
	- smoothboot 0.0.4
	- smoothchunk 1.20.1-4.1
	- sodiumdynamiclights 1.0.9
	- sodiumextras 1.0.6
	- sodiumoptionsapi 1.0.10
	- solcarrot 1.15.1
	- sophisticatedbackpacks 3.24.10.1404
	- sophisticatedcore 1.2.106.1235
	- sound_physics_remastered 1.20.1-1.4.10
	- soundofrain 0.5.0
	- sounds 2.2.1+1.20.1+forge
	- spacecatasb 20.14.0
	- spark 1.10.53
	- spawnercontrol 1.3
	- spore 2.1.5
	- stackablepotions 1.0.0
	- starterkit 7.4
	- storagedrawers 12.9.14
	- stylisheffects 8.0.2
	- supermartijn642configlib 1.1.8
	- supermartijn642corelib 1.1.18
	- tacz 1.1.6-hotfix
	- taczammoquery 1.20.1-1.0.0
	- tacztweaks 2.10.0
	- taxfreelevels 1.4.14
	- terrablender 3.0.1.10
	- texelspaintings 10.3.1
	- texturelocaleredirector 1.6.0
	- theoneprobe 1.20.1-10.0.3
	- tmted 1.0.4
	- toofast 0.4.3.5
	- tp_shooting 1.20.1-5.1.1+tacz1.1.6
	- trashcans 1.0.18b
	- trashslot 15.1.2
	- travelerstitles 1.20-Forge-4.0.2
	- treeharvester 9.1
	- txnilib 1.0.23
	- undead_revamp2 1.0.1
	- unilib 1.2.0
	- v_slab_compat 1.20-2.5
	- vanilla_music_discs 1.6
	- vanillin 1.1.3
		\-- flywheel 1.0.4
	- vinery 1.4.39
	- voicechat 1.20.1-2.5.34
	- watut 1.20.1-1.2.3
	- weaponthrow 1.20.1-6.0-beta.1
	- wormhole 1.1.16
	- xaerominimap 25.2.10
	- xaeroworldmap 1.39.12
	- xpbook 2.2.1
	- yeetusexperimentus 2.3.1-build.6+mc1.20.1
	- yet_another_config_lib_v3 3.6.6+1.20.1-forge
	- ytongame_hostingmenu 1.0.1
	- yungsapi 1.20-Forge-4.0.6
	- zerocore 1.20.1-2.1.47
	- zeta 1.0-31
	- zombie_extreme 0.2.6
	- zombieawareness 1.20.1-1.13.1
[00:46:16] [main/WARN]: Failed to read refmap v_slab_compat-common-refmap.json from file:///C:/Users/Leandro/curseforge/minecraft/Instances/DeceasedCraft%20-%20Urban%20Zombie%20Apocalypse/mods/v_slab_compat-1.20-2.5.jar for config v_slab_compat-common.mixins.json. Find from all resources will spend extra time. Check the debug log for detail of reason. If the file is missing, let the author of the mod moving the refmap into the jar declare it
[00:46:16] [main/WARN]: Reference map 'v_slab_compat-common-refmap.json' for v_slab_compat-common.mixins.json could not be read. If this is a development environment you can ignore this message
[00:46:16] [main/WARN]: Reference map '' for mcreator_mem_fix.mixins.json could not be read. If this is a development environment you can ignore this message
[00:46:16] [main/WARN]: Failed to read refmap trashslot.refmap.json from file:///C:/Users/Leandro/curseforge/minecraft/Instances/DeceasedCraft%20-%20Urban%20Zombie%20Apocalypse/mods/trashslot-forge-1.20-15.1.2.jar for config trashslot.mixins.json. Find from all resources will spend extra time. Check the debug log for detail of reason. If the file is missing, let the author of the mod moving the refmap into the jar declare it
[00:46:16] [main/WARN]: Reference map 'trashslot.refmap.json' for trashslot.mixins.json could not be read. If this is a development environment you can ignore this message
[00:46:16] [main/WARN]: Failed to read refmap coroutil.refmap.json from file:///C:/Users/Leandro/curseforge/minecraft/Instances/DeceasedCraft%20-%20Urban%20Zombie%20Apocalypse/mods/coroutil-forge-1.20.1-1.3.7.jar for config coroutil.mixins.json. Find from all resources will spend extra time. Check the debug log for detail of reason. If the file is missing, let the author of the mod moving the refmap into the jar declare it
[00:46:16] [main/WARN]: Reference map 'coroutil.refmap.json' for coroutil.mixins.json could not be read. If this is a development environment you can ignore this message
[00:46:16] [main/INFO]: Packet Fixer forge 1.19.4-1.20.1 has been applied successfully.
[00:46:16] [main/WARN]: Reference map '' for adapter.init.mixins.json could not be read. If this is a development environment you can ignore this message
[00:46:17] [main/INFO]: Patching IForgeItemStack#getEnchantmentLevel
[00:46:17] [main/INFO]: Patching IForgeItemStack#getEnchantmentLevel
[00:46:17] [main/WARN]: Force-disabling mixin 'alloc.blockstate.StateMixin' as option 'mixin.alloc.blockstate' (added by mods [ferritecore]) disables it and children
[00:46:17] [main/INFO]: Class dev.uncandango.alltheleaks.leaks.common.mods.zeta.Issue69 will be loaded as it matches versions: 1.0-31 in [1.0-19,)
[00:46:17] [main/INFO]: Mixins added to allowed list: [main.RecipeCrawlHandlerMixin]
[00:46:17] [main/INFO]: Class dev.uncandango.alltheleaks.leaks.common.mods.spark.Issue447 will be loaded as it matches versions: 1.10.53 in *
[00:46:17] [main/INFO]: Mixins added to allowed list: [main.ForgeServerSparkPluginMixin]
[00:46:17] [main/INFO]: Class dev.uncandango.alltheleaks.leaks.common.mods.sereneseasons.UntrackedIssue001 will be loaded as it matches versions: 9.1.0.2 in [9.1.0.0,)
[00:46:17] [main/INFO]: Class dev.uncandango.alltheleaks.leaks.common.mods.moonlight.UntrackedIssue001 will be loaded as it matches versions: 1.20-2.14.13 in [1.20-2.13.32,)
[00:46:17] [main/INFO]: Mixins added to allowed list: [main.FakeLevelManagerMixin]
[00:46:17] [main/INFO]: Class dev.uncandango.alltheleaks.leaks.common.mods.minecraft.UntrackedIssue002 will be loaded as it matches versions: 1.20.1 in 1.20.1
[00:46:17] [main/INFO]: Mixins added to allowed list: [main.EntityTickListMixin]
[00:46:17] [main/INFO]: Class dev.uncandango.alltheleaks.leaks.common.mods.minecraft.UntrackedIssue001 will be loaded as it matches versions: 1.20.1 in 1.20.1
[00:46:17] [main/INFO]: Class dev.uncandango.alltheleaks.leaks.common.mods.forge.UntrackedIssue002 will be loaded as it matches versions: 47.4.0 in [47.2,)
[00:46:17] [main/INFO]: Mixins added to allowed list: [accessor.FakePlayerNetHandlerAccessor, accessor.ConnectionAccessor]
[00:46:17] [main/INFO]: Class dev.uncandango.alltheleaks.leaks.common.mods.forge.UntrackedIssue001 will be loaded as it matches versions: 47.4.0 in [47.2,)
[00:46:17] [main/INFO]: Mixins added to allowed list: [main.ServerPlayerMixin, main.PlayerListMixin, accessor.PlayerAdvancementsAccessor]
[00:46:17] [main/INFO]: Class dev.uncandango.alltheleaks.leaks.common.mods.forge.Issue39 will be loaded as it matches versions: 47.4.0 in [47.2,)
[00:46:17] [main/INFO]: Class dev.uncandango.alltheleaks.leaks.common.mods.forge.Issue10684 will be loaded as it matches versions: 47.4.0 in *
[00:46:17] [main/INFO]: Class dev.uncandango.alltheleaks.leaks.common.mods.curios.UntrackedIssue001 will be loaded as it matches versions: 5.14.1+1.20.1 in [5.9.1,)
[00:46:17] [main/INFO]: Mixins added to allowed list: [main.CuriosEventHandlerMixin]
[00:46:17] [main/INFO]: Class dev.uncandango.alltheleaks.leaks.common.mods.create.UntrackedIssue001 will be loaded as it matches versions: 6.0.6 in [0.5.1.c,)
[00:46:17] [main/INFO]: Mixins added to allowed list: [accessor.ExtendoGripItemAccessor]
[00:46:17] [main/INFO]: Class dev.uncandango.alltheleaks.leaks.common.mods.architectury.UntrackedIssue001 will be loaded as it matches versions: 9.2.14 in [9.0.8,)
[00:46:17] [main/INFO]: Class dev.uncandango.alltheleaks.leaks.client.mods.xaerominimap.UntrackedIssue001 will be loaded as it matches versions: 25.2.10 in *
[00:46:17] [main/INFO]: Class dev.uncandango.alltheleaks.leaks.client.mods.watut.UntrackedIssue001 will be loaded as it matches versions: 1.20.1-1.2.3 in *
[00:46:17] [main/INFO]: Class dev.uncandango.alltheleaks.leaks.client.mods.sereneseasons.UntrackedIssue001 will be loaded as it matches versions: 9.1.0.2 in [9.1.0.0,)
[00:46:17] [main/INFO]: Class dev.uncandango.alltheleaks.leaks.client.mods.mousetweaks.UntrackedIssue001 will be loaded as it matches versions: 2.25.1 in [2.25.1,)
[00:46:17] [main/INFO]: Class dev.uncandango.alltheleaks.leaks.client.mods.minecraft.UntrackedIssue001 will be loaded as it matches versions: 1.20.1 in 1.20.1
[00:46:17] [main/INFO]: Mixins added to allowed list: [main.ATLItemStackMixin, main.MinecraftMixin, main.SynchedEntityDataMixin]
[00:46:17] [main/INFO]: Class dev.uncandango.alltheleaks.leaks.client.mods.jei.UntrackedIssue001 will be loaded as it matches versions: 15.20.0.112 in [15.8.2.24,)
[00:46:17] [main/INFO]: Mixins added to allowed list: [main.RecipeTransferButtonMixin, main.LazySortedRecipeLayoutListMixin]
[00:46:17] [main/INFO]: Class dev.uncandango.alltheleaks.leaks.client.mods.iceberg.UntrackedIssue003 will be loaded as it matches versions: 1.1.25 in [1.1.25,)
[00:46:17] [main/INFO]: Class dev.uncandango.alltheleaks.leaks.client.mods.iceberg.UntrackedIssue002 will be loaded as it matches versions: 1.1.25 in [1.1.10,)
[00:46:17] [main/INFO]: Class dev.uncandango.alltheleaks.leaks.client.mods.iceberg.UntrackedIssue001 will be loaded as it matches versions: 1.1.25 in [1.1.10,)
[00:46:17] [main/INFO]: Class dev.uncandango.alltheleaks.leaks.client.mods.geckolib.UntrackedIssue001 will be loaded as it matches versions: 4.7 in [4.4.8,)
[00:46:17] [main/INFO]: Mixins added to allowed list: [main.GeoModelMixin, main.GeoArmorRendererMixin]
[00:46:17] [main/INFO]: Class dev.uncandango.alltheleaks.leaks.client.mods.ftblibrary.UntrackedIssue001 will be loaded as it matches versions: 2001.2.10 in [2001.2.2,)
[00:46:17] [main/INFO]: Mixins added to allowed list: [accessor.BaseScreenAccessor]
[00:46:17] [main/INFO]: Class dev.uncandango.alltheleaks.leaks.client.mods.entity_texture_features.UntrackedIssue001 will be loaded as it matches versions: 6.2.9 in [6.2.3,7.0.0)
[00:46:17] [main/INFO]: Mixins added to allowed list: [main.ATLLivingEntityRendererMixin]
[00:46:17] [main/INFO]: Class dev.uncandango.alltheleaks.leaks.client.mods.corpse.UntrackedIssue001 will be loaded as it matches versions: 1.20.1-1.0.21 in [1.20.1-1.0.3,)
[00:46:17] [main/INFO]: Mixins added to allowed list: [main.CorpseRendererMixin]
[00:46:17] [main/INFO]: Class dev.uncandango.alltheleaks.fix.common.mods.zeta.FixCopyStack will be loaded as it matches versions: 1.0-31 in *
[00:46:17] [main/INFO]: Mixins added to allowed list: [main.StackFixRecipeCrawlHandlerMixin]
[00:46:17] [main/INFO]: Class dev.uncandango.alltheleaks.fix.common.mods.modernfix.CancelRLMixin will be loaded as it matches versions: 5.25.1+mc1.20.1 in [5.0.0,)
[00:46:17] [main/INFO]: Mixins added to cancel list: [org.embeddedt.modernfix.common.mixin.perf.deduplicate_location.MixinResourceLocation]
[00:46:17] [main/INFO]: Class dev.uncandango.alltheleaks.fix.common.mods.kubejs.FixItemStackModification will be loaded as it matches versions: 2001.6.5-build.16 in *
[00:46:17] [main/INFO]: Mixins added to allowed list: [main.IngredientKJSMixin]
[00:46:17] [main/INFO]: Class dev.uncandango.alltheleaks.fix.common.mods.jei.FixItemStackCopy will be loaded as it matches versions: 15.20.0.112 in *
[00:46:17] [main/INFO]: Mixins added to allowed list: [main.SmithingCategoryExtensionMixin, main.NormalizedTypedItemStackMixin, main.IngredientSetMixin]
[00:46:17] [main/INFO]: Class dev.uncandango.alltheleaks.fix.common.mods.immersiveengineering.FixPreferredTagStack will be loaded as it matches versions: 1.20.1-10.2.0-183 in *
[00:46:17] [main/INFO]: Mixins added to allowed list: [main.VillagesTradelistMixin]
[00:46:17] [main/INFO]: Class dev.uncandango.alltheleaks.feature.common.mods.minecraft.MemoryMonitor will be loaded as it matches versions: 1.20.1 in 1.20.1
[00:46:17] [main/INFO]: Mixins added to allowed list: [main.PlayerMixin, main.ChunkAccessMixin, main.LevelMixin, main.MinecraftServerMixin]
[00:46:17] [main/INFO]: Class dev.uncandango.alltheleaks.feature.common.mods.minecraft.ClearLeakedLevelChunks will be loaded as it matches versions: 1.20.1 in 1.20.1
[00:46:17] [main/INFO]: Mixins added to allowed list: [accessor.LevelAccessor, main.RebindableTickingBlockEntityWrapperMixin, accessor.LevelChunkAccessor]
[00:46:17] [main/WARN]: Error loading class: me/cominixo/betterf3/modules/TargetModule (java.lang.ClassNotFoundException: me.cominixo.betterf3.modules.TargetModule)
[00:46:17] [main/WARN]: @Mixin target me.cominixo.betterf3.modules.TargetModule was not found securitycraft.mixins.json:f3.BetterF3TargetModuleMixin from mod securitycraft
[00:46:17] [main/WARN]: Error loading class: mekanism/client/render/entity/RenderFlame (java.lang.ClassNotFoundException: mekanism.client.render.entity.RenderFlame)
[00:46:17] [main/WARN]: Error loading class: mekanism/client/render/armor/MekaSuitArmor (java.lang.ClassNotFoundException: mekanism.client.render.armor.MekaSuitArmor)
[00:46:17] [main/WARN]: Error loading class: dev/tr7zw/skinlayers/render/CustomizableModelPart (java.lang.ClassNotFoundException: dev.tr7zw.skinlayers.render.CustomizableModelPart)
[00:46:17] [main/WARN]: Error loading class: org/tlauncher/TLSkinCape (java.lang.ClassNotFoundException: org.tlauncher.TLSkinCape)
[00:46:17] [main/WARN]: Error loading class: io/socol/betterthirdperson/api/CustomCamera (java.lang.ClassNotFoundException: io.socol.betterthirdperson.api.CustomCamera)
[00:46:17] [main/WARN]: @Mixin target io.socol.betterthirdperson.api.CustomCamera was not found conflict_fix.mixins.json:MixinBetterThirdPerson from mod create_hypertube
[00:46:17] [main/WARN]: Error loading class: io/socol/betterthirdperson/api/CustomCameraManager (java.lang.ClassNotFoundException: io.socol.betterthirdperson.api.CustomCameraManager)
[00:46:17] [main/WARN]: @Mixin target io.socol.betterthirdperson.api.CustomCameraManager was not found conflict_fix.mixins.json:MixinCustomCameraManager from mod create_hypertube
[00:46:17] [main/WARN]: Error loading class: vazkii/quark/addons/oddities/inventory/BackpackMenu (java.lang.ClassNotFoundException: vazkii.quark.addons.oddities.inventory.BackpackMenu)
[00:46:17] [main/WARN]: Error loading class: com/dsvv/cbcat/cannon/twin_autocannon/contraption/MountedTwinAutocannonContraption (java.lang.ClassNotFoundException: com.dsvv.cbcat.cannon.twin_autocannon.contraption.MountedTwinAutocannonContraption)
[00:46:17] [main/WARN]: @Mixin target com.dsvv.cbcat.cannon.twin_autocannon.contraption.MountedTwinAutocannonContraption was not found create_radar.mixins.json:AutoCannonAccessor from mod create_radar
[00:46:17] [main/WARN]: Error loading class: com/dsvv/cbcat/cannon/heavy_autocannon/contraption/MountedHeavyAutocannonContraption (java.lang.ClassNotFoundException: com.dsvv.cbcat.cannon.heavy_autocannon.contraption.MountedHeavyAutocannonContraption)
[00:46:17] [main/WARN]: @Mixin target com.dsvv.cbcat.cannon.heavy_autocannon.contraption.MountedHeavyAutocannonContraption was not found create_radar.mixins.json:AutoCannonAccessor from mod create_radar
[00:46:18] [main/WARN]: Error loading class: com/ultramega/cabletiers/node/TieredConstructorNetworkNode (java.lang.ClassNotFoundException: com.ultramega.cabletiers.node.TieredConstructorNetworkNode)
[00:46:18] [main/WARN]: @Mixin target com.ultramega.cabletiers.node.TieredConstructorNetworkNode was not found mixins.rsmixin.json:common.cabletiers.TieredConstructorNetworkNodeMixin from mod rsmixin
[00:46:18] [main/WARN]: Error loading class: com/ultramega/cabletiers/node/TieredDestructorNetworkNode (java.lang.ClassNotFoundException: com.ultramega.cabletiers.node.TieredDestructorNetworkNode)
[00:46:18] [main/WARN]: @Mixin target com.ultramega.cabletiers.node.TieredDestructorNetworkNode was not found mixins.rsmixin.json:common.cabletiers.TieredDestructorNetworkNodeMixin from mod rsmixin
[00:46:18] [main/WARN]: Error loading class: com/ultramega/cabletiers/node/diskmanipulator/TieredDiskManipulatorNetworkNode (java.lang.ClassNotFoundException: com.ultramega.cabletiers.node.diskmanipulator.TieredDiskManipulatorNetworkNode)
[00:46:18] [main/WARN]: @Mixin target com.ultramega.cabletiers.node.diskmanipulator.TieredDiskManipulatorNetworkNode was not found mixins.rsmixin.json:common.cabletiers.TieredDiskManipulatorNetworkNodeMixin from mod rsmixin
[00:46:18] [main/WARN]: Error loading class: com/ultramega/cabletiers/node/TieredExporterNetworkNode (java.lang.ClassNotFoundException: com.ultramega.cabletiers.node.TieredExporterNetworkNode)
[00:46:18] [main/WARN]: @Mixin target com.ultramega.cabletiers.node.TieredExporterNetworkNode was not found mixins.rsmixin.json:common.cabletiers.TieredExporterNetworkNodeMixin from mod rsmixin
[00:46:18] [main/WARN]: Error loading class: com/ultramega/cabletiers/node/TieredImporterNetworkNode (java.lang.ClassNotFoundException: com.ultramega.cabletiers.node.TieredImporterNetworkNode)
[00:46:18] [main/WARN]: @Mixin target com.ultramega.cabletiers.node.TieredImporterNetworkNode was not found mixins.rsmixin.json:common.cabletiers.TieredImporterNetworkNodeMixin from mod rsmixin
[00:46:18] [main/WARN]: Error loading class: com/ultramega/cabletiers/node/TieredInterfaceNetworkNode (java.lang.ClassNotFoundException: com.ultramega.cabletiers.node.TieredInterfaceNetworkNode)
[00:46:18] [main/WARN]: @Mixin target com.ultramega.cabletiers.node.TieredInterfaceNetworkNode was not found mixins.rsmixin.json:common.cabletiers.TieredInterfaceNetworkNodeMixin from mod rsmixin
[00:46:18] [main/WARN]: Error loading class: com/ultramega/cabletiers/node/TieredRequesterNetworkNode (java.lang.ClassNotFoundException: com.ultramega.cabletiers.node.TieredRequesterNetworkNode)
[00:46:18] [main/WARN]: @Mixin target com.ultramega.cabletiers.node.TieredRequesterNetworkNode was not found mixins.rsmixin.json:common.cabletiers.TieredRequesterNetworkNodeMixin from mod rsmixin
[00:46:18] [main/WARN]: Error loading class: com/enderio/conduits/common/conduit/block/ConduitBlockEntity (java.lang.ClassNotFoundException: com.enderio.conduits.common.conduit.block.ConduitBlockEntity)
[00:46:18] [main/WARN]: @Mixin target com.enderio.conduits.common.conduit.block.ConduitBlockEntity was not found mixins.rsmixin.json:common.enderio.ConduitBlockEntityTypedBackupMixin from mod rsmixin
[00:46:18] [main/WARN]: Error loading class: com/enderio/conduits/common/conduit/ConduitBundle (java.lang.ClassNotFoundException: com.enderio.conduits.common.conduit.ConduitBundle)
[00:46:18] [main/WARN]: @Mixin target com.enderio.conduits.common.conduit.ConduitBundle was not found mixins.rsmixin.json:common.enderio.ConduitBundleMixin from mod rsmixin
[00:46:18] [main/WARN]: Error loading class: edivad/extrastorage/nodes/AdvancedCrafterNetworkNode (java.lang.ClassNotFoundException: edivad.extrastorage.nodes.AdvancedCrafterNetworkNode)
[00:46:18] [main/WARN]: @Mixin target edivad.extrastorage.nodes.AdvancedCrafterNetworkNode was not found mixins.rsmixin.json:common.extrastorage.extrastorage.AdvancedCrafterNetworkNodeMixin from mod rsmixin
[00:46:18] [main/WARN]: Error loading class: edivad/extrastorage/nodes/AdvancedExporterNetworkNode (java.lang.ClassNotFoundException: edivad.extrastorage.nodes.AdvancedExporterNetworkNode)
[00:46:18] [main/WARN]: @Mixin target edivad.extrastorage.nodes.AdvancedExporterNetworkNode was not found mixins.rsmixin.json:common.extrastorage.extrastorage.AdvancedExporterNetworkNodeMixin from mod rsmixin
[00:46:18] [main/WARN]: Error loading class: edivad/extrastorage/nodes/AdvancedImporterNetworkNode (java.lang.ClassNotFoundException: edivad.extrastorage.nodes.AdvancedImporterNetworkNode)
[00:46:18] [main/WARN]: @Mixin target edivad.extrastorage.nodes.AdvancedImporterNetworkNode was not found mixins.rsmixin.json:common.extrastorage.extrastorage.AdvancedImporterNetworkNodeMixin from mod rsmixin
[00:46:18] [main/WARN]: Error loading class: net/gigabit101/rebornstorage/blocks/BlockMultiCrafter (java.lang.ClassNotFoundException: net.gigabit101.rebornstorage.blocks.BlockMultiCrafter)
[00:46:18] [main/WARN]: @Mixin target net.gigabit101.rebornstorage.blocks.BlockMultiCrafter was not found mixins.rsmixin.json:common.rebornstorage.BlockMultiCrafterMixin from mod rsmixin
[00:46:18] [main/WARN]: Error loading class: net/gigabit101/rebornstorage/containers/ContainerMultiCrafter (java.lang.ClassNotFoundException: net.gigabit101.rebornstorage.containers.ContainerMultiCrafter)
[00:46:18] [main/WARN]: @Mixin target net.gigabit101.rebornstorage.containers.ContainerMultiCrafter was not found mixins.rsmixin.json:common.rebornstorage.ContainerMultiCrafterMixin from mod rsmixin
[00:46:18] [main/WARN]: Error loading class: net/gigabit101/rebornstorage/nodes/CraftingNode (java.lang.ClassNotFoundException: net.gigabit101.rebornstorage.nodes.CraftingNode)
[00:46:18] [main/WARN]: @Mixin target net.gigabit101.rebornstorage.nodes.CraftingNode was not found mixins.rsmixin.json:common.rebornstorage.CraftingNodeMixin from mod rsmixin
[00:46:18] [main/WARN]: Error loading class: net/gigabit101/rebornstorage/core/multiblock/MultiblockControllerBase (java.lang.ClassNotFoundException: net.gigabit101.rebornstorage.core.multiblock.MultiblockControllerBase)
[00:46:18] [main/WARN]: @Mixin target net.gigabit101.rebornstorage.core.multiblock.MultiblockControllerBase was not found mixins.rsmixin.json:common.rebornstorage.MultiblockControllerBaseMixin from mod rsmixin
[00:46:18] [main/WARN]: Error loading class: net/gigabit101/rebornstorage/multiblocks/MultiBlockCrafter (java.lang.ClassNotFoundException: net.gigabit101.rebornstorage.multiblocks.MultiBlockCrafter)
[00:46:18] [main/WARN]: @Mixin target net.gigabit101.rebornstorage.multiblocks.MultiBlockCrafter was not found mixins.rsmixin.json:common.rebornstorage.MultiBlockCrafterMixin from mod rsmixin
[00:46:18] [main/WARN]: Error loading class: net/gigabit101/rebornstorage/core/multiblock/rectangular/RectangularMultiblockControllerBase (java.lang.ClassNotFoundException: net.gigabit101.rebornstorage.core.multiblock.rectangular.RectangularMultiblockControllerBase)
[00:46:18] [main/WARN]: @Mixin target net.gigabit101.rebornstorage.core.multiblock.rectangular.RectangularMultiblockControllerBase was not found mixins.rsmixin.json:common.rebornstorage.RectangularMultiblockControllerBaseMixin from mod rsmixin
[00:46:18] [main/WARN]: Error loading class: dev/stevendoesstuffs/refinedcrafterproxy/crafterproxy/CrafterProxyNetworkNode (java.lang.ClassNotFoundException: dev.stevendoesstuffs.refinedcrafterproxy.crafterproxy.CrafterProxyNetworkNode)
[00:46:18] [main/WARN]: @Mixin target dev.stevendoesstuffs.refinedcrafterproxy.crafterproxy.CrafterProxyNetworkNode was not found mixins.rsmixin.json:common.refinedcrafterproxy.CrafterProxyNetworkNodeMixin from mod rsmixin
[00:46:18] [main/WARN]: Error loading class: com/buuz135/refinedstoragerequestify/proxy/block/network/NetworkNodeRequester (java.lang.ClassNotFoundException: com.buuz135.refinedstoragerequestify.proxy.block.network.NetworkNodeRequester)
[00:46:18] [main/WARN]: @Mixin target com.buuz135.refinedstoragerequestify.proxy.block.network.NetworkNodeRequester was not found mixins.rsmixin.json:common.refinedstoragerequestify.NetworkNodeRequesterMixin from mod rsmixin
[00:46:18] [main/WARN]: Error loading class: net/gigabit101/rebornstorage/blocks/BlockMultiCrafter (java.lang.ClassNotFoundException: net.gigabit101.rebornstorage.blocks.BlockMultiCrafter)
[00:46:18] [main/WARN]: @Mixin target net.gigabit101.rebornstorage.blocks.BlockMultiCrafter was not found mixins.rsmixin.json:client.rebornstorage.BlockMultiCrafterMixin from mod rsmixin
[00:46:18] [main/WARN]: Error loading class: net/gigabit101/rebornstorage/client/screens/ScreenMultiCrafter (java.lang.ClassNotFoundException: net.gigabit101.rebornstorage.client.screens.ScreenMultiCrafter)
[00:46:18] [main/WARN]: @Mixin target net.gigabit101.rebornstorage.client.screens.ScreenMultiCrafter was not found mixins.rsmixin.json:client.rebornstorage.ScreenMultiCrafterMixin from mod rsmixin
[00:46:18] [main/WARN]: Error loading class: mezz/jei/library/plugins/vanilla/InventoryEffectRendererGuiHandler (java.lang.ClassNotFoundException: mezz.jei.library.plugins.vanilla.InventoryEffectRendererGuiHandler)
[00:46:18] [main/WARN]: @Mixin target mezz.jei.library.plugins.vanilla.InventoryEffectRendererGuiHandler was not found stylisheffects.common.mixins.json:integration.jei.InventoryEffectRendererGuiHandlerMixin from mod stylisheffects
[00:46:18] [main/WARN]: Error loading class: xfacthd/framedblocks/common/blockentity/doubled/FramedAdjustableDoubleBlockEntity (java.lang.ClassNotFoundException: xfacthd.framedblocks.common.blockentity.doubled.FramedAdjustableDoubleBlockEntity)
[00:46:18] [main/WARN]: @Mixin target xfacthd.framedblocks.common.blockentity.doubled.FramedAdjustableDoubleBlockEntity was not found createbigcannons.mixins.json:compat.FramedAdjustableDoubleBlockEntityAccessor from mod createbigcannons
[00:46:18] [main/WARN]: Error loading class: org/admany/lcmultithreaded/core/PlayerPreloader (java.lang.ClassNotFoundException: org.admany.lcmultithreaded.core.PlayerPreloader)
[00:46:18] [main/WARN]: @Mixin target org.admany.lcmultithreaded.core.PlayerPreloader was not found deceased_expansion.mixins.json:lcmultithreaded.PlayerPreloaderMixin from mod deceased_expansion
[00:46:18] [main/INFO]: Disabled 'lazy_entity_renderers.EntityRenderDispatcherMixin' due to config
[00:46:18] [main/INFO]: Disabled 'lazy_entity_renderers.curios.Curios_ClientProxyMixin' due to config
[00:46:18] [main/INFO]: Disabled 'lazy_entity_renderers.habitat.HabitatChestItemMixin' due to config
[00:46:18] [main/INFO]: Disabled 'lazy_entity_renderers.supplementaries.SignPostBlockTileRendererMixin' due to config
[00:46:18] [main/INFO]: Disabled 'lazy_entity_renderers.what_are_you_voting_for_2023.ClientEventBusSubscriberMixin' due to config
[00:46:18] [main/WARN]: Error loading class: net/jitl/client/ClientLoginChecker (java.lang.ClassNotFoundException: net.jitl.client.ClientLoginChecker)
[00:46:18] [main/WARN]: @Mixin target net.jitl.client.ClientLoginChecker was not found lazyyyyy.forge.mixins.json:jitl.fix_login_crash.ClientLoginCheckerMixin from mod lazyyyyy
[00:46:18] [main/WARN]: Error loading class: com/ultramega/cabletiers/registry/ClientEventHandler (java.lang.ClassNotFoundException: com.ultramega.cabletiers.registry.ClientEventHandler)
[00:46:18] [main/WARN]: @Mixin target com.ultramega.cabletiers.registry.ClientEventHandler was not found lazyyyyy.forge.mixins.json:lazy_model_bake.cable_tiers.ClientEventHandlerMixin from mod lazyyyyy
[00:46:18] [main/INFO]: Disabled 'lazy_entity_renderers.big_brain.BigBrainRendererEventsMixin' due to config
[00:46:18] [main/INFO]: Disabled 'lazy_entity_renderers.bovines_and_buttercups.BovinesAndButtercupsClientForgeMixin' due to config
[00:46:18] [main/INFO]: Disabled 'lazy_entity_renderers.cloudstorage.ClientProxyMixin' due to config
[00:46:18] [main/INFO]: Disabled 'lazy_entity_renderers.curios.EntityRenderDispatcherMixin' due to config
[00:46:18] [main/INFO]: Disabled 'lazy_entity_renderers.joy_of_painting.EntityRenderDispatcherMixin' due to config
[00:46:18] [main/INFO]: Disabled 'lazy_entity_renderers.quark.UsesForCursesModule_ClientMixin' due to config
[00:46:18] [main/INFO]: Disabled 'lazy_entity_renderers.taniwha.TForgeClientEventsMixin' due to config
[00:46:18] [main/INFO]: Loaded config for: recipeessentials.json
[00:46:18] [main/WARN]: Error loading class: net/caffeinemc/mods/sodium/client/model/light/data/ArrayLightDataCache (java.lang.ClassNotFoundException: net.caffeinemc.mods.sodium.client.model.light.data.ArrayLightDataCache)
[00:46:18] [main/WARN]: Error loading class: net/caffeinemc/mods/sodium/client/model/light/flat/FlatLightPipeline (java.lang.ClassNotFoundException: net.caffeinemc.mods.sodium.client.model.light.flat.FlatLightPipeline)
[00:46:18] [main/WARN]: Error loading class: net/caffeinemc/mods/sodium/client/model/light/data/LightDataAccess (java.lang.ClassNotFoundException: net.caffeinemc.mods.sodium.client.model.light.data.LightDataAccess)
[00:46:18] [main/WARN]: Error loading class: mezz/modnametooltip/TooltipEventHandler (java.lang.ClassNotFoundException: mezz.modnametooltip.TooltipEventHandler)
[00:46:18] [main/WARN]: Error loading class: me/shedaniel/rei/impl/client/ClientHelperImpl (java.lang.ClassNotFoundException: me.shedaniel.rei.impl.client.ClientHelperImpl)
[00:46:18] [main/WARN]: Error loading class: net/dries007/tfc/common/fluids/MixingFluid (java.lang.ClassNotFoundException: net.dries007.tfc.common.fluids.MixingFluid)
[00:46:18] [main/WARN]: @Mixin target net.dries007.tfc.common.fluids.MixingFluid was not found particular.mixins.json:compat.TFCMixingFluidMixin from mod particular
[00:46:18] [main/WARN]: Error loading class: net/dries007/tfc/common/fluids/RiverWaterFluid (java.lang.ClassNotFoundException: net.dries007.tfc.common.fluids.RiverWaterFluid)
[00:46:18] [main/WARN]: @Mixin target net.dries007.tfc.common.fluids.RiverWaterFluid was not found particular.mixins.json:compat.TFCWaterMixin from mod particular
[00:46:18] [main/WARN]: Error loading class: dev/emi/emi/screen/EmiScreenManager (java.lang.ClassNotFoundException: dev.emi.emi.screen.EmiScreenManager)
[00:46:18] [main/WARN]: Error loading class: net/strobel/inventive_inventory/features/sorting/SortingHandler (java.lang.ClassNotFoundException: net.strobel.inventive_inventory.features.sorting.SortingHandler)
[00:46:18] [main/WARN]: Error loading class: de/rubixdev/inventorio/player/InventorioScreenHandler (java.lang.ClassNotFoundException: de.rubixdev.inventorio.player.InventorioScreenHandler)
[00:46:18] [main/INFO]: Disabled 'lazy_entity_renderers.entity_model_features.EMFManagerMixin' due to config
[00:46:18] [main/WARN]: Error loading class: net/sweenus/simplyswords/config/Config (java.lang.ClassNotFoundException: net.sweenus.simplyswords.config.Config)
[00:46:18] [main/WARN]: @Mixin target net.sweenus.simplyswords.config.Config was not found lazyyyyy.mixins.json:simply_swords.faster_config.ConfigMixin from mod (unknown)
[00:46:18] [main/INFO]: Disabled 'async_model_baking.EntityModelSetMixin' due to config
[00:46:18] [main/INFO]: Disabled 'async_model_baking.ModelPartAccessor' due to config
[00:46:18] [main/INFO]: Disabled 'lazy_entity_renderers.BlockEntityRenderDispatcherAccessor' due to config
[00:46:18] [main/INFO]: Disabled 'lazy_entity_renderers.BlockEntityRenderDispatcherMixin' due to config
[00:46:18] [main/INFO]: Disabled 'lazy_entity_renderers.BlockEntityRenderersMixin' due to config
[00:46:18] [main/INFO]: Disabled 'lazy_entity_renderers.EntityRenderDispatcherAccessor' due to config
[00:46:18] [main/INFO]: Disabled 'lazy_entity_renderers.EntityRenderDispatcherMixin' due to config
[00:46:18] [main/INFO]: Disabled 'lazy_entity_renderers.EntityRendererAccessor' due to config
[00:46:18] [main/INFO]: Disabled 'lazy_entity_renderers.EntityRenderersMixin' due to config
[00:46:18] [main/INFO]: Disabled 'lazy_entity_renderers.LivingEntityRendererAccessor' due to config
[00:46:18] [main/INFO]: Disabled 'lazy_entity_renderers.botania.EntityRenderDispatcherMixin' due to config
[00:46:18] [main/INFO]: Disabled 'lazy_entity_renderers.botania.GaiaGuardianRendererMixin' due to config
[00:46:18] [main/INFO]: Disabled 'lazy_entity_renderers.spectrum.SpectrumSkullBlockEntityRendererMixin' due to config
[00:46:18] [main/WARN]: Error loading class: com/faboslav/structurify/common/config/client/gui/widget/ImageButtonWidget (java.lang.ClassNotFoundException: com.faboslav.structurify.common.config.client.gui.widget.ImageButtonWidget)
[00:46:18] [main/WARN]: @Mixin target com.faboslav.structurify.common.config.client.gui.widget.ImageButtonWidget was not found lazyyyyy.mixins.json:yacl.lazy_animated_image.structurify.ImageButtonWidgetMixin from mod (unknown)
[00:46:19] [main/WARN]: Error loading class: journeymap/client/ui/fullscreen/Fullscreen (java.lang.ClassNotFoundException: journeymap.client.ui.fullscreen.Fullscreen)
[00:46:19] [main/WARN]: @Mixin target journeymap.client.ui.fullscreen.Fullscreen was not found create.mixins.json:compat.JourneyFullscreenMapMixin from mod create
[00:46:19] [main/WARN]: Force-disabling mixin 'features.render.world.sky.WorldRendererMixin' as rule 'mixin.features.render.world.sky' (added by mods [oculus]) disables it and children
[00:46:19] [main/WARN]: Force-disabling mixin 'features.render.world.sky.ClientWorldMixin' as rule 'mixin.features.render.world.sky' (added by mods [oculus]) disables it and children
[00:46:19] [main/WARN]: Force-disabling mixin 'features.render.world.sky.BackgroundRendererMixin' as rule 'mixin.features.render.world.sky' (added by mods [oculus]) disables it and children
[00:46:19] [main/WARN]: Force-disabling mixin 'features.render.gui.font.GlyphRendererMixin' as rule 'mixin.features.render.gui.font' (added by mods [oculus]) disables it and children
[00:46:19] [main/WARN]: Force-disabling mixin 'features.render.gui.font.FontSetMixin' as rule 'mixin.features.render.gui.font' (added by mods [oculus]) disables it and children
[00:46:19] [main/WARN]: Force-disabling mixin 'features.render.entity.shadows.EntityRenderDispatcherMixin' as rule 'mixin.features.render.entity' (added by mods [oculus]) disables it and children
[00:46:19] [main/WARN]: Force-disabling mixin 'features.render.entity.remove_streams.ModelPartMixin' as rule 'mixin.features.render.entity' (added by mods [oculus]) disables it and children
[00:46:19] [main/WARN]: Force-disabling mixin 'features.render.entity.remove_streams.HierarchicalModelMixin' as rule 'mixin.features.render.entity' (added by mods [oculus]) disables it and children
[00:46:19] [main/WARN]: Force-disabling mixin 'features.render.entity.fast_render.ModelPartMixin' as rule 'mixin.features.render.entity' (added by mods [oculus]) disables it and children
[00:46:19] [main/WARN]: Force-disabling mixin 'features.render.entity.fast_render.CuboidMixin' as rule 'mixin.features.render.entity' (added by mods [oculus]) disables it and children
[00:46:19] [main/WARN]: Force-disabling mixin 'features.render.entity.cull.EntityRendererMixin' as rule 'mixin.features.render.entity' (added by mods [oculus]) disables it and children
[00:46:19] [main/INFO]: Patching EffectRenderingInventoryScreen#renderEffects
[00:46:19] [main/WARN]: Error loading class: com/dsvv/cbcat/cannon/twin_autocannon/contraption/MountedTwinAutocannonContraption (java.lang.ClassNotFoundException: com.dsvv.cbcat.cannon.twin_autocannon.contraption.MountedTwinAutocannonContraption)
[00:46:19] [main/WARN]: Error loading class: com/dsvv/cbcat/cannon/heavy_autocannon/contraption/MountedHeavyAutocannonContraption (java.lang.ClassNotFoundException: com.dsvv.cbcat.cannon.heavy_autocannon.contraption.MountedHeavyAutocannonContraption)
[00:46:19] [main/WARN]: Error loading class: com/dsvv/cbcat/cannon/twin_autocannon/contraption/MountedTwinAutocannonContraption (java.lang.ClassNotFoundException: com.dsvv.cbcat.cannon.twin_autocannon.contraption.MountedTwinAutocannonContraption)
[00:46:19] [main/WARN]: Error loading class: com/dsvv/cbcat/cannon/heavy_autocannon/contraption/MountedHeavyAutocannonContraption (java.lang.ClassNotFoundException: com.dsvv.cbcat.cannon.heavy_autocannon.contraption.MountedHeavyAutocannonContraption)
[00:46:19] [main/WARN]: Error loading class: net/caffeinemc/mods/sodium/client/model/light/data/ArrayLightDataCache (java.lang.ClassNotFoundException: net.caffeinemc.mods.sodium.client.model.light.data.ArrayLightDataCache)
[00:46:19] [main/WARN]: Error loading class: net/caffeinemc/mods/sodium/client/model/light/data/ArrayLightDataCache (java.lang.ClassNotFoundException: net.caffeinemc.mods.sodium.client.model.light.data.ArrayLightDataCache)
[00:46:19] [main/WARN]: Error loading class: net/caffeinemc/mods/sodium/client/model/light/flat/FlatLightPipeline (java.lang.ClassNotFoundException: net.caffeinemc.mods.sodium.client.model.light.flat.FlatLightPipeline)
[00:46:19] [main/WARN]: Error loading class: net/caffeinemc/mods/sodium/client/model/light/flat/FlatLightPipeline (java.lang.ClassNotFoundException: net.caffeinemc.mods.sodium.client.model.light.flat.FlatLightPipeline)
[00:46:19] [main/WARN]: Error loading class: net/caffeinemc/mods/sodium/client/model/light/data/LightDataAccess (java.lang.ClassNotFoundException: net.caffeinemc.mods.sodium.client.model.light.data.LightDataAccess)
[00:46:19] [main/WARN]: Error loading class: net/caffeinemc/mods/sodium/client/model/light/data/LightDataAccess (java.lang.ClassNotFoundException: net.caffeinemc.mods.sodium.client.model.light.data.LightDataAccess)
[00:46:19] [main/WARN]: Error loading class: org/jetbrains/annotations/ApiStatus$Internal (java.lang.ClassNotFoundException: org.jetbrains.annotations.ApiStatus$Internal)
[00:46:19] [Thread-22/INFO]: [java.lang.ThreadGroup:uncaughtException:-1]: java.util.ConcurrentModificationException
[00:46:19] [Thread-22/INFO]: [java.lang.ThreadGroup:uncaughtException:-1]: 	at java.base/java.util.LinkedHashMap$LinkedHashIterator.nextNode(Unknown Source)
[00:46:19] [Thread-22/INFO]: [java.lang.ThreadGroup:uncaughtException:-1]: 	at java.base/java.util.LinkedHashMap$LinkedValueIterator.next(Unknown Source)
[00:46:19] [Thread-22/INFO]: [java.lang.ThreadGroup:uncaughtException:-1]: 	at MC-BOOTSTRAP/cpw.mods.modlauncher@10.0.9/cpw.mods.modlauncher.LaunchPluginHandler.computeLaunchPluginTransformerSet(LaunchPluginHandler.java:68)
[00:46:19] [Thread-22/INFO]: [java.lang.ThreadGroup:uncaughtException:-1]: 	at MC-BOOTSTRAP/cpw.mods.modlauncher@10.0.9/cpw.mods.modlauncher.ClassTransformer.transform(ClassTransformer.java:64)
[00:46:19] [Thread-22/INFO]: [java.lang.ThreadGroup:uncaughtException:-1]: 	at MC-BOOTSTRAP/cpw.mods.modlauncher@10.0.9/cpw.mods.modlauncher.TransformingClassLoader.maybeTransformClassBytes(TransformingClassLoader.java:50)
[00:46:19] [Thread-22/INFO]: [java.lang.ThreadGroup:uncaughtException:-1]: 	at cpw.mods.securejarhandler/cpw.mods.cl.ModuleClassLoader.readerToClass(ModuleClassLoader.java:113)
[00:46:19] [Thread-22/INFO]: [java.lang.ThreadGroup:uncaughtException:-1]: 	at cpw.mods.securejarhandler/cpw.mods.cl.ModuleClassLoader.lambda$findClass$15(ModuleClassLoader.java:219)
[00:46:19] [Thread-22/INFO]: [java.lang.ThreadGroup:uncaughtException:-1]: 	at cpw.mods.securejarhandler/cpw.mods.cl.ModuleClassLoader.loadFromModule(ModuleClassLoader.java:229)
[00:46:19] [Thread-22/INFO]: [java.lang.ThreadGroup:uncaughtException:-1]: 	at cpw.mods.securejarhandler/cpw.mods.cl.ModuleClassLoader.findClass(ModuleClassLoader.java:219)
[00:46:19] [Thread-22/INFO]: [java.lang.ThreadGroup:uncaughtException:-1]: 	at cpw.mods.securejarhandler/cpw.mods.cl.ModuleClassLoader.loadClass(ModuleClassLoader.java:135)
[00:46:19] [Thread-22/INFO]: [java.lang.ThreadGroup:uncaughtException:-1]: 	at java.base/java.lang.ClassLoader.loadClass(Unknown Source)
[00:46:19] [Thread-22/INFO]: [java.lang.ThreadGroup:uncaughtException:-1]: 	at TRANSFORMER/modernfix@5.25.1+mc1.20.1/org.embeddedt.modernfix.forge.config.NightConfigWatchThrottler$1.values(NightConfigWatchThrottler.java:37)
[00:46:19] [Thread-22/INFO]: [java.lang.ThreadGroup:uncaughtException:-1]: 	at MC-BOOTSTRAP/com.electronwill.nightconfig.core@3.6.4/com.electronwill.nightconfig.core.file.FileWatcher$WatcherThread.run(FileWatcher.java:162)
[00:46:19] [main/INFO]: Initializing MixinExtras via com.llamalad7.mixinextras.service.MixinExtrasServiceImpl(version=0.5.0).
[00:46:20] [main/INFO]: Smooth Boot (Reloaded) config initialized
[00:46:20] [main/WARN]: Static binding violation: PRIVATE @Overwrite method m_216202_ in modernfix-forge.mixins.json:perf.tag_id_caching.TagOrElementLocationMixin from mod modernfix cannot reduce visibiliy of PUBLIC target method, visibility will be upgraded.
[00:46:20] [main/INFO]: [net.minecraft.client.main.Main:main:99]: Completely ignored arguments: [, , ]
[00:46:21] [main/INFO]: Patching IForgeItemStack#getEnchantmentLevel
[00:46:21] [main/INFO]: Patching IForgeItemStack#getEnchantmentLevel
[00:46:21] [main/WARN]: @Inject(@At("INVOKE")) Shift.BY=1 on crittersandcompanions.mixins.json:LivingEntityMixin from mod crittersandcompanions::handler$fkp001$crittersandcompanions$onDie exceeds the maximum allowed value: 0. Increase the value of maxShiftBy to suppress this warning.
[00:46:22] [main/INFO]: Patching EffectRenderingInventoryScreen#renderEffects
[00:46:22] [pool-5-thread-1/INFO]: ModernFix reached bootstrap stage (23.42 s after launch)
[00:46:22] [pool-5-thread-1/WARN]: @Final field delegatesByName:Ljava/util/Map; in modernfix-forge.mixins.json:perf.forge_registry_alloc.ForgeRegistryMixin from mod modernfix should be final
[00:46:22] [pool-5-thread-1/WARN]: @Final field delegatesByValue:Ljava/util/Map; in modernfix-forge.mixins.json:perf.forge_registry_alloc.ForgeRegistryMixin from mod modernfix should be final
[00:46:22] [pool-5-thread-1/INFO]: Injecting BlockStateBase cache population hook into getNeighborPathNodeType from me.jellysquid.mods.lithium.mixin.ai.pathing.AbstractBlockStateMixin
[00:46:22] [pool-5-thread-1/INFO]: Injecting BlockStateBase cache population hook into getPathNodeType from me.jellysquid.mods.lithium.mixin.ai.pathing.AbstractBlockStateMixin
[00:46:22] [pool-5-thread-1/INFO]: Injecting BlockStateBase cache population hook into getAllFlags from me.jellysquid.mods.lithium.mixin.util.block_tracking.AbstractBlockStateMixin
[00:46:23] [pool-5-thread-1/WARN]: @Redirect conflict. Skipping mixins.redirected_forge_1.20.1.json:net.minecraft.world.level.block.piston.PistonBaseBlockMixin from mod redirected->@Redirect::redirectDirections()[Lnet/minecraft/core/Direction; with priority 10, already redirected by lithium.mixins.json:alloc.enum_values.piston_block.PistonBlockMixin from mod radium->@Redirect::removeAllocation()[Lnet/minecraft/core/Direction; with priority 1000
[00:46:23] [pool-5-thread-1/WARN]: @Redirect conflict. Skipping mixins.redirected_forge_1.20.1.json:net.minecraft.world.level.block.piston.PistonBaseBlockMixin from mod redirected->@Redirect::redirectDirections()[Lnet/minecraft/core/Direction; with priority 10, already redirected by lithium.mixins.json:alloc.enum_values.piston_block.PistonBlockMixin from mod radium->@Redirect::removeAllocation()[Lnet/minecraft/core/Direction; with priority 1000
[00:46:23] [pool-5-thread-1/WARN]: @Redirect conflict. Skipping mixins.redirected_forge_1.20.1.json:net.minecraft.world.level.block.RedStoneWireBlockMixin from mod redirected->@Redirect::redirectDirections()[Lnet/minecraft/core/Direction; with priority 10, already redirected by lithium.mixins.json:alloc.enum_values.redstone_wire.RedstoneWireBlockMixin from mod radium->@Redirect::removeAllocation1()[Lnet/minecraft/core/Direction; with priority 1000
[00:46:23] [pool-5-thread-1/WARN]: @Redirect conflict. Skipping mixins.redirected_forge_1.20.1.json:net.minecraft.world.level.block.RedStoneWireBlockMixin from mod redirected->@Redirect::redirectDirections()[Lnet/minecraft/core/Direction; with priority 10, already redirected by lithium.mixins.json:alloc.enum_values.redstone_wire.RedstoneWireBlockMixin from mod radium->@Redirect::removeAllocation2()[Lnet/minecraft/core/Direction; with priority 1000
[00:46:23] [pool-5-thread-1/INFO]: Patching IForgeItemStack#getEnchantmentLevel
[00:46:23] [pool-5-thread-1/INFO]: Patching IForgeItemStack#getEnchantmentLevel
[00:46:23] [pool-5-thread-1/INFO]: Vanilla bootstrap took 1198 milliseconds
[00:46:23] [pool-5-thread-1/WARN]: @ModifyConstant conflict. Skipping connectivity.mixins.json:ClientBoundCustomPayloadPacketLMixin from mod connectivity->@ModifyConstant::modifyLimit(I)I with priority 1, already redirected by packetfixer.v1_19_4.forge.mixins.json:v1_19_4_forge.ClientboundCustomPayloadPacketMixin from mod packetfixer->@ModifyConstant::packetfixer$newSize(I)I with priority 1000
[00:46:23] [pool-5-thread-1/WARN]: @ModifyConstant conflict. Skipping connectivity.mixins.json:ClientBoundCustomPayloadPacketLMixin from mod connectivity->@ModifyConstant::modifyLimit(I)I with priority 1, already redirected by packetfixer.v1_19_4.forge.mixins.json:v1_19_4_forge.ClientboundCustomPayloadPacketMixin from mod packetfixer->@ModifyConstant::packetfixer$newSize(I)I with priority 1000
[00:46:23] [pool-5-thread-1/WARN]: @Redirect conflict. Skipping mixins.redirected_forge_1.20.1.json:net.minecraft.world.level.block.piston.PistonStructureResolverMixin from mod redirected->@Redirect::redirectDirections()[Lnet/minecraft/core/Direction; with priority 10, already redirected by lithium.mixins.json:alloc.enum_values.piston_handler.PistonHandlerMixin from mod radium->@Redirect::removeAllocation()[Lnet/minecraft/core/Direction; with priority 1000
[00:46:24] [pool-5-thread-1/WARN]: @Inject(@At("INVOKE_ASSIGN")) Shift.BY=2 on refurbished_furniture.common.mixins.json:LevelChunkMixin from mod refurbished_furniture::handler$glp000$refurbished_furniture$refurbishedFurniture$AfterRemoveBlockEntity exceeds the maximum allowed value: 0. Increase the value of maxShiftBy to suppress this warning.
[00:46:25] [pool-5-thread-1/WARN]: @ModifyConstant conflict. Skipping packetfixer.v1_19_4.forge.mixins.json:v1_19_4_forge.ServerGamePacketListenerImplMixin from mod packetfixer->@ModifyConstant::packetfixer$tick(J)J with priority 1000, already redirected by connectivity.mixins.json:ServerPlayNetHandlerMixin from mod connectivity->@ModifyConstant::playTimeout(J)J with priority 1001
[00:46:26] [pool-5-thread-1/WARN]: Static binding violation: PRIVATE @Overwrite method m_47505_ in modernfix-common.mixins.json:perf.remove_biome_temperature_cache.BiomeMixin from mod modernfix cannot reduce visibiliy of PUBLIC target method, visibility will be upgraded.
[00:46:26] [pool-5-thread-1/WARN]: Method overwrite conflict for m_47505_ in lithium.mixins.json:world.temperature_cache.BiomeMixin from mod radium, previously written by org.embeddedt.modernfix.common.mixin.perf.remove_biome_temperature_cache.BiomeMixin. Skipping method.
[00:46:26] [Render thread/WARN]: Assets URL 'union:/C:/Users/Leandro/curseforge/minecraft/Install/libraries/net/minecraft/client/1.20.1-20230612.114412/client-1.20.1-20230612.114412-srg.jar%23775!/assets/.mcassetsroot' uses unexpected schema
[00:46:26] [Render thread/WARN]: Assets URL 'union:/C:/Users/Leandro/curseforge/minecraft/Install/libraries/net/minecraft/client/1.20.1-20230612.114412/client-1.20.1-20230612.114412-srg.jar%23775!/data/.mcassetsroot' uses unexpected schema
[00:46:26] [Render thread/INFO]: Environment: authHost='https://authserver.mojang.com', accountsHost='https://api.mojang.com', sessionHost='https://sessionserver.mojang.com', servicesHost='https://api.minecraftservices.com', name='PROD'
[00:46:28] [Render thread/INFO]: Setting user: iLelesan
[00:46:28] [Render thread/INFO]: Bypassed Mojang DFU
[00:46:28] [Render thread/INFO]: File exists, reading config for elocindev.resistance_balancer.config.ResistanceBalancerConfig.
[00:46:28] [Render thread/INFO]: Config for elocindev.resistance_balancer.config.ResistanceBalancerConfig read successfully.
[00:46:28] [Render thread/INFO]: BeforeConstant is searching for constants in method with descriptor (Lnet/minecraft/network/chat/Component;Lnet/minecraft/client/GuiMessageTag;)V
[00:46:28] [Render thread/INFO]:   BeforeConstant found STRING constant: value = , stringValue = null
[00:46:28] [Render thread/INFO]:     BeforeConstant found a matching constant TYPE at ordinal 0
[00:46:28] [Render thread/INFO]:       BeforeConstant found LdcInsn 
[00:46:28] [Render thread/INFO]:   BeforeConstant found STRING constant: value = \\r, stringValue = null
[00:46:28] [Render thread/INFO]:     BeforeConstant found a matching constant TYPE at ordinal 1
[00:46:28] [Render thread/INFO]:       BeforeConstant found LdcInsn \\r
[00:46:28] [Render thread/INFO]:   BeforeConstant found STRING constant: value = 
, stringValue = null
[00:46:28] [Render thread/INFO]:     BeforeConstant found a matching constant TYPE at ordinal 2
[00:46:28] [Render thread/INFO]:       BeforeConstant found LdcInsn 

[00:46:28] [Render thread/INFO]:   BeforeConstant found STRING constant: value = \\n, stringValue = null
[00:46:28] [Render thread/INFO]:     BeforeConstant found a matching constant TYPE at ordinal 3
[00:46:28] [Render thread/INFO]:       BeforeConstant found LdcInsn \\n
[00:46:28] [Render thread/INFO]:   BeforeConstant found CLASS constant: value = Ljava/lang/String;, typeValue = null
[00:46:28] [Render thread/INFO]:   BeforeConstant found STRING constant: value = [{}] [CHAT] {}, stringValue = null
[00:46:28] [Render thread/INFO]:     BeforeConstant found a matching constant TYPE at ordinal 4
[00:46:28] [Render thread/INFO]:       BeforeConstant found LdcInsn [{}] [CHAT] {}
[00:46:28] [Render thread/INFO]:   BeforeConstant found STRING constant: value = [CHAT] {}, stringValue = null
[00:46:28] [Render thread/INFO]:     BeforeConstant found a matching constant TYPE at ordinal 5
[00:46:28] [Render thread/INFO]:       BeforeConstant found LdcInsn [CHAT] {}
[00:46:28] [Render thread/INFO]: options.txt already exists - last modified 1779334987448
[00:46:28] [Render thread/INFO]: Loaded default options for servers.dat
[00:46:28] [Render thread/INFO]: Loaded default options for extra-folder
[00:46:28] [Render thread/INFO]: Added resource packs: [vanilla, tacz_resources, mod_resources, Moonlight Mods Dynamic Assets, fabric, hordes-config, file/-1.21.2 Fresh Moves v3.1 (No Animated Eyes).zip, file/Itsme64's no potion particles [1.5.1].zip, file/LAP_1.20.1_0.5CSM.zip, file/TZP_1.20.1_2.7.zip, file/§6No Enchant Glint 1.20.1.zip, file/Deceasedcraft Screen Tweak 1.20.1.zip, file/MandalasGUI+Dakmode_1.20.1.zip, file/Lopy-Create-Pipez.zip, scholar:colored_books, scholar:chiseled_bookshelf_colored_books]
[00:46:28] [Render thread/INFO]: Backend library: LWJGL version 3.3.1 build 7
[00:46:28] [Render thread/INFO]: Loaded client.properties
[00:46:28] [Render thread/ERROR]: Mod mixin into Embeddium internals detected. This instance is now tainted. The Embeddium team does not provide any guarantee of support for issues encountered while such mods are installed.
[00:46:28] [Render thread/WARN]: Mod(s) [oculus] are modifying Embeddium class me.jellysquid.mods.sodium.client.gui.SodiumGameOptions, which may cause instability.
[00:46:28] [Render thread/INFO]: OpenGL Vendor: ATI Technologies Inc.
[00:46:28] [Render thread/INFO]: OpenGL Renderer: AMD Radeon RX 7600
[00:46:28] [Render thread/INFO]: OpenGL Version: 4.6.0 Core Profile Context 26.5.1.260408
[00:46:28] [Render thread/INFO]: Initializing ImmediatelyFast 1.5.1+1.20.4 on AMD Radeon RX 7600 (ATI Technologies Inc.) with OpenGL 4.6.0 Core Profile Context 26.5.1.260408
[00:46:28] [Render thread/INFO]: Found Iris/Oculus 1.8.0. Enabling compatibility.
[00:46:29] [Render thread/INFO]: Debug functionality is disabled.
[00:46:29] [Render thread/INFO]: OpenGL 4.5 detected, enabling DSA.
[00:46:29] [Render thread/INFO]: Shaders are disabled because enableShaders is set to false in iris.properties
[00:46:29] [Render thread/INFO]: Shaders are disabled
[00:46:29] [Render thread/INFO]: Is OIT supported: true
[00:46:29] [modloading-worker-0/INFO]: Trying to load common config
[00:46:29] [modloading-worker-0/INFO]: Starting Engineered Schematics
[00:46:29] [modloading-worker-0/INFO]: Better Compatibility Checker starting
[00:46:29] [modloading-worker-0/INFO]: Trying to load client config
[00:46:29] [modloading-worker-0/INFO]: Config files are up to date, skipping data/asset generation
[00:46:29] [modloading-worker-0/WARN]: Mod(s) [sodiumoptionsapi, oculus] are modifying Embeddium class me.jellysquid.mods.sodium.client.gui.SodiumOptionsGUI, which may cause instability.
[00:46:29] [modloading-worker-0/INFO]: Found (COMMON) InsaneLib Feature class insane96mcp.enhancedai.modules.animal.AnimalScaredAttack
[00:46:29] [modloading-worker-0/WARN]: Feature AnimalScaredAttack uses deprecated @Label annotation. Requires migration to @LoadFeature
[00:46:30] [modloading-worker-0/INFO]: Hello from Corpse Curios Compat!
[00:46:30] [modloading-worker-0/WARN]: @Redirect conflict. Skipping recipeessentials.mixins.json:RecipeManagerMixin from mod recipeessentials->@Redirect::logErrorOnce(Lorg/slf4j/Logger;Ljava/lang/String;Ljava/lang/Object;Ljava/lang/Object;)V with priority 200, already redirected by modernfix-forge.mixins.json:perf.datapack_reload_exceptions.RecipeManagerMixin from mod modernfix->@Redirect::silenceException(Lorg/slf4j/Logger;Ljava/lang/String;Ljava/lang/Object;Ljava/lang/Object;)V with priority 2000
[00:46:30] [modloading-worker-0/INFO]: Found (COMMON) InsaneLib Feature class insane96mcp.enhancedai.modules.animal.AnimalsGroupFlee
[00:46:30] [modloading-worker-0/WARN]: Feature AnimalsGroupFlee uses deprecated @Label annotation. Requires migration to @LoadFeature
[00:46:30] [modloading-worker-0/INFO]: Found (COMMON) InsaneLib Feature class insane96mcp.enhancedai.modules.animal.NotTemptedAnimals
[00:46:30] [modloading-worker-0/WARN]: Feature NotTemptedAnimals uses deprecated @Label annotation. Requires migration to @LoadFeature
[00:46:30] [modloading-worker-0/INFO]: Found (COMMON) InsaneLib Feature class insane96mcp.enhancedai.modules.blaze.BlazeAttack
[00:46:30] [modloading-worker-0/WARN]: Feature BlazeAttack uses deprecated @Label annotation. Requires migration to @LoadFeature
[00:46:30] [modloading-worker-0/WARN]: Method overwrite conflict for sodium$createViewport in embeddium.mixins.json:core.render.frustum.FrustumMixin from mod embeddium, previously written by com.moepus.flerovium.mixins.Chunk.FrustumMixin. Skipping method.
[00:46:30] [modloading-worker-0/INFO]: Found (COMMON) InsaneLib Feature class insane96mcp.enhancedai.modules.bugs.silverfish.SilverfishFeature
[00:46:30] [modloading-worker-0/WARN]: Feature SilverfishFeature uses deprecated @Label annotation. Requires migration to @LoadFeature
[00:46:30] [modloading-worker-0/INFO]: Found (COMMON) InsaneLib Feature class insane96mcp.enhancedai.modules.creeper.CreeperSwell
[00:46:30] [modloading-worker-0/WARN]: Feature CreeperSwell uses deprecated @Label annotation. Requires migration to @LoadFeature
[00:46:30] [modloading-worker-0/INFO]: Necronomicon Initialized
[00:46:30] [modloading-worker-0/INFO]: File exists, reading config for elocindev.necronomicon.NecronomiconConfig.
[00:46:30] [modloading-worker-0/INFO]: Config for elocindev.necronomicon.NecronomiconConfig read successfully.
[00:46:30] [modloading-worker-0/INFO]: there is a brick about to fall through your roof at terminal velocity
[00:46:30] [modloading-worker-0/INFO]: there is a brick about to fall through your roof at terminal velocity
[00:46:30] [modloading-worker-0/INFO]: Found (COMMON) InsaneLib Feature class insane96mcp.enhancedai.modules.drowned.DrownedSwimming
[00:46:30] [modloading-worker-0/WARN]: Feature DrownedSwimming uses deprecated @Label annotation. Requires migration to @LoadFeature
[00:46:30] [modloading-worker-0/INFO]: Found (COMMON) InsaneLib Feature class insane96mcp.enhancedai.modules.enderman.getoverhere.GetOverHere
[00:46:30] [modloading-worker-0/INFO]: Found (COMMON) InsaneLib Feature class insane96mcp.enhancedai.modules.ghast.GhastShoot
[00:46:30] [modloading-worker-0/WARN]: Feature GhastShoot uses deprecated @Label annotation. Requires migration to @LoadFeature
[00:46:30] [modloading-worker-0/INFO]: Found (COMMON) InsaneLib Feature class insane96mcp.enhancedai.modules.illager.PillagerFleeTarget
[00:46:30] [modloading-worker-0/WARN]: Feature PillagerFleeTarget uses deprecated @Label annotation. Requires migration to @LoadFeature
[00:46:30] [modloading-worker-0/INFO]: Found (COMMON) InsaneLib Feature class insane96mcp.enhancedai.modules.illager.RavagerFeature
[00:46:30] [modloading-worker-0/WARN]: Feature RavagerFeature uses deprecated @Label annotation. Requires migration to @LoadFeature
[00:46:30] [modloading-worker-0/INFO]: Found (COMMON) InsaneLib Feature class insane96mcp.enhancedai.modules.illager.shoot.PillagerShoot
[00:46:30] [modloading-worker-0/WARN]: Feature PillagerShoot uses deprecated @Label annotation. Requires migration to @LoadFeature
[00:46:30] [modloading-worker-0/WARN]: @Inject(@At("INVOKE")) Shift.BY=5 on attributeslib.mixins.json:client.ClientPacketListenerMixin from mod attributeslib::handler$bfh000$attributeslib$apoth_postAttrChangedEvent exceeds the maximum allowed value: 0. Increase the value of maxShiftBy to suppress this warning.
[00:46:30] [modloading-worker-0/INFO]: Found (COMMON) InsaneLib Feature class insane96mcp.enhancedai.modules.mobs.BitingMobs
[00:46:30] [modloading-worker-0/WARN]: Feature BitingMobs uses deprecated @Label annotation. Requires migration to @LoadFeature
[00:46:30] [modloading-worker-0/INFO]: Found (COMMON) InsaneLib Feature class insane96mcp.enhancedai.modules.mobs.ItemDisruption
[00:46:30] [modloading-worker-0/WARN]: Feature ItemDisruption uses deprecated @Label annotation. Requires migration to @LoadFeature
[00:46:30] [modloading-worker-0/INFO]: Found (COMMON) InsaneLib Feature class insane96mcp.enhancedai.modules.mobs.Jump
[00:46:30] [modloading-worker-0/WARN]: Feature Jump uses deprecated @Label annotation. Requires migration to @LoadFeature
[00:46:30] [modloading-worker-0/INFO]: Found (COMMON) InsaneLib Feature class insane96mcp.enhancedai.modules.mobs.MeleeAttacking
[00:46:30] [modloading-worker-0/WARN]: Feature MeleeAttacking uses deprecated @Label annotation. Requires migration to @LoadFeature
[00:46:30] [modloading-worker-0/INFO]: Found (COMMON) InsaneLib Feature class insane96mcp.enhancedai.modules.mobs.OpenDoors
[00:46:30] [modloading-worker-0/WARN]: Feature OpenDoors uses deprecated @Label annotation. Requires migration to @LoadFeature
[00:46:30] [modloading-worker-0/INFO]: [mc.euphoria_patches.euphoria_patcher.EuphoriaPatcher:<init>:67]: 
Euphoria Patcher:
[00:46:30] [modloading-worker-0/INFO]: Found (COMMON) InsaneLib Feature class insane96mcp.enhancedai.modules.mobs.Spawning
[00:46:30] [modloading-worker-0/WARN]: Feature Spawning uses deprecated @Label annotation. Requires migration to @LoadFeature
[00:46:30] [modloading-worker-0/INFO]: Found (COMMON) InsaneLib Feature class insane96mcp.enhancedai.modules.mobs.WardenInteractions
[00:46:30] [modloading-worker-0/WARN]: Feature WardenInteractions uses deprecated @Label annotation. Requires migration to @LoadFeature
[00:46:30] [modloading-worker-0/INFO]: Found (COMMON) InsaneLib Feature class insane96mcp.enhancedai.modules.mobs.anticheese.AntiCheese
[00:46:30] [modloading-worker-0/WARN]: Feature AntiCheese uses deprecated @Label annotation. Requires migration to @LoadFeature
[00:46:30] [modloading-worker-0/INFO]: Found (COMMON) InsaneLib Feature class insane96mcp.enhancedai.modules.mobs.avoidexplosion.AvoidExplosions
[00:46:30] [modloading-worker-0/WARN]: Feature AvoidExplosions uses deprecated @Label annotation. Requires migration to @LoadFeature
[00:46:30] [modloading-worker-0/INFO]: Found (COMMON) InsaneLib Feature class insane96mcp.insanelib.module.base.BaseFeature
[00:46:30] [modloading-worker-0/INFO]: Found (COMMON) InsaneLib Feature class insane96mcp.enhancedai.modules.mobs.breakanger.BreakAnger
[00:46:30] [modloading-worker-0/WARN]: Feature BreakAnger uses deprecated @Label annotation. Requires migration to @LoadFeature
[00:46:30] [modloading-worker-0/INFO]: Found (COMMON) InsaneLib Feature class insane96mcp.insanelib.module.base.FixesFeature
[00:46:30] [modloading-worker-0/INFO]: Found (COMMON) InsaneLib Feature class insane96mcp.insanelib.module.base.TagsFeature
[00:46:30] [modloading-worker-0/INFO]: Found (COMMON) InsaneLib Feature class insane96mcp.enhancedai.modules.mobs.fisher.FisherMobs
[00:46:30] [modloading-worker-0/WARN]: Feature FisherMobs uses deprecated @Label annotation. Requires migration to @LoadFeature
[00:46:30] [modloading-worker-0/INFO]: Found (COMMON) InsaneLib Feature class insane96mcp.enhancedai.modules.mobs.flee.Flee
[00:46:30] [modloading-worker-0/WARN]: Feature Flee uses deprecated @Label annotation. Requires migration to @LoadFeature
[00:46:30] [modloading-worker-0/INFO]: Found (COMMON) InsaneLib Feature class insane96mcp.enhancedai.modules.mobs.leap.Leap
[00:46:30] [modloading-worker-0/WARN]: Feature Leap uses deprecated @Label annotation. Requires migration to @LoadFeature
[00:46:30] [modloading-worker-0/INFO]: Found (COMMON) InsaneLib Feature class insane96mcp.enhancedai.modules.mobs.miner.MinerMobs
[00:46:30] [modloading-worker-0/WARN]: Feature MinerMobs uses deprecated @Label annotation. Requires migration to @LoadFeature
[00:46:30] [modloading-worker-0/INFO]: forge loader environment detected
[00:46:30] [modloading-worker-0/INFO]: Found (COMMON) InsaneLib Feature class insane96mcp.enhancedai.modules.mobs.movement.Movement
[00:46:30] [modloading-worker-0/WARN]: Feature Movement uses deprecated @Label annotation. Requires migration to @LoadFeature
[00:46:30] [modloading-worker-0/INFO]: Found (COMMON) InsaneLib Feature class insane96mcp.enhancedai.modules.mobs.pearler.PearlerMobs
[00:46:30] [modloading-worker-0/WARN]: Feature PearlerMobs uses deprecated @Label annotation. Requires migration to @LoadFeature
[00:46:30] [modloading-worker-0/INFO]: Found (COMMON) InsaneLib Feature class insane96mcp.enhancedai.modules.mobs.riding.Riding
[00:46:30] [modloading-worker-0/WARN]: Feature Riding uses deprecated @Label annotation. Requires migration to @LoadFeature
[00:46:30] [modloading-worker-0/WARN]: EuphoriaPatcher: [UPDATE CHECKER] A new version of the EuphoriaPatcher Mod is available: 1.9.0
[00:46:30] [modloading-worker-0/WARN]: EuphoriaPatcher: [UPDATE CHECKER] Download it from Modrinth: https://euphoriapatches.com/download
[00:46:30] [modloading-worker-0/WARN]: EuphoriaPatcher: [UPDATE CHECKER] Current Version: 1.7.8
[00:46:30] [modloading-worker-0/INFO]: Found (COMMON) InsaneLib Feature class insane96mcp.enhancedai.modules.mobs.targeting.Targeting
[00:46:30] [modloading-worker-0/WARN]: Feature Targeting uses deprecated @Label annotation. Requires migration to @LoadFeature
[00:46:30] [modloading-worker-0/INFO]: EuphoriaPatcher: GPU temp: [||||||||||] 100°C... RTX is working as intended.
[00:46:30] [modloading-worker-0/INFO]: [MELODY] Loading Melody background audio library..
[00:46:30] [modloading-worker-0/INFO]: Found (COMMON) InsaneLib Feature class insane96mcp.enhancedai.modules.pets.IronGolems
[00:46:30] [modloading-worker-0/WARN]: Feature IronGolems uses deprecated @Label annotation. Requires migration to @LoadFeature
[00:46:30] [modloading-worker-0/INFO]: Create: Interiors v0.5.6 initializing! Create version: 6.0.6 on platform: Forge
[00:46:30] [modloading-worker-0/INFO]: Found (COMMON) InsaneLib Feature class insane96mcp.enhancedai.modules.pets.Wolves
[00:46:30] [modloading-worker-0/WARN]: Feature Wolves uses deprecated @Label annotation. Requires migration to @LoadFeature
[00:46:30] [modloading-worker-0/INFO]: Found (COMMON) InsaneLib Feature class insane96mcp.enhancedai.modules.pets.snowgolem.SnowGolems
[00:46:30] [modloading-worker-0/WARN]: Feature SnowGolems uses deprecated @Label annotation. Requires migration to @LoadFeature
[00:46:30] [modloading-worker-0/INFO]: Fixing MC-151457. Crafting remainder for minecraft:pufferfish_bucket is now minecraft:bucket.
[00:46:30] [modloading-worker-0/INFO]: Fixing MC-151457. Crafting remainder for minecraft:salmon_bucket is now minecraft:bucket.
[00:46:30] [modloading-worker-0/INFO]: Fixing MC-151457. Crafting remainder for minecraft:cod_bucket is now minecraft:bucket.
[00:46:30] [modloading-worker-0/INFO]: Fixing MC-151457. Crafting remainder for minecraft:tropical_fish_bucket is now minecraft:bucket.
[00:46:30] [modloading-worker-0/INFO]: Fixing MC-151457. Crafting remainder for minecraft:axolotl_bucket is now minecraft:bucket.
[00:46:30] [modloading-worker-0/INFO]: Fixing MC-151457. Crafting remainder for minecraft:powder_snow_bucket is now minecraft:bucket.
[00:46:30] [modloading-worker-0/INFO]: Fixing MC-151457. Crafting remainder for minecraft:tadpole_bucket is now minecraft:bucket.
[00:46:30] [modloading-worker-0/INFO]: Found (COMMON) InsaneLib Feature class insane96mcp.enhancedai.modules.shulker.ShulkerArmor
[00:46:30] [modloading-worker-0/WARN]: Feature ShulkerArmor uses deprecated @Label annotation. Requires migration to @LoadFeature
[00:46:30] [modloading-worker-0/INFO]: Found (COMMON) InsaneLib Feature class insane96mcp.enhancedai.modules.shulker.ShulkerBullets
[00:46:30] [modloading-worker-0/WARN]: Feature ShulkerBullets uses deprecated @Label annotation. Requires migration to @LoadFeature
[00:46:30] [modloading-worker-0/INFO]: Found (COMMON) InsaneLib Feature class insane96mcp.enhancedai.modules.shulker.shulkerattack.ShulkerAttack
[00:46:30] [modloading-worker-0/WARN]: Feature ShulkerAttack uses deprecated @Label annotation. Requires migration to @LoadFeature
[00:46:30] [modloading-worker-0/INFO]: Loading Entity Model Features, allegedly compatible with the OptiFine format.
[00:46:30] [modloading-worker-0/INFO]: Loading Entity Texture Features, one of the mods ever made!
[00:46:30] [modloading-worker-0/INFO]: Found (COMMON) InsaneLib Feature class insane96mcp.enhancedai.modules.skeleton.SkeletonFleeTarget
[00:46:30] [modloading-worker-0/WARN]: Feature SkeletonFleeTarget uses deprecated @Label annotation. Requires migration to @LoadFeature
[00:46:30] [modloading-worker-0/INFO]: Found (COMMON) InsaneLib Feature class insane96mcp.enhancedai.modules.skeleton.WitherSkeletons
[00:46:30] [modloading-worker-0/WARN]: Feature WitherSkeletons uses deprecated @Label annotation. Requires migration to @LoadFeature
[00:46:30] [modloading-worker-0/INFO]: Found (COMMON) InsaneLib Feature class insane96mcp.enhancedai.modules.skeleton.shoot.SkeletonShoot
[00:46:30] [modloading-worker-0/WARN]: Feature SkeletonShoot uses deprecated @Label annotation. Requires migration to @LoadFeature
[00:46:30] [modloading-worker-0/INFO]: Found (COMMON) InsaneLib Feature class insane96mcp.enhancedai.modules.slime.Slimes
[00:46:30] [modloading-worker-0/WARN]: Feature Slimes uses deprecated @Label annotation. Requires migration to @LoadFeature
[00:46:30] [modloading-worker-0/INFO]: Found (COMMON) InsaneLib Feature class insane96mcp.enhancedai.modules.spider.Misc
[00:46:30] [modloading-worker-0/WARN]: Feature Misc uses deprecated @Label annotation. Requires migration to @LoadFeature
[00:46:30] [modloading-worker-0/INFO]: Found (COMMON) InsaneLib Feature class insane96mcp.enhancedai.modules.spider.webber.ThrowingWeb
[00:46:30] [modloading-worker-0/WARN]: Feature ThrowingWeb uses deprecated @Label annotation. Requires migration to @LoadFeature
[00:46:30] [modloading-worker-0/INFO]: [KONKRETE] Successfully initialized!
[00:46:30] [modloading-worker-0/INFO]: [KONKRETE] Server-side libs ready to use!
[00:46:30] [modloading-worker-0/INFO]: Found (COMMON) InsaneLib Feature class insane96mcp.enhancedai.modules.villager.VillagerAttacking
[00:46:30] [modloading-worker-0/WARN]: Feature VillagerAttacking uses deprecated @Label annotation. Requires migration to @LoadFeature
[00:46:30] [modloading-worker-0/INFO]: Found 1 RS API injection point
[00:46:30] [modloading-worker-0/INFO]: Found (COMMON) InsaneLib Feature class insane96mcp.enhancedai.modules.warden.WardenFeature
[00:46:30] [modloading-worker-0/WARN]: Feature WardenFeature uses deprecated @Label annotation. Requires migration to @LoadFeature
[00:46:30] [modloading-worker-0/INFO]: Injected RS API in com.refinedmods.refinedstorageaddons.RSAddons RSAPI
[00:46:30] [modloading-worker-0/INFO]: Found (COMMON) InsaneLib Feature class insane96mcp.enhancedai.modules.witch.ThirstyWitches
[00:46:30] [modloading-worker-0/WARN]: Feature ThirstyWitches uses deprecated @Label annotation. Requires migration to @LoadFeature
[00:46:30] [modloading-worker-0/INFO]: Found (COMMON) InsaneLib Feature class insane96mcp.enhancedai.modules.witch.WitchFleeTarget
[00:46:30] [modloading-worker-0/WARN]: Feature WitchFleeTarget uses deprecated @Label annotation. Requires migration to @LoadFeature
[00:46:30] [modloading-worker-0/INFO]: Creating standard profiles into 'config/lostcities/profiles'
[00:46:30] [modloading-worker-0/INFO]: Found (COMMON) InsaneLib Feature class insane96mcp.enhancedai.modules.witch.darkart.DarkArtWitch
[00:46:30] [modloading-worker-0/WARN]: Feature DarkArtWitch uses deprecated @Label annotation. Requires migration to @LoadFeature
[00:46:30] [modloading-worker-0/INFO]: Found (COMMON) InsaneLib Feature class insane96mcp.enhancedai.modules.witch.throwing.WitchPotionThrowing
[00:46:30] [modloading-worker-0/WARN]: Feature WitchPotionThrowing uses deprecated @Label annotation. Requires migration to @LoadFeature
[00:46:30] [modloading-worker-0/INFO]: Reading existing profiles from 'config/lostcities/profiles'
[00:46:30] [modloading-worker-0/INFO]: Loaded config for: cupboard.json
[00:46:31] [modloading-worker-0/INFO]: Initializing Create Radar!
[00:46:31] [modloading-worker-0/INFO]: Registering Items!
[00:46:31] [modloading-worker-0/INFO]: [FANCYMENU] Loading v3.8.1 in client-side mode on FORGE!
[00:46:31] [modloading-worker-0/INFO]: [ETF]: 6 new ETF Random Properties registered by entity_model_features.
[00:46:31] [modloading-worker-0/INFO]: Registering S2C receiver with id architectury:sync_ids
[00:46:31] [modloading-worker-0/INFO]: Registering C2S receiver with id architectury:sync_ids
[00:46:31] [modloading-worker-0/INFO]: Registering C2S receiver with id artifacts:networking_channel/42a7ad70b1cc371599a0eff744096b8a
[00:46:31] [modloading-worker-0/INFO]: Registering S2C receiver with id artifacts:networking_channel/42a7ad70b1cc371599a0eff744096b8a
[00:46:31] [modloading-worker-0/INFO]: Registering C2S receiver with id artifacts:networking_channel/74a5e841822a3a87854ae896a33430d6
[00:46:31] [modloading-worker-0/INFO]: Registering S2C receiver with id artifacts:networking_channel/74a5e841822a3a87854ae896a33430d6
[00:46:31] [modloading-worker-0/INFO]: Registering C2S receiver with id artifacts:networking_channel/eb3d1e2748533430848cadf0f37c7e9c
[00:46:31] [modloading-worker-0/INFO]: Registering S2C receiver with id artifacts:networking_channel/eb3d1e2748533430848cadf0f37c7e9c
[00:46:31] [modloading-worker-0/INFO]: Registering C2S receiver with id artifacts:networking_channel/91c8520f19f93b3e8b6a727568e194ab
[00:46:31] [modloading-worker-0/INFO]: Registering S2C receiver with id artifacts:networking_channel/91c8520f19f93b3e8b6a727568e194ab
[00:46:31] [modloading-worker-0/INFO]: Registering C2S receiver with id artifacts:networking_channel/8c2784d778293fd482ed84b8aa5fedb9
[00:46:31] [modloading-worker-0/INFO]: Registering S2C receiver with id artifacts:networking_channel/8c2784d778293fd482ed84b8aa5fedb9
[00:46:31] [modloading-worker-0/INFO]: Registering C2S receiver with id artifacts:networking_channel/ea038224ea783d40b2863f52239e2604
[00:46:31] [modloading-worker-0/INFO]: Registering S2C receiver with id artifacts:networking_channel/ea038224ea783d40b2863f52239e2604
[00:46:31] [modloading-worker-0/INFO]: Registering C2S receiver with id artifacts:networking_channel/97ad64b7ecaf33209991c4f031501a58
[00:46:31] [modloading-worker-0/INFO]: Registering S2C receiver with id artifacts:networking_channel/97ad64b7ecaf33209991c4f031501a58
[00:46:31] [modloading-worker-0/INFO]: Registering blocks!
[00:46:31] [modloading-worker-0/INFO]: Shots Fired initializing.
[00:46:31] [modloading-worker-0/INFO]: Loaded maxhealthfix for Forge.
[00:46:31] [modloading-worker-0/INFO]: type = com.google.gson.internal.LinkedTreeMap
[00:46:31] [modloading-worker-0/INFO]: Config shotsfired-tacz.json was loaded, values = {TACZ=ConfigValue{element='TACZ', value={tacz:deagle=net.marblednull.shotsfired.util.DropData@114fdde, tacz:timeless50=net.marblednull.shotsfired.util.DropData@673587df, tacz:glock_17=net.marblednull.shotsfired.util.DropData@47489421, tacz:deagle_golden=net.marblednull.shotsfired.util.DropData@147aee6e, tacz:m1911=net.marblednull.shotsfired.util.DropData@32a60b32, tacz:cz75=net.marblednull.shotsfired.util.DropData@796669c6, tacz:b93r=net.marblednull.shotsfired.util.DropData@7a8c1357, tacz:p320=net.marblednull.shotsfired.util.DropData@39c68bf6, tacz:springfield1873=net.marblednull.shotsfired.util.DropData@3bbbe867, tacz:m700=net.marblednull.shotsfired.util.DropData@71d98e8f, tacz:ai_awp=net.marblednull.shotsfired.util.DropData@6bd52d48, tacz:m107=net.marblednull.shotsfired.util.DropData@664192ff, tacz:m95=net.marblednull.shotsfired.util.DropData@2dda680, tacz:sks_tactical=net.marblednull.shotsfired.util.DropData@3f4deda2, tacz:type_81=net.marblednull.shotsfired.util.DropData@7db0286e, tacz:qbz_95=net.marblednull.shotsfired.util.DropData@178c8b4d, tacz:ak47=net.marblednull.shotsfired.util.DropData@780ac69a, tacz:hk416d=net.marblednull.shotsfired.util.DropData@28fa14c4, tacz:m4a1=net.marblednull.shotsfired.util.DropData@5475aaed, tacz:g36k=net.marblednull.shotsfired.util.DropData@27d085cd, tacz:m16a1=net.marblednull.shotsfired.util.DropData@9c0b9bb, tacz:spr15hb=net.marblednull.shotsfired.util.DropData@71e4c073, tacz:hk_g3=net.marblednull.shotsfired.util.DropData@8bf3e60, tacz:m16a4=net.marblednull.shotsfired.util.DropData@2b623c57, tacz:scar_l=net.marblednull.shotsfired.util.DropData@27e345e1, tacz:scar_h=net.marblednull.shotsfired.util.DropData@70d3fe36, tacz:mk14=net.marblednull.shotsfired.util.DropData@1ee9272, tacz:aug=net.marblednull.shotsfired.util.DropData@3bd4869c, tacz:db_short=net.marblednull.shotsfired.util.DropData@625004a, tacz:db_long=net.marblednull.shotsfired.util.DropData@69686cf6, tacz:m870=net.marblednull.shotsfired.util.DropData@1ce01eab, tacz:aa12=net.marblednull.shotsfired.util.DropData@39f8bcd, tacz:ump45=net.marblednull.shotsfired.util.DropData@2d96fca4, tacz:vector45=net.marblednull.shotsfired.util.DropData@7b32a3c, tacz:hk_mp5a5=net.marblednull.shotsfired.util.DropData@1b3a7927, tacz:uzi=net.marblednull.shotsfired.util.DropData@6404486e, tacz:p90=net.marblednull.shotsfired.util.DropData@7eedeb96, tacz:m249=net.marblednull.shotsfired.util.DropData@6091dcbd, tacz:rpk=net.marblednull.shotsfired.util.DropData@282a62c9, tacz:minigun=net.marblednull.shotsfired.util.DropData@6e2b189a, suffuse:tec9=net.marblednull.shotsfired.util.DropData@7f0bff92, suffuse:tti2011=net.marblednull.shotsfired.util.DropData@1191a0fa, suffuse:python=net.marblednull.shotsfired.util.DropData@6ad6b42b, suffuse:tt33=net.marblednull.shotsfired.util.DropData@5c0f9e23, suffuse:viper2011=net.marblednull.shotsfired.util.DropData@7c580d5f, suffuse:aw50=net.marblednull.shotsfired.util.DropData@6052f45e, suffuse:gm6=net.marblednull.shotsfired.util.DropData@3ffa6393, suffuse:m200=net.marblednull.shotsfired.util.DropData@1f240cc9, suffuse:qbz951s=net.marblednull.shotsfired.util.DropData@232ad887, suffuse:qbz192=net.marblednull.shotsfired.util.DropData@542d38b8, suffuse:an94=net.marblednull.shotsfired.util.DropData@38a72f55, suffuse:xm7=net.marblednull.shotsfired.util.DropData@75a2ecc, suffuse:qbu191=net.marblednull.shotsfired.util.DropData@72413040, suffuse:n4=net.marblednull.shotsfired.util.DropData@4f942e48, suffuse:qbz951=net.marblednull.shotsfired.util.DropData@4e487d68, suffuse:ash12=net.marblednull.shotsfired.util.DropData@18321623, suffuse:aks74u=net.marblednull.shotsfired.util.DropData@638ae655, suffuse:pp19=net.marblednull.shotsfired.util.DropData@d826202, suffuse:ump45=net.marblednull.shotsfired.util.DropData@2cede7, suffuse:pkp=net.marblednull.shotsfired.util.DropData@82770cf, rebel:hsp=net.marblednull.shotsfired.util.DropData@3cab87d0, rebel:lss=net.marblednull.shotsfired.util.DropData@22a76035, rebel:lpm2020=net.marblednull.shotsfired.util.DropData@4503e253, rebel:asr=net.marblednull.shotsfired.util.DropData@76914334, rebel:rs1=net.marblednull.shotsfired.util.DropData@1664df31, rebel:csg19b=net.marblednull.shotsfired.util.DropData@f5bb300, gz:patriots=net.marblednull.shotsfired.util.DropData@5510c9c2, gz:classic_m1a=net.marblednull.shotsfired.util.DropData@2964b8b7, gz:m700_carbon=net.marblednull.shotsfired.util.DropData@19c977fd, gz:police_m4=net.marblednull.shotsfired.util.DropData@4b580477, gz:t81s=net.marblednull.shotsfired.util.DropData@18558a07, gz:tactical_t81s=net.marblednull.shotsfired.util.DropData@14f828ba, gz:m16a2=net.marblednull.shotsfired.util.DropData@46dcc347, gz:military_p416=net.marblednull.shotsfired.util.DropData@4d2c0c57, gz:lightweight_m4=net.marblednull.shotsfired.util.DropData@799da247, gz:black_market_akm=net.marblednull.shotsfired.util.DropData@2cf5e836, gz:custom_p416_g3=net.marblednull.shotsfired.util.DropData@c93c014, gz:m4_exotic_t1=net.marblednull.shotsfired.util.DropData@21703b65, gz:auga3cqc=net.marblednull.shotsfired.util.DropData@356b3a96, gz:lvoa_c=net.marblednull.shotsfired.util.DropData@36dcd055, gz:m4_exotic_t2=net.marblednull.shotsfired.util.DropData@24dd25fa, gz:military_ak74=net.marblednull.shotsfired.util.DropData@4568917, gz:tactical_sasg_12k=net.marblednull.shotsfired.util.DropData@6885ac81, gz:cargo_terminal=net.marblednull.shotsfired.util.DropData@380b97bc, gz:sasg_12=net.marblednull.shotsfired.util.DropData@75b497b2, gz:1st_vector45acp=net.marblednull.shotsfired.util.DropData@459ab622, gz:pp19_01=net.marblednull.shotsfired.util.DropData@befbb4, gz:mp5st=net.marblednull.shotsfired.util.DropData@646c2a68, gz:tactical_pp19_01=net.marblednull.shotsfired.util.DropData@35b43850, gz:enhanced_pp19=net.marblednull.shotsfired.util.DropData@250fb362, gz:pp19=net.marblednull.shotsfired.util.DropData@521b9f2c, gz:t5smg=net.marblednull.shotsfired.util.DropData@57a1d06d, gz:aug_9mm=net.marblednull.shotsfired.util.DropData@43431471, gz:navy_mp5n=net.marblednull.shotsfired.util.DropData@1b0f3bd8, gz:mp5a2=net.marblednull.shotsfired.util.DropData@15e3256a, gz:black_market_rpk74=net.marblednull.shotsfired.util.DropData@4c98bd03, gz:t81lmg=net.marblednull.shotsfired.util.DropData@17a3c87d, gz:classic_rpk74=net.marblednull.shotsfired.util.DropData@7510f0aa, bf1:obrez=net.marblednull.shotsfired.util.DropData@79d45317, bf1:sw_model3=net.marblednull.shotsfired.util.DropData@702d998b, bf1:tg1918=net.marblednull.shotsfired.util.DropData@794457d3, bf1:martini=net.marblednull.shotsfired.util.DropData@ba37df1, bf1:m1916=net.marblednull.shotsfired.util.DropData@50b4cb79, bf1:vg15=net.marblednull.shotsfired.util.DropData@4c49f125, bf1:model10=net.marblednull.shotsfired.util.DropData@1768ddb0, bf1:smg0818=net.marblednull.shotsfired.util.DropData@7b46659, bf1:vp1915=net.marblednull.shotsfired.util.DropData@712d9ad5, bf1:lewis=net.marblednull.shotsfired.util.DropData@726e9d0c, bf1:mg0815=net.marblednull.shotsfired.util.DropData@23ba4bac, bf1:man_m95=net.marblednull.shotsfired.util.DropData@718672c}}}
[00:46:31] [modloading-worker-0/INFO]: Registering block entity types!
[00:46:31] [modloading-worker-0/INFO]: type = com.google.gson.internal.LinkedTreeMap
[00:46:31] [modloading-worker-0/INFO]: Registering CreativeTabs!
[00:46:31] [modloading-worker-0/INFO]: Config shotsfired-tacz-ejection-config.json was loaded, values = {Ejected Casing Data by GunId.=ConfigValue{element='Ejected Casing Data by GunId.', value={tacz:deagle=EjectionInfo[velocity=0.2, isRight=true, rotationYawDeg=85.0, rotationPitchDeg=-45.0, rotationRollDeg=-0.25, offsetX=2.0, offsetY=-1.5, offsetZ=1.0], tacz:timeless50=EjectionInfo[velocity=0.2, isRight=true, rotationYawDeg=85.0, rotationPitchDeg=-45.0, rotationRollDeg=-0.25, offsetX=2.0, offsetY=-1.5, offsetZ=1.0], tacz:glock_17=EjectionInfo[velocity=0.2, isRight=true, rotationYawDeg=85.0, rotationPitchDeg=-45.0, rotationRollDeg=-0.25, offsetX=2.0, offsetY=-1.5, offsetZ=1.0], tacz:deagle_golden=EjectionInfo[velocity=0.2, isRight=true, rotationYawDeg=85.0, rotationPitchDeg=-45.0, rotationRollDeg=-0.25, offsetX=2.0, offsetY=-1.5, offsetZ=1.0], tacz:m1911=EjectionInfo[velocity=0.2, isRight=true, rotationYawDeg=85.0, rotationPitchDeg=-45.0, rotationRollDeg=-0.25, offsetX=2.0, offsetY=-1.5, offsetZ=1.0], tacz:cz75=EjectionInfo[velocity=0.2, isRight=true, rotationYawDeg=85.0, rotationPitchDeg=-45.0, rotationRollDeg=-0.25, offsetX=2.0, offsetY=-1.5, offsetZ=1.0], tacz:b93r=EjectionInfo[velocity=0.2, isRight=true, rotationYawDeg=85.0, rotationPitchDeg=-45.0, rotationRollDeg=-0.25, offsetX=2.0, offsetY=-1.5, offsetZ=1.0], tacz:p320=EjectionInfo[velocity=0.2, isRight=true, rotationYawDeg=85.0, rotationPitchDeg=-45.0, rotationRollDeg=-0.25, offsetX=2.0, offsetY=-1.5, offsetZ=1.0], tacz:springfield1873=EjectionInfo[velocity=0.2, isRight=true, rotationYawDeg=85.0, rotationPitchDeg=-45.0, rotationRollDeg=-0.25, offsetX=2.0, offsetY=-1.5, offsetZ=1.0], tacz:m700=EjectionInfo[velocity=0.2, isRight=true, rotationYawDeg=85.0, rotationPitchDeg=-45.0, rotationRollDeg=-0.25, offsetX=2.0, offsetY=-1.5, offsetZ=1.0], tacz:ai_awp=EjectionInfo[velocity=0.2, isRight=true, rotationYawDeg=85.0, rotationPitchDeg=-45.0, rotationRollDeg=-0.25, offsetX=2.0, offsetY=-1.5, offsetZ=1.0], tacz:m107=EjectionInfo[velocity=0.2, isRight=true, rotationYawDeg=85.0, rotationPitchDeg=-45.0, rotationRollDeg=-0.25, offsetX=2.0, offsetY=-1.5, offsetZ=1.0], tacz:m95=EjectionInfo[velocity=0.2, isRight=true, rotationYawDeg=85.0, rotationPitchDeg=-45.0, rotationRollDeg=-0.25, offsetX=2.0, offsetY=-1.5, offsetZ=1.0], tacz:sks_tactical=EjectionInfo[velocity=0.2, isRight=true, rotationYawDeg=85.0, rotationPitchDeg=-45.0, rotationRollDeg=-0.25, offsetX=2.0, offsetY=-1.5, offsetZ=1.0], tacz:type_81=EjectionInfo[velocity=0.2, isRight=true, rotationYawDeg=85.0, rotationPitchDeg=-45.0, rotationRollDeg=-0.25, offsetX=2.0, offsetY=-1.5, offsetZ=1.0], tacz:qbz_95=EjectionInfo[velocity=0.2, isRight=true, rotationYawDeg=85.0, rotationPitchDeg=-45.0, rotationRollDeg=-0.25, offsetX=2.0, offsetY=-1.5, offsetZ=1.0], tacz:ak47=EjectionInfo[velocity=0.2, isRight=true, rotationYawDeg=85.0, rotationPitchDeg=-45.0, rotationRollDeg=-0.25, offsetX=2.0, offsetY=-1.5, offsetZ=1.0], tacz:hk416d=EjectionInfo[velocity=0.2, isRight=true, rotationYawDeg=85.0, rotationPitchDeg=-45.0, rotationRollDeg=-0.25, offsetX=2.0, offsetY=-1.5, offsetZ=1.0], tacz:m4a1=EjectionInfo[velocity=0.2, isRight=true, rotationYawDeg=85.0, rotationPitchDeg=-45.0, rotationRollDeg=-0.25, offsetX=2.0, offsetY=-1.5, offsetZ=1.0], tacz:g36k=EjectionInfo[velocity=0.2, isRight=true, rotationYawDeg=85.0, rotationPitchDeg=-45.0, rotationRollDeg=-0.25, offsetX=2.0, offsetY=-1.5, offsetZ=1.0], tacz:m16a1=EjectionInfo[velocity=0.2, isRight=true, rotationYawDeg=85.0, rotationPitchDeg=-45.0, rotationRollDeg=-0.25, offsetX=2.0, offsetY=-1.5, offsetZ=1.0], tacz:spr15hb=EjectionInfo[velocity=0.2, isRight=true, rotationYawDeg=85.0, rotationPitchDeg=-45.0, rotationRollDeg=-0.25, offsetX=2.0, offsetY=-1.5, offsetZ=1.0], tacz:hk_g3=EjectionInfo[velocity=0.2, isRight=true, rotationYawDeg=85.0, rotationPitchDeg=-45.0, rotationRollDeg=-0.25, offsetX=2.0, offsetY=-1.5, offsetZ=1.0], tacz:m16a4=EjectionInfo[velocity=0.2, isRight=true, rotationYawDeg=85.0, rotationPitchDeg=-45.0, rotationRollDeg=-0.25, offsetX=2.0, offsetY=-1.5, offsetZ=1.0], tacz:scar_l=EjectionInfo[velocity=0.2, isRight=true, rotationYawDeg=85.0, rotationPitchDeg=-45.0, rotationRollDeg=-0.25, offsetX=2.0, offsetY=-1.5, offsetZ=1.0], tacz:scar_h=EjectionInfo[velocity=0.2, isRight=true, rotationYawDeg=85.0, rotationPitchDeg=-45.0, rotationRollDeg=-0.25, offsetX=2.0, offsetY=-1.5, offsetZ=1.0], tacz:mk14=EjectionInfo[velocity=0.2, isRight=true, rotationYawDeg=85.0, rotationPitchDeg=-45.0, rotationRollDeg=-0.25, offsetX=2.0, offsetY=-1.5, offsetZ=1.0], tacz:aug=EjectionInfo[velocity=0.2, isRight=true, rotationYawDeg=85.0, rotationPitchDeg=-45.0, rotationRollDeg=-0.25, offsetX=2.0, offsetY=-1.5, offsetZ=1.0], tacz:db_short=EjectionInfo[velocity=0.2, isRight=true, rotationYawDeg=85.0, rotationPitchDeg=-45.0, rotationRollDeg=-0.25, offsetX=2.0, offsetY=-1.5, offsetZ=1.0], tacz:db_long=EjectionInfo[velocity=0.2, isRight=true, rotationYawDeg=85.0, rotationPitchDeg=-45.0, rotationRollDeg=-0.25, offsetX=2.0, offsetY=-1.5, offsetZ=1.0], tacz:m870=EjectionInfo[velocity=0.2, isRight=true, rotationYawDeg=85.0, rotationPitchDeg=-45.0, rotationRollDeg=-0.25, offsetX=2.0, offsetY=-1.5, offsetZ=1.0], tacz:aa12=EjectionInfo[velocity=0.2, isRight=true, rotationYawDeg=85.0, rotationPitchDeg=-45.0, rotationRollDeg=-0.25, offsetX=2.0, offsetY=-1.5, offsetZ=1.0], tacz:ump45=EjectionInfo[velocity=0.2, isRight=true, rotationYawDeg=85.0, rotationPitchDeg=-45.0, rotationRollDeg=-0.25, offsetX=2.0, offsetY=-1.5, offsetZ=1.0], tacz:vector45=EjectionInfo[velocity=0.2, isRight=true, rotationYawDeg=85.0, rotationPitchDeg=-45.0, rotationRollDeg=-0.25, offsetX=2.0, offsetY=-1.5, offsetZ=1.0], tacz:hk_mp5a5=EjectionInfo[velocity=0.2, isRight=true, rotationYawDeg=85.0, rotationPitchDeg=-45.0, rotationRollDeg=-0.25, offsetX=2.0, offsetY=-1.5, offsetZ=1.0], tacz:uzi=EjectionInfo[velocity=0.2, isRight=true, rotationYawDeg=85.0, rotationPitchDeg=-45.0, rotationRollDeg=-0.25, offsetX=2.0, offsetY=-1.5, offsetZ=1.0], tacz:p90=EjectionInfo[velocity=0.2, isRight=true, rotationYawDeg=85.0, rotationPitchDeg=-45.0, rotationRollDeg=-0.25, offsetX=2.0, offsetY=-1.5, offsetZ=1.0], tacz:m249=EjectionInfo[velocity=0.2, isRight=true, rotationYawDeg=85.0, rotationPitchDeg=-45.0, rotationRollDeg=-0.25, offsetX=2.0, offsetY=-1.5, offsetZ=1.0], tacz:rpk=EjectionInfo[velocity=0.2, isRight=true, rotationYawDeg=85.0, rotationPitchDeg=-45.0, rotationRollDeg=-0.25, offsetX=2.0, offsetY=-1.5, offsetZ=1.0], tacz:minigun=EjectionInfo[velocity=0.2, isRight=true, rotationYawDeg=85.0, rotationPitchDeg=-45.0, rotationRollDeg=-0.25, offsetX=2.0, offsetY=-1.5, offsetZ=1.0], suffuse:tec9=EjectionInfo[velocity=0.2, isRight=true, rotationYawDeg=85.0, rotationPitchDeg=-45.0, rotationRollDeg=-0.25, offsetX=2.0, offsetY=-1.5, offsetZ=1.0], suffuse:tti2011=EjectionInfo[velocity=0.2, isRight=true, rotationYawDeg=85.0, rotationPitchDeg=-45.0, rotationRollDeg=-0.25, offsetX=2.0, offsetY=-1.5, offsetZ=1.0], suffuse:python=EjectionInfo[velocity=0.2, isRight=true, rotationYawDeg=85.0, rotationPitchDeg=-45.0, rotationRollDeg=-0.25, offsetX=2.0, offsetY=-1.5, offsetZ=1.0], suffuse:tt33=EjectionInfo[velocity=0.2, isRight=true, rotationYawDeg=85.0, rotationPitchDeg=-45.0, rotationRollDeg=-0.25, offsetX=2.0, offsetY=-1.5, offsetZ=1.0], suffuse:viper2011=EjectionInfo[velocity=0.2, isRight=true, rotationYawDeg=85.0, rotationPitchDeg=-45.0, rotationRollDeg=-0.25, offsetX=2.0, offsetY=-1.5, offsetZ=1.0], suffuse:aw50=EjectionInfo[velocity=0.2, isRight=true, rotationYawDeg=85.0, rotationPitchDeg=-45.0, rotationRollDeg=-0.25, offsetX=2.0, offsetY=-1.5, offsetZ=1.0], suffuse:gm6=EjectionInfo[velocity=0.2, isRight=true, rotationYawDeg=85.0, rotationPitchDeg=-45.0, rotationRollDeg=-0.25, offsetX=2.0, offsetY=-1.5, offsetZ=1.0], suffuse:m200=EjectionInfo[velocity=0.2, isRight=true, rotationYawDeg=85.0, rotationPitchDeg=-45.0, rotationRollDeg=-0.25, offsetX=2.0, offsetY=-1.5, offsetZ=1.0], suffuse:qbz951s=EjectionInfo[velocity=0.2, isRight=true, rotationYawDeg=85.0, rotationPitchDeg=-45.0, rotationRollDeg=-0.25, offsetX=2.0, offsetY=-1.5, offsetZ=1.0], suffuse:qbz192=EjectionInfo[velocity=0.2, isRight=true, rotationYawDeg=85.0, rotationPitchDeg=-45.0, rotationRollDeg=-0.25, offsetX=2.0, offsetY=-1.5, offsetZ=1.0], suffuse:an94=EjectionInfo[velocity=0.2, isRight=true, rotationYawDeg=85.0, rotationPitchDeg=-45.0, rotationRollDeg=-0.25, offsetX=2.0, offsetY=-1.5, offsetZ=1.0], suffuse:xm7=EjectionInfo[velocity=0.2, isRight=true, rotationYawDeg=85.0, rotationPitchDeg=-45.0, rotationRollDeg=-0.25, offsetX=2.0, offsetY=-1.5, offsetZ=1.0], suffuse:qbu191=EjectionInfo[velocity=0.2, isRight=true, rotationYawDeg=85.0, rotationPitchDeg=-45.0, rotationRollDeg=-0.25, offsetX=2.0, offsetY=-1.5, offsetZ=1.0], suffuse:n4=EjectionInfo[velocity=0.2, isRight=true, rotationYawDeg=85.0, rotationPitchDeg=-45.0, rotationRollDeg=-0.25, offsetX=2.0, offsetY=-1.5, offsetZ=1.0], suffuse:qbz951=EjectionInfo[velocity=0.2, isRight=true, rotationYawDeg=85.0, rotationPitchDeg=-45.0, rotationRollDeg=-0.25, offsetX=2.0, offsetY=-1.5, offsetZ=1.0], suffuse:ash12=EjectionInfo[velocity=0.2, isRight=true, rotationYawDeg=85.0, rotationPitchDeg=-45.0, rotationRollDeg=-0.25, offsetX=2.0, offsetY=-1.5, offsetZ=1.0], suffuse:aks74u=EjectionInfo[velocity=0.2, isRight=true, rotationYawDeg=85.0, rotationPitchDeg=-45.0, rotationRollDeg=-0.25, offsetX=2.0, offsetY=-1.5, offsetZ=1.0], suffuse:pp19=EjectionInfo[velocity=0.2, isRight=true, rotationYawDeg=85.0, rotationPitchDeg=-45.0, rotationRollDeg=-0.25, offsetX=2.0, offsetY=-1.5, offsetZ=1.0], suffuse:ump45=EjectionInfo[velocity=0.2, isRight=true, rotationYawDeg=85.0, rotationPitchDeg=-45.0, rotationRollDeg=-0.25, offsetX=2.0, offsetY=-1.5, offsetZ=1.0], suffuse:pkp=EjectionInfo[velocity=0.2, isRight=true, rotationYawDeg=85.0, rotationPitchDeg=-45.0, rotationRollDeg=-0.25, offsetX=2.0, offsetY=-1.5, offsetZ=1.0], rebel:hsp=EjectionInfo[velocity=0.2, isRight=true, rotationYawDeg=85.0, rotationPitchDeg=-45.0, rotationRollDeg=-0.25, offsetX=2.0, offsetY=-1.5, offsetZ=1.0], rebel:lss=EjectionInfo[velocity=0.2, isRight=true, rotationYawDeg=85.0, rotationPitchDeg=-45.0, rotationRollDeg=-0.25, offsetX=2.0, offsetY=-1.5, offsetZ=1.0], rebel:lpm2020=EjectionInfo[velocity=0.2, isRight=true, rotationYawDeg=85.0, rotationPitchDeg=-45.0, rotationRollDeg=-0.25, offsetX=2.0, offsetY=-1.5, offsetZ=1.0], rebel:asr=EjectionInfo[velocity=0.2, isRight=true, rotationYawDeg=85.0, rotationPitchDeg=-45.0, rotationRollDeg=-0.25, offsetX=2.0, offsetY=-1.5, offsetZ=1.0], rebel:rs1=EjectionInfo[velocity=0.2, isRight=true, rotationYawDeg=85.0, rotationPitchDeg=-45.0, rotationRollDeg=-0.25, offsetX=2.0, offsetY=-1.5, offsetZ=1.0], rebel:csg19b=EjectionInfo[velocity=0.2, isRight=true, rotationYawDeg=85.0, rotationPitchDeg=-45.0, rotationRollDeg=-0.25, offsetX=2.0, offsetY=-1.5, offsetZ=1.0], gz:patriots=EjectionInfo[velocity=0.2, isRight=true, rotationYawDeg=85.0, rotationPitchDeg=-45.0, rotationRollDeg=-0.25, offsetX=2.0, offsetY=-1.5, offsetZ=1.0], gz:classic_m1a=EjectionInfo[velocity=0.2, isRight=true, rotationYawDeg=85.0, rotationPitchDeg=-45.0, rotationRollDeg=-0.25, offsetX=2.0, offsetY=-1.5, offsetZ=1.0], gz:m700_carbon=EjectionInfo[velocity=0.2, isRight=true, rotationYawDeg=85.0, rotationPitchDeg=-45.0, rotationRollDeg=-0.25, offsetX=2.0, offsetY=-1.5, offsetZ=1.0], gz:police_m4=EjectionInfo[velocity=0.2, isRight=true, rotationYawDeg=85.0, rotationPitchDeg=-45.0, rotationRollDeg=-0.25, offsetX=2.0, offsetY=-1.5, offsetZ=1.0], gz:t81s=EjectionInfo[velocity=0.2, isRight=true, rotationYawDeg=85.0, rotationPitchDeg=-45.0, rotationRollDeg=-0.25, offsetX=2.0, offsetY=-1.5, offsetZ=1.0], gz:tactical_t81s=EjectionInfo[velocity=0.2, isRight=true, rotationYawDeg=85.0, rotationPitchDeg=-45.0, rotationRollDeg=-0.25, offsetX=2.0, offsetY=-1.5, offsetZ=1.0], gz:m16a2=EjectionInfo[velocity=0.2, isRight=true, rotationYawDeg=85.0, rotationPitchDeg=-45.0, rotationRollDeg=-0.25, offsetX=2.0, offsetY=-1.5, offsetZ=1.0], gz:military_p416=EjectionInfo[velocity=0.2, isRight=true, rotationYawDeg=85.0, rotationPitchDeg=-45.0, rotationRollDeg=-0.25, offsetX=2.0, offsetY=-1.5, offsetZ=1.0], gz:lightweight_m4=EjectionInfo[velocity=0.2, isRight=true, rotationYawDeg=85.0, rotationPitchDeg=-45.0, rotationRollDeg=-0.25, offsetX=2.0, offsetY=-1.5, offsetZ=1.0], gz:black_market_akm=EjectionInfo[velocity=0.2, isRight=true, rotationYawDeg=85.0, rotationPitchDeg=-45.0, rotationRollDeg=-0.25, offsetX=2.0, offsetY=-1.5, offsetZ=1.0], gz:custom_p416_g3=EjectionInfo[velocity=0.2, isRight=true, rotationYawDeg=85.0, rotationPitchDeg=-45.0, rotationRollDeg=-0.25, offsetX=2.0, offsetY=-1.5, offsetZ=1.0], gz:m4_exotic_t1=EjectionInfo[velocity=0.2, isRight=true, rotationYawDeg=85.0, rotationPitchDeg=-45.0, rotationRollDeg=-0.25, offsetX=2.0, offsetY=-1.5, offsetZ=1.0], gz:auga3cqc=EjectionInfo[velocity=0.2, isRight=true, rotationYawDeg=85.0, rotationPitchDeg=-45.0, rotationRollDeg=-0.25, offsetX=2.0, offsetY=-1.5, offsetZ=1.0], gz:lvoa_c=EjectionInfo[velocity=0.2, isRight=true, rotationYawDeg=85.0, rotationPitchDeg=-45.0, rotationRollDeg=-0.25, offsetX=2.0, offsetY=-1.5, offsetZ=1.0], gz:m4_exotic_t2=EjectionInfo[velocity=0.2, isRight=true, rotationYawDeg=85.0, rotationPitchDeg=-45.0, rotationRollDeg=-0.25, offsetX=2.0, offsetY=-1.5, offsetZ=1.0], gz:military_ak74=EjectionInfo[velocity=0.2, isRight=true, rotationYawDeg=85.0, rotationPitchDeg=-45.0, rotationRollDeg=-0.25, offsetX=2.0, offsetY=-1.5, offsetZ=1.0], gz:tactical_sasg_12k=EjectionInfo[velocity=0.2, isRight=true, rotationYawDeg=85.0, rotationPitchDeg=-45.0, rotationRollDeg=-0.25, offsetX=2.0, offsetY=-1.5, offsetZ=1.0], gz:cargo_terminal=EjectionInfo[velocity=0.2, isRight=true, rotationYawDeg=85.0, rotationPitchDeg=-45.0, rotationRollDeg=-0.25, offsetX=2.0, offsetY=-1.5, offsetZ=1.0], gz:sasg_12=EjectionInfo[velocity=0.2, isRight=true, rotationYawDeg=85.0, rotationPitchDeg=-45.0, rotationRollDeg=-0.25, offsetX=2.0, offsetY=-1.5, offsetZ=1.0], gz:1st_vector45acp=EjectionInfo[velocity=0.2, isRight=true, rotationYawDeg=85.0, rotationPitchDeg=-45.0, rotationRollDeg=-0.25, offsetX=2.0, offsetY=-1.5, offsetZ=1.0], gz:pp19_01=EjectionInfo[velocity=0.2, isRight=true, rotationYawDeg=85.0, rotationPitchDeg=-45.0, rotationRollDeg=-0.25, offsetX=2.0, offsetY=-1.5, offsetZ=1.0], gz:mp5st=EjectionInfo[velocity=0.2, isRight=true, rotationYawDeg=85.0, rotationPitchDeg=-45.0, rotationRollDeg=-0.25, offsetX=2.0, offsetY=-1.5, offsetZ=1.0], gz:tactical_pp19_01=EjectionInfo[velocity=0.2, isRight=true, rotationYawDeg=85.0, rotationPitchDeg=-45.0, rotationRollDeg=-0.25, offsetX=2.0, offsetY=-1.5, offsetZ=1.0], gz:enhanced_pp19=EjectionInfo[velocity=0.2, isRight=true, rotationYawDeg=85.0, rotationPitchDeg=-45.0, rotationRollDeg=-0.25, offsetX=2.0, offsetY=-1.5, offsetZ=1.0], gz:pp19=EjectionInfo[velocity=0.2, isRight=true, rotationYawDeg=85.0, rotationPitchDeg=-45.0, rotationRollDeg=-0.25, offsetX=2.0, offsetY=-1.5, offsetZ=1.0], gz:t5smg=EjectionInfo[velocity=0.2, isRight=true, rotationYawDeg=85.0, rotationPitchDeg=-45.0, rotationRollDeg=-0.25, offsetX=2.0, offsetY=-1.5, offsetZ=1.0], gz:aug_9mm=EjectionInfo[velocity=0.2, isRight=true, rotationYawDeg=85.0, rotationPitchDeg=-45.0, rotationRollDeg=-0.25, offsetX=2.0, offsetY=-1.5, offsetZ=1.0], gz:navy_mp5n=EjectionInfo[velocity=0.2, isRight=true, rotationYawDeg=85.0, rotationPitchDeg=-45.0, rotationRollDeg=-0.25, offsetX=2.0, offsetY=-1.5, offsetZ=1.0], gz:mp5a2=EjectionInfo[velocity=0.2, isRight=true, rotationYawDeg=85.0, rotationPitchDeg=-45.0, rotationRollDeg=-0.25, offsetX=2.0, offsetY=-1.5, offsetZ=1.0], gz:black_market_rpk74=EjectionInfo[velocity=0.2, isRight=true, rotationYawDeg=85.0, rotationPitchDeg=-45.0, rotationRollDeg=-0.25, offsetX=2.0, offsetY=-1.5, offsetZ=1.0], gz:t81lmg=EjectionInfo[velocity=0.2, isRight=true, rotationYawDeg=85.0, rotationPitchDeg=-45.0, rotationRollDeg=-0.25, offsetX=2.0, offsetY=-1.5, offsetZ=1.0], gz:classic_rpk74=EjectionInfo[velocity=0.2, isRight=true, rotationYawDeg=85.0, rotationPitchDeg=-45.0, rotationRollDeg=-0.25, offsetX=2.0, offsetY=-1.5, offsetZ=1.0], bf1:obrez=EjectionInfo[velocity=0.2, isRight=true, rotationYawDeg=85.0, rotationPitchDeg=-45.0, rotationRollDeg=-0.25, offsetX=2.0, offsetY=-1.5, offsetZ=1.0], bf1:sw_model3=EjectionInfo[velocity=0.2, isRight=true, rotationYawDeg=85.0, rotationPitchDeg=-45.0, rotationRollDeg=-0.25, offsetX=2.0, offsetY=-1.5, offsetZ=1.0], bf1:tg1918=EjectionInfo[velocity=0.2, isRight=true, rotationYawDeg=85.0, rotationPitchDeg=-45.0, rotationRollDeg=-0.25, offsetX=2.0, offsetY=-1.5, offsetZ=1.0], bf1:martini=EjectionInfo[velocity=0.2, isRight=true, rotationYawDeg=85.0, rotationPitchDeg=-45.0, rotationRollDeg=-0.25, offsetX=2.0, offsetY=-1.5, offsetZ=1.0], bf1:m1916=EjectionInfo[velocity=0.2, isRight=true, rotationYawDeg=85.0, rotationPitchDeg=-45.0, rotationRollDeg=-0.25, offsetX=2.0, offsetY=-1.5, offsetZ=1.0], bf1:vg15=EjectionInfo[velocity=0.2, isRight=true, rotationYawDeg=85.0, rotationPitchDeg=-45.0, rotationRollDeg=-0.25, offsetX=2.0, offsetY=-1.5, offsetZ=1.0], bf1:model10=EjectionInfo[velocity=0.2, isRight=true, rotationYawDeg=85.0, rotationPitchDeg=-45.0, rotationRollDeg=-0.25, offsetX=2.0, offsetY=-1.5, offsetZ=1.0], bf1:smg0818=EjectionInfo[velocity=0.2, isRight=true, rotationYawDeg=85.0, rotationPitchDeg=-45.0, rotationRollDeg=-0.25, offsetX=2.0, offsetY=-1.5, offsetZ=1.0], bf1:vp1915=EjectionInfo[velocity=0.2, isRight=true, rotationYawDeg=85.0, rotationPitchDeg=-45.0, rotationRollDeg=-0.25, offsetX=2.0, offsetY=-1.5, offsetZ=1.0], bf1:lewis=EjectionInfo[velocity=0.2, isRight=true, rotationYawDeg=85.0, rotationPitchDeg=-45.0, rotationRollDeg=-0.25, offsetX=2.0, offsetY=-1.5, offsetZ=1.0], bf1:mg0815=EjectionInfo[velocity=0.2, isRight=true, rotationYawDeg=85.0, rotationPitchDeg=-45.0, rotationRollDeg=-0.25, offsetX=2.0, offsetY=-1.5, offsetZ=1.0], bf1:man_m95=EjectionInfo[velocity=0.2, isRight=true, rotationYawDeg=85.0, rotationPitchDeg=-45.0, rotationRollDeg=-0.25, offsetX=2.0, offsetY=-1.5, offsetZ=1.0]}}}
[00:46:31] [modloading-worker-0/INFO]: Registering Lang!
[00:46:31] [modloading-worker-0/INFO]: [LMFT]: Loaded Config File!
[00:46:31] [modloading-worker-0/WARN]: Static binding violation: PRIVATE @Overwrite method m_215924_ in modernfix-forge.mixins.json:perf.tag_id_caching.TagEntryMixin from mod modernfix cannot reduce visibiliy of PUBLIC target method, visibility will be upgraded.
[00:46:31] [modloading-worker-0/INFO]: Registering CBC Compat Items!
[00:46:31] [modloading-worker-0/INFO]: Initializing Sound of Rain mod
[00:46:31] [modloading-worker-0/INFO]: Constructing common components for stylisheffects:main
[00:46:32] [modloading-worker-0/INFO]: [Indigo] Registering Indigo renderer!
[00:46:32] [modloading-worker-0/INFO]: Constructing client components for stylisheffects:main
[00:46:32] [UniLib/INFO]: Starting version check for "unilib" (MC 1.20.1) at "https://raw.githubusercontent.com/CDAGaming/VersionLibrary/master/UniLib/update.json"
[00:46:32] [modloading-worker-0/INFO]: Forge mod loading, version 47.4.0, for MC 1.20.1 with MCP 20230612.114412
[00:46:32] [modloading-worker-0/INFO]: MinecraftForge v47.4.0 Initialized
[00:46:32] [modloading-worker-0/INFO]: [DRIPPY LOADING SCREEN] Loading v3.1.0 in client-side mode on FORGE!
[00:46:32] [modloading-worker-0/INFO]: Loading EntityJS-Liopyu
[00:46:32] [modloading-worker-0/INFO]: Loaded common.properties
[00:46:32] [modloading-worker-0/INFO]: Loaded dev.properties
[00:46:32] [modloading-worker-0/INFO]: Constructing common components for puzzleslib:main
[00:46:32] [modloading-worker-0/INFO]: Constructing client components for puzzleslib:main
[00:46:33] [modloading-worker-0/INFO]: Sending ConfigManager...
[00:46:33] [modloading-worker-0/INFO]: Sending ConfigManager took 10.39 ms
[00:46:33] [modloading-worker-0/INFO]: Loading Collective version 8.3.
[00:46:33] [ForkJoinPool.commonPool-worker-1/WARN]: Failed to load hosting packages from remote: Connection refused: no further information
[00:46:33] [ForkJoinPool.commonPool-worker-1/WARN]: Failed to load from remote, falling back to local resources
[00:46:33] [ForkJoinPool.commonPool-worker-1/INFO]: Loaded 5 hosting packages from resources
[00:46:33] [modloading-worker-0/INFO]: EuphoriaPatcher: EuphoriaPatches was successfully installed. Enjoy! -SpacEagle17
[00:46:33] [modloading-worker-0/INFO]: Registering C2S receiver with id animal_pen:update_display_animal
[00:46:33] [modloading-worker-0/INFO]: Registering C2S receiver with id animal_pen:remove_display_animal
[00:46:33] [modloading-worker-0/INFO]: Registering C2S receiver with id animal_pen:update_configuration
[00:46:33] [modloading-worker-0/INFO]: Registering C2S receiver with id animal_pen:network/36ad2e2d017731fbb6ca7d23841726db
[00:46:33] [modloading-worker-0/INFO]: Registering S2C receiver with id animal_pen:network/36ad2e2d017731fbb6ca7d23841726db
[00:46:33] [modloading-worker-0/INFO]: Registering C2S receiver with id animal_pen:network/cb7598b34e4f3152b6f643b68df9c7ba
[00:46:33] [modloading-worker-0/INFO]: Registering S2C receiver with id animal_pen:network/cb7598b34e4f3152b6f643b68df9c7ba
[00:46:33] [modloading-worker-0/INFO]: Registering S2C receiver with id ftblibrary:edit_nbt
[00:46:33] [modloading-worker-0/INFO]: Registering C2S receiver with id ftblibrary:edit_nbt_response
[00:46:33] [modloading-worker-0/INFO]: Registering S2C receiver with id ftblibrary:sync_known_server_registries
[00:46:33] [modloading-worker-0/INFO]: Registering S2C receiver with id ftblibrary:edit_config
[00:46:33] [modloading-worker-0/INFO]: Renaming synthetic method lambda$injectAfterStaticInitialization$0()Lnet/minecraft/world/level/block/state/BlockBehaviour$Properties; to md0d9169$immersivefixes$lambda$injectAfterStaticInitialization$0$0 in immersivefixes.mixins.json:MixinFluidProtection from mod immersivefixes
[00:46:33] [modloading-worker-0/WARN]: The mod rubidium was detected: disabling morphing animation to avoid crashing while rendering.
[00:46:33] [modloading-worker-0/INFO]: Registering S2C receiver with id ftbteams:sync_teams
[00:46:33] [modloading-worker-0/INFO]: Doing super early config setup for zeta
[00:46:33] [modloading-worker-0/INFO]: Registering S2C receiver with id ftbteams:sync_message_history
[00:46:33] [modloading-worker-0/INFO]: Registering C2S receiver with id ftbteams:open_gui
[00:46:33] [modloading-worker-0/INFO]: Registering S2C receiver with id ftbteams:open_my_team_gui
[00:46:33] [modloading-worker-0/INFO]: Registering C2S receiver with id ftbteams:update_settings
[00:46:33] [modloading-worker-0/INFO]: Registering S2C receiver with id ftbteams:update_settings_response
[00:46:33] [modloading-worker-0/INFO]: Registering C2S receiver with id ftbteams:send_message
[00:46:33] [modloading-worker-0/INFO]: Registering S2C receiver with id ftbteams:send_message_response
[00:46:33] [modloading-worker-0/INFO]: Registering S2C receiver with id ftbteams:update_presence
[00:46:33] [modloading-worker-0/INFO]: Registering C2S receiver with id ftbteams:create_party
[00:46:33] [modloading-worker-0/INFO]: Registering C2S receiver with id ftbteams:player_gui_operation
[00:46:33] [modloading-worker-0/WARN]: Modified mixin "dev.uncandango.alltheleaks.mixin.core.main.RecipeCrawlHandlerMixin". Check debug logs for more information.
[00:46:33] [modloading-worker-0/WARN]: Modified mixin "dev.uncandango.alltheleaks.mixin.core.main.RecipeCrawlHandlerMixin". Check debug logs for more information.
[00:46:33] [modloading-worker-0/WARN]: Modified mixin "dev.uncandango.alltheleaks.mixin.core.main.RecipeCrawlHandlerMixin". Check debug logs for more information.
[00:46:33] [modloading-worker-0/INFO]: 

EuphoriaPatcher: Thank you for using Euphoria Patches - SpacEagle17

[00:46:33] [modloading-worker-0/WARN]: @ModifyConstant conflict. Skipping packetfixer.v1_19_4.forge.mixins.json:v1_19_4_forge.ServerLoginPacketListenerImplMixin from mod packetfixer->@ModifyConstant::packetfixer$tick(I)I with priority 1000, already redirected by connectivity.mixins.json:ServerLoginNetHandlerMixin from mod connectivity->@ModifyConstant::loginTimeout(I)I with priority 1001
[00:46:33] [modloading-worker-0/INFO]: Looking for KubeJS plugins...
[00:46:33] [modloading-worker-0/INFO]: Found plugin source kubejs
[00:46:33] [modloading-worker-0/INFO]: Registering S2C receiver with id octolib:config_sync
[00:46:34] [modloading-worker-0/WARN]: Plugin dev.latvian.mods.kubejs.integration.forge.gamestages.GameStagesIntegration does not have required mod gamestages loaded, skipping
[00:46:34] [modloading-worker-0/INFO]: Found plugin source createdieselgenerators
[00:46:34] [modloading-worker-0/INFO]: Found plugin source exposure
[00:46:34] [modloading-worker-0/INFO]: Found plugin source ftbxmodcompat
[00:46:34] [modloading-worker-0/WARN]: Plugin dev.ftb.mods.ftbxmodcompat.ftbchunks.kubejs.FTBChunksKubeJSPlugin does not have required mod ftbchunks loaded, skipping
[00:46:34] [modloading-worker-0/WARN]: Plugin dev.ftb.mods.ftbxmodcompat.ftbfiltersystem.kubejs.FFSKubeJSPlugin does not have required mod ftbfiltersystem loaded, skipping
[00:46:34] [modloading-worker-0/INFO]: Found plugin source entityjs
[00:46:34] [modloading-worker-0/INFO]: Found plugin source kubejs_create
[00:46:34] [modloading-worker-0/INFO]: Registering C2S receiver with id itemfilters:main/14e7fa1454283aec8ae811ef844ada28
[00:46:34] [modloading-worker-0/INFO]: Registering S2C receiver with id itemfilters:main/14e7fa1454283aec8ae811ef844ada28
[00:46:34] [modloading-worker-0/INFO]: Registering C2S receiver with id itemfilters:main/8f6a899247753217b9d86ab427a2b279
[00:46:34] [modloading-worker-0/INFO]: Registering S2C receiver with id itemfilters:main/8f6a899247753217b9d86ab427a2b279
[00:46:34] [modloading-worker-0/INFO]: I am quite particular about the effects I choose to add :3
[00:46:34] [modloading-worker-0/INFO]: Registering S2C receiver with id ftbquests:sync_quests
[00:46:34] [modloading-worker-0/INFO]: Registering S2C receiver with id ftbquests:sync_team_data
[00:46:34] [modloading-worker-0/INFO]: Registering S2C receiver with id ftbquests:update_task_progress
[00:46:34] [modloading-worker-0/INFO]: Found plugin source tacz
[00:46:34] [modloading-worker-0/INFO]: Registering C2S receiver with id ftbquests:submit_task
[00:46:34] [modloading-worker-0/INFO]: Done in 383.7 ms
[00:46:34] [modloading-worker-0/INFO]: Registering C2S receiver with id ftbquests:claim_reward
[00:46:34] [modloading-worker-0/INFO]: Registering S2C receiver with id ftbquests:claim_reward_response
[00:46:34] [modloading-worker-0/INFO]: Registering S2C receiver with id ftbquests:sync_editing_mode
[00:46:34] [modloading-worker-0/INFO]: Registering C2S receiver with id ftbquests:get_emergency_items
[00:46:34] [modloading-worker-0/INFO]: Registering S2C receiver with id ftbquests:create_other_team_data
[00:46:34] [UniLib/INFO]: Starting version check for "craftpresence" (MC 1.20.1) at "https://raw.githubusercontent.com/CDAGaming/VersionLibrary/master/CraftPresence/update.json"
[00:46:34] [modloading-worker-0/INFO]: Registering C2S receiver with id ftbquests:claim_all_rewards
[00:46:34] [modloading-worker-0/INFO]: Registering C2S receiver with id ftbquests:claim_choice_reward
[00:46:34] [modloading-worker-0/INFO]: Registering S2C receiver with id ftbquests:display_completion_toast
[00:46:34] [modloading-worker-0/INFO]: Registering S2C receiver with id ftbquests:display_reward_toast
[00:46:34] [modloading-worker-0/INFO]: Registering S2C receiver with id ftbquests:display_item_reward_toast
[00:46:34] [modloading-worker-0/INFO]: Registering C2S receiver with id ftbquests:toggle_pinned
[00:46:34] [modloading-worker-0/INFO]: Registering S2C receiver with id ftbquests:toggle_pinned_response
[00:46:34] [modloading-worker-0/INFO]: Registering C2S receiver with id ftbquests:toggle_chapter_pinned
[00:46:34] [modloading-worker-0/INFO]: Registering S2C receiver with id ftbquests:toggle_chapter_pinned_response
[00:46:34] [modloading-worker-0/INFO]: Registering C2S receiver with id ftbquests:toggle_editing_mode
[00:46:34] [modloading-worker-0/INFO]: Registering C2S receiver with id ftbquests:force_save
[00:46:34] [modloading-worker-0/INFO]: Registering S2C receiver with id ftbquests:update_team_data
[00:46:34] [modloading-worker-0/INFO]: Registering C2S receiver with id ftbquests:set_custom_image
[00:46:34] [modloading-worker-0/INFO]: Registering S2C receiver with id ftbquests:object_started
[00:46:34] [modloading-worker-0/INFO]: Registering S2C receiver with id ftbquests:object_completed
[00:46:34] [modloading-worker-0/INFO]: Registering S2C receiver with id ftbquests:object_started_reset
[00:46:34] [modloading-worker-0/INFO]: Registering S2C receiver with id ftbquests:object_completed_reset
[00:46:34] [modloading-worker-0/INFO]: Registering S2C receiver with id ftbquests:sync_lock
[00:46:34] [modloading-worker-0/INFO]: Registering S2C receiver with id ftbquests:reset_reward
[00:46:34] [modloading-worker-0/INFO]: Registering S2C receiver with id ftbquests:team_data_changed
[00:46:34] [modloading-worker-0/INFO]: Registering S2C receiver with id ftbquests:task_screen_config_req
[00:46:34] [modloading-worker-0/INFO]: Loaded config file.
[00:46:34] [modloading-worker-0/INFO]: Registering C2S receiver with id ftbquests:task_screen_config_resp
[00:46:34] [modloading-worker-0/INFO]: Registering C2S receiver with id ftbquests:change_progress
[00:46:34] [modloading-worker-0/INFO]: Registering C2S receiver with id ftbquests:create_object
[00:46:34] [modloading-worker-0/INFO]: Registering S2C receiver with id ftbquests:create_object_response
[00:46:34] [modloading-worker-0/INFO]: Registering C2S receiver with id ftbquests:create_task_at
[00:46:34] [modloading-worker-0/INFO]: Saved config file.
[00:46:34] [modloading-worker-0/INFO]: Registering C2S receiver with id ftbquests:delete_object
[00:46:34] [modloading-worker-0/INFO]: Registering S2C receiver with id ftbquests:delete_object_response
[00:46:34] [modloading-worker-0/INFO]: Registering C2S receiver with id ftbquests:edit_object
[00:46:34] [modloading-worker-0/INFO]: Registering S2C receiver with id ftbquests:edit_object_response
[00:46:34] [modloading-worker-0/INFO]: Registering C2S receiver with id ftbquests:move_chapter
[00:46:34] [modloading-worker-0/INFO]: Registering S2C receiver with id ftbquests:move_chapter_response
[00:46:34] [modloading-worker-0/INFO]: Registering C2S receiver with id ftbquests:move_quest
[00:46:34] [modloading-worker-0/INFO]: Registering S2C receiver with id ftbquests:move_quest_response
[00:46:34] [modloading-worker-0/INFO]: Registering C2S receiver with id ftbquests:change_chapter_group
[00:46:34] [CraftPresence/INFO]: Configuration settings have been saved and reloaded successfully!
[00:46:34] [CraftPresence/INFO]: Checking for "atlauncher" pack data...
[00:46:34] [modloading-worker-0/INFO]: Registering S2C receiver with id ftbquests:change_chapter_group_response
[00:46:34] [CraftPresence/ERROR]: Unable to get "atlauncher" pack data (ignore if not using a "atlauncher" pack)
[00:46:34] [CraftPresence/INFO]: Checking for "curse" pack data...
[00:46:34] [CraftPresence/INFO]: Found "curse" pack data! (Name: "DeceasedCraft_Beta", Icon: "deceasedcraft_beta")
[00:46:34] [modloading-worker-0/INFO]: Registering C2S receiver with id ftbquests:move_chapter_group
[00:46:34] [modloading-worker-0/INFO]: Registering S2C receiver with id ftbquests:move_chapter_group_response
[00:46:34] [modloading-worker-0/INFO]: Registering S2C receiver with id ftbquests:sync_reward_blocking
[00:46:34] [modloading-worker-0/INFO]: Registering C2S receiver with id ftbquests:copy_quest
[00:46:34] [modloading-worker-0/INFO]: Loaded config for: connectivity.json
[00:46:34] [modloading-worker-0/INFO]: Registering C2S receiver with id ftbquests:copy_chapter_image
[00:46:34] [modloading-worker-0/INFO]: Registering C2S receiver with id ftbquests:sync_structures_request
[00:46:34] [modloading-worker-0/INFO]: Registering S2C receiver with id ftbquests:sync_structures_response
[00:46:34] [modloading-worker-0/INFO]: Registering C2S receiver with id ftbquests:request_team_data
[00:46:34] [modloading-worker-0/INFO]: Registering S2C receiver with id ftbquests:sync_editor_permission
[00:46:34] [modloading-worker-0/INFO]: Registering S2C receiver with id ftbquests:open_quest_book
[00:46:34] [modloading-worker-0/INFO]: Loading the EZVCSurvival configuration (initial load)...
[00:46:34] [modloading-worker-0/INFO]: Registering S2C receiver with id ftbquests:clear_display_cache
[00:46:34] [modloading-worker-0/INFO]: Loaded modifier for gun: pistol -> speed: 1.0, range: 2.0
[00:46:34] [modloading-worker-0/INFO]: Loaded modifier for gun: sniper -> speed: 1.5, range: 8.0
[00:46:34] [modloading-worker-0/INFO]: Loaded modifier for gun: rifle -> speed: 1.25, range: 4.0
[00:46:34] [modloading-worker-0/INFO]: Loaded modifier for gun: shotgun -> speed: 1.1, range: 3.0
[00:46:34] [modloading-worker-0/INFO]: Loaded modifier for gun: smg -> speed: 1.0, range: 2.0
[00:46:34] [modloading-worker-0/INFO]: Loaded modifier for gun: rpg -> speed: 1.5, range: 6.0
[00:46:34] [modloading-worker-0/INFO]: Loaded modifier for gun: mg -> speed: 1.25, range: 4.0
[00:46:34] [modloading-worker-0/INFO]: Loaded pointblank modifier for gun: pistol -> speed: 1.0, range: 4.0
[00:46:34] [modloading-worker-0/INFO]: Loaded pointblank modifier for gun: sniper -> speed: 1.0, range: 5.0
[00:46:34] [modloading-worker-0/INFO]: Loaded pointblank modifier for gun: rifle -> speed: 1.0, range: 6.5
[00:46:34] [modloading-worker-0/INFO]: Loaded pointblank modifier for gun: shotgun -> speed: 1.0, range: 4.8
[00:46:34] [modloading-worker-0/INFO]: Loaded pointblank modifier for gun: smg -> speed: 1.0, range: 3.0
[00:46:34] [modloading-worker-0/INFO]: Loaded pointblank modifier for gun: rpg -> speed: 1.0, range: 10.0
[00:46:34] [modloading-worker-0/INFO]: Loaded pointblank modifier for gun: mg -> speed: 1.0, range: 8.0
[00:46:34] [modloading-worker-0/INFO]: Kotlin For Forge Enabled!
[00:46:34] [modloading-worker-0/INFO]: [FTB Quests] Enabled KubeJS integration
[00:46:34] [CraftPresence/INFO]: Checking Discord for available assets with Client Id: 1152680621655740447
[00:46:34] [CraftPresence/INFO]: Originally coded by paulhobbel - https://github.com/paulhobbel
[00:46:35] [CraftPresence/INFO]: 8 total assets detected!
[00:46:35] [modloading-worker-0/INFO]: Deserializing YACLConfig from 'C:\Users\Leandro\curseforge\minecraft\Instances\DeceasedCraft - Urban Zombie Apocalypse\config\yacl.json5'
[00:46:35] [modloading-worker-0/INFO]: Deserializing WorldSoundsConfig from 'C:\Users\Leandro\curseforge\minecraft\Instances\DeceasedCraft - Urban Zombie Apocalypse\config\sounds\world.json'
[00:46:35] [modloading-worker-0/INFO]: Deserializing ChatSoundsConfig from 'C:\Users\Leandro\curseforge\minecraft\Instances\DeceasedCraft - Urban Zombie Apocalypse\config\sounds\chat.json'
[00:46:35] [modloading-worker-0/INFO]: Deserializing EventSoundsConfig from 'C:\Users\Leandro\curseforge\minecraft\Instances\DeceasedCraft - Urban Zombie Apocalypse\config\sounds\event.json'
[00:46:35] [modloading-worker-0/INFO]: Deserializing ModConfig from 'C:\Users\Leandro\curseforge\minecraft\Instances\DeceasedCraft - Urban Zombie Apocalypse\config\sounds\mod_utils.json'
[00:46:35] [modloading-worker-0/INFO]: Deserializing UISoundsConfig from 'C:\Users\Leandro\curseforge\minecraft\Instances\DeceasedCraft - Urban Zombie Apocalypse\config\sounds\ui.json'
[00:46:35] [modloading-worker-0/INFO]: Serializing class dev.imb11.sounds.config.ChatSoundsConfig to 'C:\Users\Leandro\curseforge\minecraft\Instances\DeceasedCraft - Urban Zombie Apocalypse\config\sounds\chat.json'
[00:46:35] [modloading-worker-0/INFO]: Loading CGM-EntityJS compatibility
[00:46:35] [modloading-worker-0/INFO]: Create 6.0.6 initializing! Commit hash: 338bfa0aec952fa51656e8f61bd621ca9b3b2e00
[00:46:35] [modloading-worker-0/INFO]: Registering items for Create Deco
[00:46:35] [modloading-worker-0/INFO]: ExpandAbility here, who dis?
[00:46:35] [modloading-worker-0/INFO]: Registering blocks for Create Deco
[00:46:35] [modloading-worker-0/INFO]: Presence Footsteps starting
[00:46:35] [modloading-worker-0/INFO]: Loading Rhino Minecraft remapper...
[00:46:35] [modloading-worker-0/INFO]: Rhino properties loaded.
[00:46:35] [modloading-worker-0/INFO]: Loading mappings for 1.20.1
[00:46:35] [modloading-worker-0/INFO]: Done in 0.062 s
[00:46:36] [CraftPresence/INFO]: Attempting to connect to Discord (1/10)...
[00:46:36] [modloading-worker-0/INFO]: Disabled ModernFix perf.dynamic_entity_renderers
[00:46:36] [modloading-worker-0/WARN]: Cancelled mixin org.embeddedt.modernfix.common.mixin.perf.dynamic_entity_renderers.EntityRenderDispatcherMixin. Check debug logs for more information.
[00:46:36] [CraftPresence/INFO]: Loaded display data with Client Id: 1152680621655740447 (Logged in as Leandro)
[00:46:36] [modloading-worker-0/INFO]: Loaded script startup_scripts:armors/tier_1.js in 0.119 s
[00:46:36] [modloading-worker-0/INFO]: Loaded script startup_scripts:armors/tier_2.js in 0.007 s
[00:46:36] [modloading-worker-0/INFO]: Loaded script startup_scripts:armors/tier_3.js in 0.007 s
[00:46:36] [modloading-worker-0/INFO]: Loaded script startup_scripts:armors/tier_4.js in 0.006 s
[00:46:36] [modloading-worker-0/INFO]: Loaded script startup_scripts:entity/attribute.js in 0.008 s
[00:46:36] [modloading-worker-0/INFO]: example.js#5: Hello, World! (Loaded startup scripts)
[00:46:36] [modloading-worker-0/INFO]: Loaded script startup_scripts:example.js in 0.002 s
[00:46:36] [modloading-worker-0/INFO]: Loaded script startup_scripts:food/food_value.js in 0.009 s
[00:46:36] [modloading-worker-0/INFO]: Loaded script startup_scripts:items/badges.js in 0.001 s
[00:46:36] [modloading-worker-0/INFO]: Loaded script startup_scripts:items/bullet_casings.js in 0.0 s
[00:46:36] [modloading-worker-0/INFO]: Loaded script startup_scripts:items/flyer.js in 0.0 s
[00:46:36] [modloading-worker-0/INFO]: Loaded script startup_scripts:items/incomplete.js in 0.001 s
[00:46:36] [modloading-worker-0/INFO]: Loaded script startup_scripts:items/materials.js in 0.001 s
[00:46:36] [modloading-worker-0/INFO]: Loaded script startup_scripts:items/misc.js in 0.001 s
[00:46:36] [modloading-worker-0/INFO]: Loaded script startup_scripts:items/molds.js in 0.0 s
[00:46:36] [modloading-worker-0/INFO]: Loaded script startup_scripts:items/skill_books.js in 0.002 s
[00:46:36] [modloading-worker-0/INFO]: logics/abyss_portal.js#1: Loaded Java class 'net.kyrptonaught.customportalapi.api.CustomPortalBuilder'
[00:46:36] [modloading-worker-0/INFO]: Loaded script startup_scripts:logics/abyss_portal.js in 0.009 s
[00:46:36] [modloading-worker-0/INFO]: Loaded script startup_scripts:logics/ore_removal.js in 0.0 s
[00:46:36] [modloading-worker-0/INFO]: Loaded script startup_scripts:removals.js in 0.004 s
[00:46:36] [modloading-worker-0/INFO]: weapons/axes.js#1: Loaded Java class 'java.util.UUID'
[00:46:36] [modloading-worker-0/INFO]: weapons/axes.js#3: Loaded Java class 'java.lang.String'
[00:46:36] [modloading-worker-0/INFO]: Loaded script startup_scripts:weapons/axes.js in 0.004 s
[00:46:36] [modloading-worker-0/INFO]: Loaded script startup_scripts:weapons/bats.js in 0.002 s
[00:46:36] [modloading-worker-0/INFO]: Loaded script startup_scripts:weapons/fists.js in 0.001 s
[00:46:36] [modloading-worker-0/INFO]: Loaded script startup_scripts:weapons/hammers.js in 0.002 s
[00:46:36] [modloading-worker-0/INFO]: Loaded script startup_scripts:weapons/hoes.js in 0.001 s
[00:46:36] [modloading-worker-0/INFO]: Loaded script startup_scripts:weapons/knives.js in 0.002 s
[00:46:36] [modloading-worker-0/INFO]: Loaded script startup_scripts:weapons/maces.js in 0.0 s
[00:46:36] [modloading-worker-0/INFO]: Loaded script startup_scripts:weapons/machetes.js in 0.002 s
[00:46:36] [modloading-worker-0/INFO]: Loaded script startup_scripts:weapons/misc.js in 0.001 s
[00:46:36] [modloading-worker-0/INFO]: Loaded script startup_scripts:weapons/shield.js in 0.001 s
[00:46:36] [modloading-worker-0/INFO]: Loaded script startup_scripts:weapons/shovels.js in 0.002 s
[00:46:36] [modloading-worker-0/INFO]: Loaded script startup_scripts:weapons/swords.js in 0.001 s
[00:46:36] [modloading-worker-0/INFO]: Loaded 30/30 KubeJS startup scripts in 1.133 s with 0 errors and 0 warnings
[00:46:36] [modloading-worker-0/INFO]: Loaded script client_scripts:jei.js in 0.004 s
[00:46:36] [modloading-worker-0/INFO]: Loaded 1/1 KubeJS client scripts in 0.018 s with 0 errors and 0 warnings
[00:46:36] [modloading-worker-0/INFO]: Registering C2S receiver with id kubejs:send_data_from_client
[00:46:36] [modloading-worker-0/INFO]: Registering S2C receiver with id kubejs:send_data_from_server
[00:46:36] [modloading-worker-0/INFO]: Registering S2C receiver with id kubejs:paint
[00:46:36] [modloading-worker-0/INFO]: Registering S2C receiver with id kubejs:add_stage
[00:46:36] [modloading-worker-0/INFO]: Registering S2C receiver with id kubejs:remove_stage
[00:46:36] [modloading-worker-0/INFO]: Registering S2C receiver with id kubejs:sync_stages
[00:46:36] [modloading-worker-0/INFO]: Registering C2S receiver with id kubejs:first_click
[00:46:36] [modloading-worker-0/INFO]: Registering S2C receiver with id kubejs:toast
[00:46:36] [modloading-worker-0/INFO]: Registering S2C receiver with id kubejs:reload_startup_scripts
[00:46:36] [modloading-worker-0/INFO]: Registering S2C receiver with id kubejs:display_server_errors
[00:46:36] [modloading-worker-0/INFO]: Registering S2C receiver with id kubejs:display_client_errors
[00:46:37] [Render thread/INFO]: Capturing existing worldgen registries
[00:46:37] [Render thread/INFO]: Found 0 injected RegistryDataLoader worldgen registries
[00:46:38] [CraftPresence/ERROR]: Asset name "deceasedcraft_beta" does not exist, attempting to use an alternative icon "curse"...
[00:46:38] [CraftPresence/INFO]: To add support for this icon, please request for this icon to be added to the default Client ID or add the icon under the following name: "deceasedcraft_beta".
[00:46:38] [CraftPresence/INFO]: Failed to assign an alternative icon for asset name "deceasedcraft_beta", using default/randomized icon ""...
[00:46:38] [Render thread/WARN]: Error loading class: com/dsvv/cbcat/cannon/twin_autocannon/contraption/MountedTwinAutocannonContraption (java.lang.ClassNotFoundException: com.dsvv.cbcat.cannon.twin_autocannon.contraption.MountedTwinAutocannonContraption)
[00:46:38] [Render thread/WARN]: Error loading class: com/dsvv/cbcat/cannon/heavy_autocannon/contraption/MountedHeavyAutocannonContraption (java.lang.ClassNotFoundException: com.dsvv.cbcat.cannon.heavy_autocannon.contraption.MountedHeavyAutocannonContraption)
[00:46:39] [Render thread/WARN]: Found 0 unused register callback(s) for entry empty_blaze_burner [minecraft:item]. Was the entry ever registered?
[00:46:40] [Render thread/INFO]: Method handleAnimations at mixin dev.uncandango.alltheleaks.mixin.core.main.GeoModelMixin cancelled due to not matching hash: Actual -1692042262, Expected: [-1957930875]
[00:46:40] [Render thread/INFO]: Mixin annotation @Lorg/spongepowered/asm/mixin/injection/Redirect;(at=@Lorg/spongepowered/asm/mixin/injection/At;(args={}, value="INVOKE", target="Lsoftware/bernie/geckolib/core/molang/MolangParser;setValue(Ljava/lang/String;Ljava/util/function/DoubleSupplier;)V"), method={}, slice=@Lorg/spongepowered/asm/mixin/injection/Slice;(from=@Lorg/spongepowered/asm/mixin/injection/At;(args={}, value="HEAD", target=""), to=@Lorg/spongepowered/asm/mixin/injection/At;(args={}, value="TAIL", target=""))) at mixin dev.uncandango.alltheleaks.mixin.core.main.GeoModelMixin removed due to no methods available
[00:46:40] [Render thread/WARN]: Modified mixin "dev.uncandango.alltheleaks.mixin.core.main.GeoModelMixin". Check debug logs for more information.
[00:46:41] [Render thread/WARN]: Registry entry listened Registry Entry [minecraft:entity_type / vinery:mule] was not realized!
[00:46:41] [Render thread/WARN]: Registry entry listened Registry Entry [minecraft:entity_type / bakery:wandering_baker] was not realized!
[00:46:41] [Render thread/WARN]: Registry entry listened Registry Entry [minecraft:entity_type / vinery:wandering_winemaker] was not realized!
[00:46:41] [Render thread/INFO]: Initialized slab sets in: 50 ms
[00:46:41] [Render thread/INFO]: Initialized block sets in 69ms
[00:46:41] [Render thread/WARN]: Registry entry listened Registry Entry [minecraft:entity_type / vinery:mule] was not realized!
[00:46:41] [Render thread/WARN]: Registry entry listened Registry Entry [minecraft:entity_type / bakery:wandering_baker] was not realized!
[00:46:41] [Render thread/WARN]: Registry entry listened Registry Entry [minecraft:entity_type / vinery:wandering_winemaker] was not realized!
[00:46:41] [Render thread/WARN]: Registry entry listened Registry Entry [minecraft:entity_type / vinery:mule] was not realized!
[00:46:41] [Render thread/WARN]: Registry entry listened Registry Entry [minecraft:entity_type / bakery:wandering_baker] was not realized!
[00:46:41] [Render thread/WARN]: Registry entry listened Registry Entry [minecraft:entity_type / vinery:wandering_winemaker] was not realized!
[00:46:41] [Render thread/WARN]: Registry entry listened Registry Entry [minecraft:entity_type / bakery:wandering_baker] was not realized!
[00:46:42] [Render thread/INFO]: Instantiating Mojang DFU
[00:46:42] [Datafixer Bootstrap/INFO]: 188 Datafixer optimizations took 100 milliseconds
[00:46:43] [Render thread/WARN]: defineId called for: class com.Harbinger.Spore.Sentities.EvolvedInfected.Busser from class com.Harbinger.Spore.Sentities.EvolvedInfected.Scamper
[00:46:43] [Render thread/WARN]: defineId called for: class com.Harbinger.Spore.Sentities.EvolvedInfected.Busser from class com.Harbinger.Spore.Sentities.Organoids.Vigil
[00:46:43] [Render thread/WARN]: defineId called for: class com.Harbinger.Spore.Sentities.EvolvedInfected.Busser from class com.Harbinger.Spore.Sentities.Organoids.Brauerei
[00:46:43] [Render thread/WARN]: defineId called for: class com.Harbinger.Spore.Sentities.BaseEntities.Infected from class com.Harbinger.Spore.Sentities.BaseEntities.Hyper
[00:46:43] [Render thread/INFO]: Replacing search trees with 'JEI' provider
[00:46:45] [Render thread/INFO]: Start scanning for gun packs in C:\Users\Leandro\curseforge\minecraft\Instances\DeceasedCraft - Urban Zombie Apocalypse\tacz
[00:46:45] [Render thread/INFO]: - bf1_default_gun, Main namespace: bf1
[00:46:45] [Render thread/INFO]: - gucci_attachments_default_gun, Main namespace: gucci_attachments
[00:46:45] [Render thread/INFO]: - gz_default_gun, Main namespace: gz
[00:46:45] [Render thread/INFO]: - rebel_default_gun, Main namespace: rebel
[00:46:45] [Render thread/INFO]: - suffuse_default_gun, Main namespace: suffuse
[00:46:45] [Render thread/INFO]: - tacz_default_gun, Main namespace: tacz
[00:46:45] [Render thread/INFO]: Found 6 possible gunpack(s) and added them to resource set.
[00:46:45] [Render thread/INFO]: Block securitycraft:reinforced_dispenser had its color provider replaced and will not use per-vertex coloring
[00:46:45] [Render thread/INFO]: Block securitycraft:reinforced_dropper had its color provider replaced and will not use per-vertex coloring
[00:46:45] [Render thread/INFO]: Block securitycraft:reinforced_hopper had its color provider replaced and will not use per-vertex coloring
[00:46:45] [Render thread/INFO]: Block securitycraft:reinforced_observer had its color provider replaced and will not use per-vertex coloring
[00:46:45] [Render thread/INFO]: Block securitycraft:reinforced_grass_block had its color provider replaced and will not use per-vertex coloring
[00:46:45] [Render thread/INFO]: Block securitycraft:reinforced_water_cauldron had its color provider replaced and will not use per-vertex coloring
[00:46:45] [Render thread/INFO]: Block minecraft:birch_leaves had its color provider replaced and will not use per-vertex coloring
[00:46:45] [Render thread/INFO]: Hardware information:
[00:46:45] [Render thread/INFO]: CPU: 16x AMD Ryzen 7 5700X 8-Core Processor 
[00:46:45] [Render thread/INFO]: GPU: AMD Radeon RX 7600 (Supports OpenGL 4.6.0 Core Profile Context 26.5.1.260408)
[00:46:45] [Render thread/INFO]: OS: Windows 11 (10.0)
[00:46:45] [Render thread/WARN]: Mod(s) [oculus] are modifying Embeddium class me.jellysquid.mods.sodium.client.render.vertex.VertexFormatDescriptionImpl, which may cause instability.
[00:46:45] [Render thread/WARN]: Mod(s) [entity_texture_features, oculus] are modifying Embeddium class me.jellysquid.mods.sodium.client.render.vertex.buffer.SodiumBufferBuilder, which may cause instability.
[00:46:45] [Render thread/WARN]: Mod(s) [oculus] are modifying Embeddium class me.jellysquid.mods.sodium.client.render.SodiumWorldRenderer, which may cause instability.
[00:46:46] [Render thread/INFO]: Disabled ModernFix perf.dynamic_entity_renderers
[00:46:46] [Render thread/WARN]: Cancelled mixin org.embeddedt.modernfix.common.mixin.perf.dynamic_entity_renderers.EntityRenderersMixin. Check debug logs for more information.
[00:46:46] [Finalizer/WARN]: One or more BufferBuilders have been leaked, ModernFix will attempt to correct this.
[00:46:47] [Render thread/INFO]: [FANCYMENU] Registering resource reload listener..
[00:46:47] [Render thread/INFO]: [FANCYMENU] Initializing screen customization engine! Addons should NOT REGISTER TO REGISTRIES anymore now!
[00:46:47] [UniLib/ERROR]: Failed to check for updates, enable debug mode to see errors...
[00:46:47] [Render thread/INFO]: fancymenu.mixins.json:client.IMixinRealmsNotificationsScreen from mod fancymenu->@Accessor[FIELD_GETTER]::get_trialAvailable_FancyMenu()Z should be static as its target is
[00:46:47] [Render thread/INFO]: fancymenu.mixins.json:client.IMixinRealmsNotificationsScreen from mod fancymenu->@Accessor[FIELD_GETTER]::get_hasUnreadNews_FancyMenu()Z should be static as its target is
[00:46:47] [Render thread/INFO]: fancymenu.mixins.json:client.IMixinRealmsNotificationsScreen from mod fancymenu->@Accessor[FIELD_GETTER]::get_hasUnseenNotifications()Z should be static as its target is
[00:46:47] [Render thread/INFO]: fancymenu.mixins.json:client.IMixinRealmsNotificationsScreen from mod fancymenu->@Accessor[FIELD_GETTER]::get_validClient_FancyMenu()Z should be static as its target is
[00:46:47] [Render thread/INFO]: [FANCYMENU] Minecraft resource reload: STARTING
[00:46:47] [Render thread/INFO]: Reloading ResourceManager: vanilla, tacz_resources, mod_resources, Moonlight Mods Dynamic Assets, fabric, hordes-config, KubeJS Resource Pack [assets], file/-1.21.2 Fresh Moves v3.1 (No Animated Eyes).zip, file/Itsme64's no potion particles [1.5.1].zip, file/LAP_1.20.1_0.5CSM.zip, file/TZP_1.20.1_2.7.zip, file/§6No Enchant Glint 1.20.1.zip, file/Deceasedcraft Screen Tweak 1.20.1.zip, file/MandalasGUI+Dakmode_1.20.1.zip, file/Lopy-Create-Pipez.zip, scholar:colored_books, scholar:chiseled_bookshelf_colored_books, cnpcs
[00:46:47] [Render thread/INFO]: Generated runtime resources for 3 packs in a total of: 42 ms
[00:46:47] [Worker-ResourceReload-3/WARN]: Failed to find block entries for tag key: minecraft:cauldrons
[00:46:47] [Worker-ResourceReload-5/WARN]: File undead_revamp2:sounds/wheezerhurt2_2.ogg does not exist, cannot add it to event undead_revamp2:wheezehurt
[00:46:47] [Worker-ResourceReload-5/WARN]: File undead_revamp2:sounds/lecheryambt2.ogg does not exist, cannot add it to event undead_revamp2:lechery_ambt
[00:46:47] [Worker-ResourceReload-5/WARN]: File minecraft:sounds/moreZsounds/say130.ogg does not exist, cannot add it to event minecraft:entity.zombie.ambient
[00:46:47] [Worker-ResourceReload-5/WARN]: File minecraft:sounds/moreZsounds/say131.ogg does not exist, cannot add it to event minecraft:entity.zombie.ambient
[00:46:47] [Worker-ResourceReload-5/WARN]: File minecraft:sounds/moreZsounds/say138.ogg does not exist, cannot add it to event minecraft:entity.zombie.ambient
[00:46:47] [modloading-worker-0/INFO]: Updating config cache
[00:46:47] [Worker-ResourceReload-5/WARN]: File minecraft:sounds/moreZsounds/say143.ogg does not exist, cannot add it to event minecraft:entity.zombie.ambient
[00:46:47] [Worker-ResourceReload-5/WARN]: File minecraft:sounds/moreZsounds/say144.ogg does not exist, cannot add it to event minecraft:entity.zombie.ambient
[00:46:47] [Worker-ResourceReload-5/WARN]: File minecraft:sounds/moreZsounds/say145.ogg does not exist, cannot add it to event minecraft:entity.zombie.ambient
[00:46:47] [modloading-worker-0/INFO]: Cache updated successfully
[00:46:47] [Worker-ResourceReload-5/WARN]: File naturalist:sounds/mob/giraffe/idle.ogg does not exist, cannot add it to event naturalist:entity.giraffe.ambient
[00:46:47] [Worker-ResourceReload-12/INFO]: Found unifont_all_no_pua-15.0.06.hex, loading
[00:46:47] [DefaultDispatcher-worker-83/WARN]: Invalid path moa_decor_bath:assets/moa_decor_bath/models/custom/pplancha(z).json in pack MOAdecor BATH 1.20.1.jar, ignoring
[00:46:47] [DefaultDispatcher-worker-91/WARN]: Invalid path moa_decor_bath:assets/moa_decor_bath/models/custom/plancha(2).json in pack MOAdecor BATH 1.20.1.jar, ignoring
[00:46:47] [modloading-worker-0/INFO]: Loading client config for stylisheffects
[00:46:48] [modloading-worker-0/INFO]: Loading the EZVCSurvival configuration (initial load)...
[00:46:48] [modloading-worker-0/INFO]: Loaded modifier for gun: pistol -> speed: 1.0, range: 2.0
[00:46:48] [modloading-worker-0/INFO]: Loaded modifier for gun: sniper -> speed: 1.5, range: 8.0
[00:46:48] [modloading-worker-0/INFO]: Loaded modifier for gun: rifle -> speed: 1.25, range: 4.0
[00:46:48] [modloading-worker-0/INFO]: Loaded modifier for gun: shotgun -> speed: 1.1, range: 3.0
[00:46:48] [modloading-worker-0/INFO]: Loaded modifier for gun: smg -> speed: 1.0, range: 2.0
[00:46:48] [modloading-worker-0/INFO]: Loaded modifier for gun: rpg -> speed: 1.5, range: 6.0
[00:46:48] [modloading-worker-0/INFO]: Loaded modifier for gun: mg -> speed: 1.25, range: 4.0
[00:46:48] [modloading-worker-0/INFO]: Loaded pointblank modifier for gun: pistol -> speed: 1.0, range: 4.0
[00:46:48] [modloading-worker-0/INFO]: Loaded pointblank modifier for gun: sniper -> speed: 1.0, range: 5.0
[00:46:48] [modloading-worker-0/INFO]: Loaded pointblank modifier for gun: rifle -> speed: 1.0, range: 6.5
[00:46:48] [modloading-worker-0/INFO]: Loaded pointblank modifier for gun: shotgun -> speed: 1.0, range: 4.8
[00:46:48] [modloading-worker-0/INFO]: Loaded pointblank modifier for gun: smg -> speed: 1.0, range: 3.0
[00:46:48] [modloading-worker-0/INFO]: Loaded pointblank modifier for gun: rpg -> speed: 1.0, range: 10.0
[00:46:48] [modloading-worker-0/INFO]: Loaded pointblank modifier for gun: mg -> speed: 1.0, range: 8.0
[00:46:48] [Render thread/INFO]: [DRIPPY LOADING SCREEN] Initializing fonts for text rendering..
[00:46:48] [Render thread/INFO]: [FANCYMENU] ScreenCustomizationLayer registered: drippy_loading_overlay
[00:46:48] [Worker-ResourceReload-11/WARN]: Invalid frame index on sprite spore:item/scythe frame 2: 2
[00:46:48] [Worker-ResourceReload-11/WARN]: Invalid frame index on sprite spore:item/scythe frame 3: 3
[00:46:48] [Render thread/INFO]: [FANCYMENU] Starting late client initialization phase..
[00:46:48] [Worker-ResourceReload-9/ERROR]: Using missing texture, unable to load undead_revamp2:bcd4cfe5-7792-4979-bcbb-1fbd266b85ef.
java.io.IOException: Could not load image: Image not of any known type, or corrupt
	at com.mojang.blaze3d.platform.NativeImage.m_85051_(NativeImage.java:138) ~[client-1.20.1-20230612.114412-srg.jar%23775!/:?]
	at com.mojang.blaze3d.platform.NativeImage.m_85048_(NativeImage.java:103) ~[client-1.20.1-20230612.114412-srg.jar%23775!/:?]
	at com.mojang.blaze3d.platform.NativeImage.m_85058_(NativeImage.java:94) ~[client-1.20.1-20230612.114412-srg.jar%23775!/:?]
	at net.minecraft.client.renderer.texture.SpriteLoader.m_245083_(SpriteLoader.java:139) ~[client-1.20.1-20230612.114412-srg.jar%23775!/:?]
	at net.minecraft.client.renderer.texture.atlas.SpriteSource$Output.m_261059_(SpriteSource.java:22) ~[client-1.20.1-20230612.114412-srg.jar%23775!/:?]
	at java.util.concurrent.CompletableFuture$AsyncSupply.run(Unknown Source) ~[?:?]
	at java.util.concurrent.CompletableFuture$AsyncSupply.exec(Unknown Source) ~[?:?]
	at java.util.concurrent.ForkJoinTask.doExec(Unknown Source) ~[?:?]
	at java.util.concurrent.ForkJoinPool$WorkQueue.topLevelExec(Unknown Source) ~[?:?]
	at java.util.concurrent.ForkJoinPool.scan(Unknown Source) ~[?:?]
	at java.util.concurrent.ForkJoinPool.runWorker(Unknown Source) ~[?:?]
	at java.util.concurrent.ForkJoinWorkerThread.run(Unknown Source) ~[?:?]
[00:46:48] [Render thread/INFO]: Client resource reload complete!
[00:46:48] [Worker-ResourceReload-13/INFO]: Loading Open Parties and Claims!
[00:46:48] [Worker-ResourceReload-11/WARN]: Unused frames in sprite refinedstorage:block/destructor/cutouts/connected: [20, 21, 22, 23]
[00:46:49] [Worker-ResourceReload-6/WARN]: Invalid frame index on sprite spore:item/great_sword frame 2: 2
[00:46:49] [Worker-ResourceReload-6/WARN]: Invalid frame index on sprite spore:item/great_sword frame 3: 3
[00:46:49] [Worker-ResourceReload-10/INFO]: Better Compatibility Checker setup
[00:46:49] [Worker-ResourceReload-0/INFO]: [voicechat] Compatibility version 18
[00:46:49] [Worker-ResourceReload-10/INFO]: Initializing network...
[00:46:49] [Worker-ResourceReload-10/INFO]: Initialized network!
[00:46:49] [Worker-ResourceReload-10/INFO]: No user config.json found
[00:46:49] [Worker-ResourceReload-10/INFO]: Available patches: 6
[00:46:49] [Worker-ResourceReload-10/INFO]:  - EuphoriaPatches [1.6.3, 1.6.4, 1.6.5, 1.6.6, 1.6.7, 1.6.8] (jar)
[00:46:49] [Worker-ResourceReload-10/INFO]:  - Complementary [5.6, 5.6.1] (jar)
[00:46:49] [Worker-ResourceReload-10/INFO]:  - rethinking-voxels [0.1-beta9] (jar)
[00:46:49] [Worker-ResourceReload-10/INFO]:  - BSL [10.0] (jar)
[00:46:49] [Worker-ResourceReload-10/INFO]:  - Bliss [2.1.1] (jar)
[00:46:49] [Worker-ResourceReload-10/INFO]:  - photon [1.2a] (jar)
[00:46:49] [Worker-Main-8/INFO]: Found unifont_all_no_pua-15.0.06.hex, loading
[00:46:49] [Worker-ResourceReload-10/INFO]: Existing base shaders: 5
[00:46:49] [Worker-ResourceReload-10/INFO]:  - Spooklementary_v2.0.2.zip []
[00:46:49] [Worker-ResourceReload-10/INFO]:  - ComplementaryUnbound_r5.6.1.zip []
[00:46:49] [Worker-ResourceReload-10/INFO]:  - ComplementaryUnbound_r5.6.1 + EuphoriaPatches_1.7.8 []
[00:46:49] [Worker-ResourceReload-10/INFO]:  - Bliss_v2.1.2_(Chocapic13_Shaders_edit).zip []
[00:46:49] [Worker-ResourceReload-10/INFO]:  - photon_v1.2a.zip []
[00:46:49] [Worker-ResourceReload-10/INFO]: Could not find patch for Spooklementary_v2.0.2.zip
[00:46:49] [Worker-ResourceReload-10/INFO]: Found patch 'Complementary' for ComplementaryUnbound_r5.6.1.zip
[00:46:49] [Worker-ResourceReload-11/WARN]: Unused frames in sprite spore:item/armads: [3]
[00:46:49] [UniLib/ERROR]: Failed to check for updates, enable debug mode to see errors...
[00:46:49] [Worker-ResourceReload-0/INFO]: [voicechat] Loading plugins
[00:46:49] [Worker-ResourceReload-0/INFO]: [voicechat] Loaded 2 plugin(s)
[00:46:49] [Worker-ResourceReload-0/INFO]: [voicechat] Initializing plugins
[00:46:49] [Worker-ResourceReload-14/INFO]: Loaded modifier for gun: pistol -> speed: 1.0, range: 2.0
[00:46:49] [Worker-ResourceReload-14/INFO]: Loaded modifier for gun: sniper -> speed: 1.5, range: 8.0
[00:46:49] [Worker-ResourceReload-14/INFO]: Loaded modifier for gun: rifle -> speed: 1.25, range: 4.0
[00:46:49] [Worker-ResourceReload-14/INFO]: Loaded modifier for gun: shotgun -> speed: 1.1, range: 3.0
[00:46:49] [Worker-ResourceReload-14/INFO]: Loaded modifier for gun: smg -> speed: 1.0, range: 2.0
[00:46:49] [Worker-ResourceReload-14/INFO]: Loaded modifier for gun: rpg -> speed: 1.5, range: 6.0
[00:46:49] [Worker-ResourceReload-14/INFO]: Loaded modifier for gun: mg -> speed: 1.25, range: 4.0
[00:46:49] [Worker-ResourceReload-14/INFO]: Loaded pointblank modifier for gun: pistol -> speed: 1.0, range: 4.0
[00:46:49] [Worker-ResourceReload-14/INFO]: Loaded pointblank modifier for gun: sniper -> speed: 1.0, range: 5.0
[00:46:49] [Worker-ResourceReload-14/INFO]: Loaded pointblank modifier for gun: rifle -> speed: 1.0, range: 6.5
[00:46:49] [Worker-ResourceReload-14/INFO]: Loaded pointblank modifier for gun: shotgun -> speed: 1.0, range: 4.8
[00:46:49] [Worker-ResourceReload-14/INFO]: Loaded pointblank modifier for gun: smg -> speed: 1.0, range: 3.0
[00:46:49] [Worker-ResourceReload-14/INFO]: Loaded pointblank modifier for gun: rpg -> speed: 1.0, range: 10.0
[00:46:49] [Worker-ResourceReload-14/INFO]: Loaded pointblank modifier for gun: mg -> speed: 1.0, range: 8.0
[00:46:49] [Worker-ResourceReload-0/INFO]: Initializing Simple Voice Chat integration
[00:46:49] [Worker-ResourceReload-0/INFO]: [voicechat] Initialized 2 plugin(s)
[00:46:49] [Worker-ResourceReload-0/INFO]: [voicechat] Registering events for 'ezvcsurvival'
[00:46:49] [Worker-ResourceReload-0/INFO]: [voicechat] Registering events for 'sound_physics_remastered'
[00:46:49] [Worker-ResourceReload-6/INFO]: New compacting rule 4 clay_ball = 1 clay
[00:46:49] [Worker-ResourceReload-6/INFO]: New compacting rule 4 snowball = 1 snow_block
[00:46:49] [Worker-ResourceReload-6/INFO]: New compacting rule 4 glowstone_dust = 1 glowstone
[00:46:49] [Worker-ResourceReload-6/INFO]: New compacting rule 4 brick = 1 bricks
[00:46:49] [Worker-ResourceReload-6/INFO]: New compacting rule 4 nether_brick = 1 nether_bricks
[00:46:49] [Worker-ResourceReload-6/INFO]: New compacting rule 9 nether_wart = 1 nether_wart_block
[00:46:49] [Worker-ResourceReload-6/INFO]: New compacting rule 4 quartz = 1 quartz_block
[00:46:49] [Worker-ResourceReload-6/INFO]: New compacting rule 9 melon_slice = 1 melon
[00:46:49] [Worker-ResourceReload-6/INFO]: New compacting rule 4 sand = 1 sandstone
[00:46:49] [Worker-ResourceReload-6/INFO]: New compacting rule 4 red_sand = 1 red_sandstone
[00:46:49] [Worker-ResourceReload-6/INFO]: New compacting rule 4 clay_ball = 1 clay
[00:46:49] [Worker-ResourceReload-14/INFO]: Loaded config: enableDebugLogging=false, enableThrottle=true, throttleInterval=20, enableBypassFastNodes=true, enableLoadRescan=true, loadRescanDelay=20, enableConduitPlacementFix=true, conduitPlacementRescanDelay=10, enableLazyEnergy=true, enableHashSetOptimize=true, enableSkipUnloaded=true, enableDynamicNodeSleep=true, enableDynamicCraftingBypass=true, enableConnectedNodeTickOptimize=true, enableEnderioRsFix=true, enableEnderioConduitTypedBackup=true, enableRebornstorageCrafterFix=true
[00:46:49] [Worker-ResourceReload-6/INFO]: Sound of Rain: common setup complete
[00:46:49] [Worker-ResourceReload-0/INFO]: Registering Display Sources!
[00:46:49] [Worker-ResourceReload-11/WARN]: Invalid frame index on sprite spore:item/rapier frame 3: 3
[00:46:49] [Forge Version Check/INFO]: Global Forge version check system disabled, no further processing.
[00:46:49] [Worker-ResourceReload-11/WARN]: Invalid frame index on sprite spore:item/halberd frame 3: 3
[00:46:49] [Worker-ResourceReload-0/INFO]: recipeessentials mod initialized
[00:46:49] [Worker-ResourceReload-0/INFO]: Connectivity initialized
[00:46:49] [Worker-ResourceReload-13/INFO]: Enabling support for Lost Cities
[00:46:49] [Worker-ResourceReload-13/INFO]: Enabling support for Lost Cities
[00:46:49] [Worker-ResourceReload-13/INFO]: Enabling support for Serene Seasons
[00:46:49] [Worker-ResourceReload-13/INFO]: Enabling support for CustomNPCs
[00:46:49] [Worker-ResourceReload-11/WARN]: Unused frames in sprite spore:item/saber: [4]
[00:46:49] [Worker-ResourceReload-6/INFO]: Setting game stages provider implementation to: KubeJS Stages
[00:46:49] [Worker-ResourceReload-6/INFO]: Chose [KubeJS Stages] as the active game stages implementation
[00:46:49] [Worker-ResourceReload-6/INFO]: Chose [FALLBACK] as the active permissions implementation
[00:46:49] [Worker-ResourceReload-6/INFO]: [FTB Quests] recipe helper provider is [JEI]
[00:46:49] [Worker-ResourceReload-6/INFO]: [FTB Quests] Enabled Item Filters integration
[00:46:49] [Worker-ResourceReload-14/INFO]: Mapper Base setup started! Thank you for using my mods!
[00:46:49] [Worker-ResourceReload-14/INFO]: EmbellishCraft: setup started.
[00:46:49] [Worker-ResourceReload-13/INFO]: HELLO FROM COMMON SETUP
[00:46:50] [Worker-ResourceReload-3/WARN]: Invalid frame index on sprite spore:item/mace frame 2: 2
[00:46:50] [Worker-ResourceReload-3/WARN]: Invalid frame index on sprite spore:item/mace frame 3: 3
[00:46:50] [Worker-ResourceReload-0/WARN]: Texture displaydelight:block/cd_cornbread_stuffing with size 8x8 limits mip level from 4 to 3
[00:46:50] [Worker-ResourceReload-0/WARN]: Texture minecraft:effect/dither with size 4x4 limits mip level from 3 to 2
[00:46:50] [Worker-ResourceReload-0/WARN]: Texture legendarysurvivaloverhaul:item/juice/healing_item_regen with size 18x18 limits mip level from 2 to 1
[00:46:50] [Worker-ResourceReload-0/WARN]: Texture undead_revamp2:item/sugarcoat with size 491x431 limits mip level from 1 to 0
[00:46:50] [Worker-ResourceReload-7/INFO]: Early baking 914 models
[00:46:51] [Worker-ResourceReload-10/INFO]: Could not find option file for ComplementaryUnbound_r5.6.1.zip
[00:46:51] [Worker-ResourceReload-10/INFO]: Found patch 'EuphoriaPatches' for ComplementaryUnbound_r5.6.1 + EuphoriaPatches_1.7.8
[00:46:51] [Worker-ResourceReload-10/INFO]: 'ComplementaryUnbound_r5.6.1 + EuphoriaPatches_1.7.8' version is unknown or unsupported
[00:46:51] [Worker-ResourceReload-10/INFO]: Found patch 'Bliss' for Bliss_v2.1.2_(Chocapic13_Shaders_edit).zip
[00:46:51] [Worker-ResourceReload-10/INFO]: 'Bliss_v2.1.2_(Chocapic13_Shaders_edit).zip' version is unknown or unsupported
[00:46:51] [Worker-ResourceReload-10/INFO]: Found patch 'photon' for photon_v1.2a.zip
[00:46:51] [Render thread/WARN]: Shader moreplayermodels:position_tex_normal could not find uniform named FogStart in the specified shader program.
[00:46:51] [Render thread/WARN]: Shader moreplayermodels:position_tex_normal could not find uniform named FogEnd in the specified shader program.
[00:46:51] [Render thread/WARN]: Shader moreplayermodels:position_tex_normal could not find uniform named FogColor in the specified shader program.
[00:46:52] [Worker-ResourceReload-7/WARN]: Exception loading blockstate definition: 'storagedrawers:blockstates/meta_framed_drawers_shading.json' missing model for variant: 'storagedrawers:meta_framed_drawers_shading#facing=north,half=false,slots=3'
[00:46:52] [Worker-ResourceReload-7/WARN]: Exception loading blockstate definition: 'storagedrawers:blockstates/meta_framed_drawers_shading.json' missing model for variant: 'storagedrawers:meta_framed_drawers_shading#facing=north,half=true,slots=3'
[00:46:52] [Worker-ResourceReload-7/WARN]: Exception loading blockstate definition: 'storagedrawers:blockstates/meta_framed_drawers_shading.json' missing model for variant: 'storagedrawers:meta_framed_drawers_shading#facing=south,half=true,slots=3'
[00:46:52] [Worker-ResourceReload-7/WARN]: Exception loading blockstate definition: 'storagedrawers:blockstates/meta_framed_drawers_shading.json' missing model for variant: 'storagedrawers:meta_framed_drawers_shading#facing=south,half=false,slots=3'
[00:46:52] [Worker-ResourceReload-7/WARN]: Exception loading blockstate definition: 'storagedrawers:blockstates/meta_framed_drawers_shading.json' missing model for variant: 'storagedrawers:meta_framed_drawers_shading#facing=west,half=false,slots=3'
[00:46:52] [Worker-ResourceReload-7/WARN]: Exception loading blockstate definition: 'storagedrawers:blockstates/meta_framed_drawers_shading.json' missing model for variant: 'storagedrawers:meta_framed_drawers_shading#facing=east,half=true,slots=3'
[00:46:52] [Worker-ResourceReload-7/WARN]: Exception loading blockstate definition: 'storagedrawers:blockstates/meta_framed_drawers_shading.json' missing model for variant: 'storagedrawers:meta_framed_drawers_shading#facing=east,half=false,slots=3'
[00:46:52] [Worker-ResourceReload-7/WARN]: Exception loading blockstate definition: 'storagedrawers:blockstates/meta_framed_drawers_shading.json' missing model for variant: 'storagedrawers:meta_framed_drawers_shading#facing=west,half=true,slots=3'
[00:46:52] [Worker-ResourceReload-7/WARN]: Exception loading blockstate definition: 'storagedrawers:blockstates/meta_framed_drawers_front.json' missing model for variant: 'storagedrawers:meta_framed_drawers_front#facing=north,half=false,slots=3'
[00:46:52] [Worker-ResourceReload-7/WARN]: Exception loading blockstate definition: 'storagedrawers:blockstates/meta_framed_drawers_front.json' missing model for variant: 'storagedrawers:meta_framed_drawers_front#facing=west,half=true,slots=3'
[00:46:52] [Worker-ResourceReload-7/WARN]: Exception loading blockstate definition: 'storagedrawers:blockstates/meta_framed_drawers_front.json' missing model for variant: 'storagedrawers:meta_framed_drawers_front#facing=south,half=true,slots=3'
[00:46:52] [Worker-ResourceReload-7/WARN]: Exception loading blockstate definition: 'storagedrawers:blockstates/meta_framed_drawers_front.json' missing model for variant: 'storagedrawers:meta_framed_drawers_front#facing=north,half=true,slots=3'
[00:46:52] [Worker-ResourceReload-7/WARN]: Exception loading blockstate definition: 'storagedrawers:blockstates/meta_framed_drawers_front.json' missing model for variant: 'storagedrawers:meta_framed_drawers_front#facing=south,half=false,slots=3'
[00:46:52] [Worker-ResourceReload-7/WARN]: Exception loading blockstate definition: 'storagedrawers:blockstates/meta_framed_drawers_front.json' missing model for variant: 'storagedrawers:meta_framed_drawers_front#facing=east,half=true,slots=3'
[00:46:52] [Worker-ResourceReload-7/WARN]: Exception loading blockstate definition: 'storagedrawers:blockstates/meta_framed_drawers_front.json' missing model for variant: 'storagedrawers:meta_framed_drawers_front#facing=west,half=false,slots=3'
[00:46:52] [Worker-ResourceReload-7/WARN]: Exception loading blockstate definition: 'storagedrawers:blockstates/meta_framed_drawers_front.json' missing model for variant: 'storagedrawers:meta_framed_drawers_front#facing=east,half=false,slots=3'
[00:46:52] [Worker-ResourceReload-7/WARN]: Exception loading blockstate definition: 'storagedrawers:blockstates/meta_framed_compdrawers_2_shading.json' missing model for variant: 'storagedrawers:meta_framed_compdrawers_2_shading#facing=east,half=true,slots=open3'
[00:46:52] [Worker-ResourceReload-7/WARN]: Exception loading blockstate definition: 'storagedrawers:blockstates/meta_framed_compdrawers_2_shading.json' missing model for variant: 'storagedrawers:meta_framed_compdrawers_2_shading#facing=west,half=false,slots=open3'
[00:46:52] [Worker-ResourceReload-7/WARN]: Exception loading blockstate definition: 'storagedrawers:blockstates/meta_framed_compdrawers_2_shading.json' missing model for variant: 'storagedrawers:meta_framed_compdrawers_2_shading#facing=north,half=false,slots=open3'
[00:46:52] [Worker-ResourceReload-7/WARN]: Exception loading blockstate definition: 'storagedrawers:blockstates/meta_framed_compdrawers_2_shading.json' missing model for variant: 'storagedrawers:meta_framed_compdrawers_2_shading#facing=north,half=true,slots=open3'
[00:46:52] [Worker-ResourceReload-7/WARN]: Exception loading blockstate definition: 'storagedrawers:blockstates/meta_framed_compdrawers_2_shading.json' missing model for variant: 'storagedrawers:meta_framed_compdrawers_2_shading#facing=south,half=true,slots=open3'
[00:46:52] [Worker-ResourceReload-7/WARN]: Exception loading blockstate definition: 'storagedrawers:blockstates/meta_framed_compdrawers_2_shading.json' missing model for variant: 'storagedrawers:meta_framed_compdrawers_2_shading#facing=east,half=false,slots=open3'
[00:46:52] [Worker-ResourceReload-7/WARN]: Exception loading blockstate definition: 'storagedrawers:blockstates/meta_framed_compdrawers_2_shading.json' missing model for variant: 'storagedrawers:meta_framed_compdrawers_2_shading#facing=south,half=false,slots=open3'
[00:46:52] [Worker-ResourceReload-7/WARN]: Exception loading blockstate definition: 'storagedrawers:blockstates/meta_framed_compdrawers_2_shading.json' missing model for variant: 'storagedrawers:meta_framed_compdrawers_2_shading#facing=west,half=true,slots=open3'
[00:46:52] [Worker-ResourceReload-7/WARN]: Exception loading blockstate definition: 'storagedrawers:blockstates/meta_framed_compdrawers_2_front.json' missing model for variant: 'storagedrawers:meta_framed_compdrawers_2_front#facing=east,half=false,slots=open3'
[00:46:52] [Worker-ResourceReload-7/WARN]: Exception loading blockstate definition: 'storagedrawers:blockstates/meta_framed_compdrawers_2_front.json' missing model for variant: 'storagedrawers:meta_framed_compdrawers_2_front#facing=west,half=true,slots=open3'
[00:46:52] [Worker-ResourceReload-7/WARN]: Exception loading blockstate definition: 'storagedrawers:blockstates/meta_framed_compdrawers_2_front.json' missing model for variant: 'storagedrawers:meta_framed_compdrawers_2_front#facing=north,half=false,slots=open3'
[00:46:52] [Worker-ResourceReload-7/WARN]: Exception loading blockstate definition: 'storagedrawers:blockstates/meta_framed_compdrawers_2_front.json' missing model for variant: 'storagedrawers:meta_framed_compdrawers_2_front#facing=south,half=false,slots=open3'
[00:46:52] [Worker-ResourceReload-7/WARN]: Exception loading blockstate definition: 'storagedrawers:blockstates/meta_framed_compdrawers_2_front.json' missing model for variant: 'storagedrawers:meta_framed_compdrawers_2_front#facing=north,half=true,slots=open3'
[00:46:52] [Worker-ResourceReload-7/WARN]: Exception loading blockstate definition: 'storagedrawers:blockstates/meta_framed_compdrawers_2_front.json' missing model for variant: 'storagedrawers:meta_framed_compdrawers_2_front#facing=east,half=true,slots=open3'
[00:46:52] [Worker-ResourceReload-7/WARN]: Exception loading blockstate definition: 'storagedrawers:blockstates/meta_framed_compdrawers_2_front.json' missing model for variant: 'storagedrawers:meta_framed_compdrawers_2_front#facing=south,half=true,slots=open3'
[00:46:52] [Worker-ResourceReload-7/WARN]: Exception loading blockstate definition: 'storagedrawers:blockstates/meta_framed_compdrawers_2_front.json' missing model for variant: 'storagedrawers:meta_framed_compdrawers_2_front#facing=west,half=false,slots=open3'
[00:46:52] [Worker-ResourceReload-7/WARN]: Exception loading blockstate definition: 'storagedrawers:blockstates/meta_framed_compdrawers_2_side.json' missing model for variant: 'storagedrawers:meta_framed_compdrawers_2_side#facing=north,half=false,slots=open3'
[00:46:52] [Worker-ResourceReload-7/WARN]: Exception loading blockstate definition: 'storagedrawers:blockstates/meta_framed_compdrawers_2_side.json' missing model for variant: 'storagedrawers:meta_framed_compdrawers_2_side#facing=east,half=false,slots=open3'
[00:46:52] [Worker-ResourceReload-7/WARN]: Exception loading blockstate definition: 'storagedrawers:blockstates/meta_framed_compdrawers_2_side.json' missing model for variant: 'storagedrawers:meta_framed_compdrawers_2_side#facing=east,half=true,slots=open3'
[00:46:52] [Worker-ResourceReload-7/WARN]: Exception loading blockstate definition: 'storagedrawers:blockstates/meta_framed_compdrawers_2_side.json' missing model for variant: 'storagedrawers:meta_framed_compdrawers_2_side#facing=south,half=true,slots=open3'
[00:46:52] [Worker-ResourceReload-7/WARN]: Exception loading blockstate definition: 'storagedrawers:blockstates/meta_framed_compdrawers_2_side.json' missing model for variant: 'storagedrawers:meta_framed_compdrawers_2_side#facing=south,half=false,slots=open3'
[00:46:52] [Worker-ResourceReload-7/WARN]: Exception loading blockstate definition: 'storagedrawers:blockstates/meta_framed_compdrawers_2_side.json' missing model for variant: 'storagedrawers:meta_framed_compdrawers_2_side#facing=west,half=false,slots=open3'
[00:46:52] [Worker-ResourceReload-7/WARN]: Exception loading blockstate definition: 'storagedrawers:blockstates/meta_framed_compdrawers_2_side.json' missing model for variant: 'storagedrawers:meta_framed_compdrawers_2_side#facing=west,half=true,slots=open3'
[00:46:52] [Worker-ResourceReload-7/WARN]: Exception loading blockstate definition: 'storagedrawers:blockstates/meta_framed_compdrawers_2_side.json' missing model for variant: 'storagedrawers:meta_framed_compdrawers_2_side#facing=north,half=true,slots=open3'
[00:46:52] [Worker-ResourceReload-7/WARN]: Exception loading blockstate definition: 'storagedrawers:blockstates/meta_framed_drawers_side.json' missing model for variant: 'storagedrawers:meta_framed_drawers_side#facing=east,half=true,slots=3'
[00:46:52] [Worker-ResourceReload-7/WARN]: Exception loading blockstate definition: 'storagedrawers:blockstates/meta_framed_drawers_side.json' missing model for variant: 'storagedrawers:meta_framed_drawers_side#facing=east,half=false,slots=3'
[00:46:52] [Worker-ResourceReload-7/WARN]: Exception loading blockstate definition: 'storagedrawers:blockstates/meta_framed_drawers_side.json' missing model for variant: 'storagedrawers:meta_framed_drawers_side#facing=north,half=true,slots=3'
[00:46:52] [Worker-ResourceReload-7/WARN]: Exception loading blockstate definition: 'storagedrawers:blockstates/meta_framed_drawers_side.json' missing model for variant: 'storagedrawers:meta_framed_drawers_side#facing=west,half=true,slots=3'
[00:46:52] [Worker-ResourceReload-7/WARN]: Exception loading blockstate definition: 'storagedrawers:blockstates/meta_framed_drawers_side.json' missing model for variant: 'storagedrawers:meta_framed_drawers_side#facing=north,half=false,slots=3'
[00:46:52] [Worker-ResourceReload-7/WARN]: Exception loading blockstate definition: 'storagedrawers:blockstates/meta_framed_drawers_side.json' missing model for variant: 'storagedrawers:meta_framed_drawers_side#facing=south,half=true,slots=3'
[00:46:52] [Worker-ResourceReload-7/WARN]: Exception loading blockstate definition: 'storagedrawers:blockstates/meta_framed_drawers_side.json' missing model for variant: 'storagedrawers:meta_framed_drawers_side#facing=west,half=false,slots=3'
[00:46:52] [Worker-ResourceReload-7/WARN]: Exception loading blockstate definition: 'storagedrawers:blockstates/meta_framed_drawers_side.json' missing model for variant: 'storagedrawers:meta_framed_drawers_side#facing=south,half=false,slots=3'
[00:46:52] [Worker-ResourceReload-7/WARN]: Exception loading blockstate definition: 'storagedrawers:blockstates/meta_indicator.json' missing model for variant: 'storagedrawers:meta_indicator#facing=west,half=true,slots=3'
[00:46:52] [Worker-ResourceReload-7/WARN]: Exception loading blockstate definition: 'storagedrawers:blockstates/meta_indicator.json' missing model for variant: 'storagedrawers:meta_indicator#facing=north,half=true,slots=3'
[00:46:52] [Worker-ResourceReload-7/WARN]: Exception loading blockstate definition: 'storagedrawers:blockstates/meta_indicator.json' missing model for variant: 'storagedrawers:meta_indicator#facing=north,half=false,slots=3'
[00:46:52] [Worker-ResourceReload-7/WARN]: Exception loading blockstate definition: 'storagedrawers:blockstates/meta_indicator.json' missing model for variant: 'storagedrawers:meta_indicator#facing=west,half=false,slots=3'
[00:46:52] [Worker-ResourceReload-7/WARN]: Exception loading blockstate definition: 'storagedrawers:blockstates/meta_indicator.json' missing model for variant: 'storagedrawers:meta_indicator#facing=south,half=true,slots=3'
[00:46:52] [Worker-ResourceReload-7/WARN]: Exception loading blockstate definition: 'storagedrawers:blockstates/meta_indicator.json' missing model for variant: 'storagedrawers:meta_indicator#facing=south,half=false,slots=3'
[00:46:52] [Worker-ResourceReload-7/WARN]: Exception loading blockstate definition: 'storagedrawers:blockstates/meta_indicator.json' missing model for variant: 'storagedrawers:meta_indicator#facing=east,half=true,slots=3'
[00:46:52] [Worker-ResourceReload-7/WARN]: Exception loading blockstate definition: 'storagedrawers:blockstates/meta_indicator.json' missing model for variant: 'storagedrawers:meta_indicator#facing=east,half=false,slots=3'
[00:46:52] [Worker-ResourceReload-7/WARN]: Exception loading blockstate definition: 'storagedrawers:blockstates/meta_comp_indicator.json' missing model for variant: 'storagedrawers:meta_comp_indicator#facing=south,half=false,slots=4'
[00:46:52] [Worker-ResourceReload-7/WARN]: Exception loading blockstate definition: 'storagedrawers:blockstates/meta_comp_indicator.json' missing model for variant: 'storagedrawers:meta_comp_indicator#facing=east,half=false,slots=1'
[00:46:52] [Worker-ResourceReload-7/WARN]: Exception loading blockstate definition: 'storagedrawers:blockstates/meta_comp_indicator.json' missing model for variant: 'storagedrawers:meta_comp_indicator#facing=east,half=false,slots=4'
[00:46:52] [Worker-ResourceReload-7/WARN]: Exception loading blockstate definition: 'storagedrawers:blockstates/meta_comp_indicator.json' missing model for variant: 'storagedrawers:meta_comp_indicator#facing=west,half=false,slots=4'
[00:46:52] [Worker-ResourceReload-7/WARN]: Exception loading blockstate definition: 'storagedrawers:blockstates/meta_comp_indicator.json' missing model for variant: 'storagedrawers:meta_comp_indicator#facing=east,half=true,slots=4'
[00:46:52] [Worker-ResourceReload-7/WARN]: Exception loading blockstate definition: 'storagedrawers:blockstates/meta_comp_indicator.json' missing model for variant: 'storagedrawers:meta_comp_indicator#facing=east,half=true,slots=1'
[00:46:52] [Worker-ResourceReload-7/WARN]: Exception loading blockstate definition: 'storagedrawers:blockstates/meta_comp_indicator.json' missing model for variant: 'storagedrawers:meta_comp_indicator#facing=south,half=false,slots=1'
[00:46:52] [Worker-ResourceReload-7/WARN]: Exception loading blockstate definition: 'storagedrawers:blockstates/meta_comp_indicator.json' missing model for variant: 'storagedrawers:meta_comp_indicator#facing=south,half=true,slots=4'
[00:46:52] [Worker-ResourceReload-7/WARN]: Exception loading blockstate definition: 'storagedrawers:blockstates/meta_comp_indicator.json' missing model for variant: 'storagedrawers:meta_comp_indicator#facing=south,half=true,slots=1'
[00:46:52] [Worker-ResourceReload-7/WARN]: Exception loading blockstate definition: 'storagedrawers:blockstates/meta_comp_indicator.json' missing model for variant: 'storagedrawers:meta_comp_indicator#facing=north,half=false,slots=4'
[00:46:52] [Worker-ResourceReload-7/WARN]: Exception loading blockstate definition: 'storagedrawers:blockstates/meta_comp_indicator.json' missing model for variant: 'storagedrawers:meta_comp_indicator#facing=north,half=true,slots=1'
[00:46:52] [Worker-ResourceReload-7/WARN]: Exception loading blockstate definition: 'storagedrawers:blockstates/meta_comp_indicator.json' missing model for variant: 'storagedrawers:meta_comp_indicator#facing=west,half=true,slots=4'
[00:46:52] [Worker-ResourceReload-7/WARN]: Exception loading blockstate definition: 'storagedrawers:blockstates/meta_comp_indicator.json' missing model for variant: 'storagedrawers:meta_comp_indicator#facing=north,half=true,slots=4'
[00:46:52] [Worker-ResourceReload-7/WARN]: Exception loading blockstate definition: 'storagedrawers:blockstates/meta_comp_indicator.json' missing model for variant: 'storagedrawers:meta_comp_indicator#facing=west,half=true,slots=1'
[00:46:52] [Worker-ResourceReload-7/WARN]: Exception loading blockstate definition: 'storagedrawers:blockstates/meta_comp_indicator.json' missing model for variant: 'storagedrawers:meta_comp_indicator#facing=west,half=false,slots=1'
[00:46:52] [Worker-ResourceReload-7/WARN]: Exception loading blockstate definition: 'storagedrawers:blockstates/meta_comp_indicator.json' missing model for variant: 'storagedrawers:meta_comp_indicator#facing=north,half=false,slots=1'
[00:46:52] [Worker-ResourceReload-7/WARN]: Exception loading blockstate definition: 'storagedrawers:blockstates/meta_framed_compdrawers_2_trim.json' missing model for variant: 'storagedrawers:meta_framed_compdrawers_2_trim#facing=south,half=true,slots=open3'
[00:46:52] [Worker-ResourceReload-7/WARN]: Exception loading blockstate definition: 'storagedrawers:blockstates/meta_framed_compdrawers_2_trim.json' missing model for variant: 'storagedrawers:meta_framed_compdrawers_2_trim#facing=east,half=false,slots=open3'
[00:46:52] [Worker-ResourceReload-7/WARN]: Exception loading blockstate definition: 'storagedrawers:blockstates/meta_framed_compdrawers_2_trim.json' missing model for variant: 'storagedrawers:meta_framed_compdrawers_2_trim#facing=north,half=true,slots=open3'
[00:46:52] [Worker-ResourceReload-7/WARN]: Exception loading blockstate definition: 'storagedrawers:blockstates/meta_framed_compdrawers_2_trim.json' missing model for variant: 'storagedrawers:meta_framed_compdrawers_2_trim#facing=north,half=false,slots=open3'
[00:46:52] [Worker-ResourceReload-7/WARN]: Exception loading blockstate definition: 'storagedrawers:blockstates/meta_framed_compdrawers_2_trim.json' missing model for variant: 'storagedrawers:meta_framed_compdrawers_2_trim#facing=east,half=true,slots=open3'
[00:46:52] [Worker-ResourceReload-7/WARN]: Exception loading blockstate definition: 'storagedrawers:blockstates/meta_framed_compdrawers_2_trim.json' missing model for variant: 'storagedrawers:meta_framed_compdrawers_2_trim#facing=west,half=true,slots=open3'
[00:46:52] [Worker-ResourceReload-7/WARN]: Exception loading blockstate definition: 'storagedrawers:blockstates/meta_framed_compdrawers_2_trim.json' missing model for variant: 'storagedrawers:meta_framed_compdrawers_2_trim#facing=south,half=false,slots=open3'
[00:46:52] [Worker-ResourceReload-7/WARN]: Exception loading blockstate definition: 'storagedrawers:blockstates/meta_framed_compdrawers_2_trim.json' missing model for variant: 'storagedrawers:meta_framed_compdrawers_2_trim#facing=west,half=false,slots=open3'
[00:46:52] [Worker-ResourceReload-7/WARN]: Exception loading blockstate definition: 'storagedrawers:blockstates/meta_framed_drawers_trim.json' missing model for variant: 'storagedrawers:meta_framed_drawers_trim#facing=east,half=true,slots=3'
[00:46:52] [Worker-ResourceReload-7/WARN]: Exception loading blockstate definition: 'storagedrawers:blockstates/meta_framed_drawers_trim.json' missing model for variant: 'storagedrawers:meta_framed_drawers_trim#facing=south,half=false,slots=3'
[00:46:52] [Worker-ResourceReload-7/WARN]: Exception loading blockstate definition: 'storagedrawers:blockstates/meta_framed_drawers_trim.json' missing model for variant: 'storagedrawers:meta_framed_drawers_trim#facing=west,half=false,slots=3'
[00:46:52] [Worker-ResourceReload-7/WARN]: Exception loading blockstate definition: 'storagedrawers:blockstates/meta_framed_drawers_trim.json' missing model for variant: 'storagedrawers:meta_framed_drawers_trim#facing=north,half=false,slots=3'
[00:46:52] [Worker-ResourceReload-7/WARN]: Exception loading blockstate definition: 'storagedrawers:blockstates/meta_framed_drawers_trim.json' missing model for variant: 'storagedrawers:meta_framed_drawers_trim#facing=north,half=true,slots=3'
[00:46:52] [Worker-ResourceReload-7/WARN]: Exception loading blockstate definition: 'storagedrawers:blockstates/meta_framed_drawers_trim.json' missing model for variant: 'storagedrawers:meta_framed_drawers_trim#facing=south,half=true,slots=3'
[00:46:52] [Worker-ResourceReload-7/WARN]: Exception loading blockstate definition: 'storagedrawers:blockstates/meta_framed_drawers_trim.json' missing model for variant: 'storagedrawers:meta_framed_drawers_trim#facing=west,half=true,slots=3'
[00:46:52] [Worker-ResourceReload-7/WARN]: Exception loading blockstate definition: 'storagedrawers:blockstates/meta_framed_drawers_trim.json' missing model for variant: 'storagedrawers:meta_framed_drawers_trim#facing=east,half=false,slots=3'
[00:46:52] [Worker-ResourceReload-7/WARN]: Exception loading blockstate definition: 'storagedrawers:blockstates/compacting_drawers_2.json' missing model for variant: 'storagedrawers:compacting_drawers_2#facing=north,slots=open3'
[00:46:52] [Worker-ResourceReload-7/WARN]: Exception loading blockstate definition: 'storagedrawers:blockstates/compacting_drawers_2.json' missing model for variant: 'storagedrawers:compacting_drawers_2#facing=west,slots=open3'
[00:46:52] [Worker-ResourceReload-7/WARN]: Exception loading blockstate definition: 'storagedrawers:blockstates/compacting_drawers_2.json' missing model for variant: 'storagedrawers:compacting_drawers_2#facing=east,slots=open3'
[00:46:52] [Worker-ResourceReload-7/WARN]: Exception loading blockstate definition: 'storagedrawers:blockstates/compacting_drawers_2.json' missing model for variant: 'storagedrawers:compacting_drawers_2#facing=south,slots=open3'
[00:46:52] [Worker-ResourceReload-7/ERROR]: Exception baking storagedrawers:compacting_drawers_2#facing=north,slots=open3: org.embeddedt.modernfix.dynamicresources.ModelMissingException
[00:46:52] [Worker-ResourceReload-7/ERROR]: Exception baking storagedrawers:compacting_drawers_2#facing=south,slots=open3: org.embeddedt.modernfix.dynamicresources.ModelMissingException
[00:46:52] [Worker-ResourceReload-7/ERROR]: Exception baking storagedrawers:compacting_drawers_2#facing=west,slots=open3: org.embeddedt.modernfix.dynamicresources.ModelMissingException
[00:46:52] [Worker-ResourceReload-7/ERROR]: Exception baking storagedrawers:compacting_drawers_2#facing=east,slots=open3: org.embeddedt.modernfix.dynamicresources.ModelMissingException
[00:46:52] [Worker-ResourceReload-7/WARN]: Exception loading blockstate definition: 'storagedrawers:blockstates/compacting_half_drawers_2.json' missing model for variant: 'storagedrawers:compacting_half_drawers_2#facing=west,slots=open3'
[00:46:52] [Worker-ResourceReload-7/WARN]: Exception loading blockstate definition: 'storagedrawers:blockstates/compacting_half_drawers_2.json' missing model for variant: 'storagedrawers:compacting_half_drawers_2#facing=north,slots=open3'
[00:46:52] [Worker-ResourceReload-7/WARN]: Exception loading blockstate definition: 'storagedrawers:blockstates/compacting_half_drawers_2.json' missing model for variant: 'storagedrawers:compacting_half_drawers_2#facing=east,slots=open3'
[00:46:52] [Worker-ResourceReload-7/WARN]: Exception loading blockstate definition: 'storagedrawers:blockstates/compacting_half_drawers_2.json' missing model for variant: 'storagedrawers:compacting_half_drawers_2#facing=south,slots=open3'
[00:46:52] [Worker-ResourceReload-7/ERROR]: Exception baking storagedrawers:compacting_half_drawers_2#facing=north,slots=open3: org.embeddedt.modernfix.dynamicresources.ModelMissingException
[00:46:52] [Worker-ResourceReload-7/ERROR]: Exception baking storagedrawers:compacting_half_drawers_2#facing=south,slots=open3: org.embeddedt.modernfix.dynamicresources.ModelMissingException
[00:46:52] [Worker-ResourceReload-7/ERROR]: Exception baking storagedrawers:compacting_half_drawers_2#facing=west,slots=open3: org.embeddedt.modernfix.dynamicresources.ModelMissingException
[00:46:52] [Worker-ResourceReload-7/ERROR]: Exception baking storagedrawers:compacting_half_drawers_2#facing=east,slots=open3: org.embeddedt.modernfix.dynamicresources.ModelMissingException
[00:46:52] [Worker-ResourceReload-7/WARN]: Exception loading blockstate definition: 'storagedrawers:blockstates/framed_compacting_drawers_2.json' missing model for variant: 'storagedrawers:framed_compacting_drawers_2#facing=north,slots=open3'
[00:46:52] [Worker-ResourceReload-7/WARN]: Exception loading blockstate definition: 'storagedrawers:blockstates/framed_compacting_drawers_2.json' missing model for variant: 'storagedrawers:framed_compacting_drawers_2#facing=east,slots=open3'
[00:46:52] [Worker-ResourceReload-7/WARN]: Exception loading blockstate definition: 'storagedrawers:blockstates/framed_compacting_drawers_2.json' missing model for variant: 'storagedrawers:framed_compacting_drawers_2#facing=west,slots=open3'
[00:46:52] [Worker-ResourceReload-7/WARN]: Exception loading blockstate definition: 'storagedrawers:blockstates/framed_compacting_drawers_2.json' missing model for variant: 'storagedrawers:framed_compacting_drawers_2#facing=south,slots=open3'
[00:46:52] [Worker-ResourceReload-7/ERROR]: Exception baking storagedrawers:framed_compacting_drawers_2#facing=north,slots=open3: org.embeddedt.modernfix.dynamicresources.ModelMissingException
[00:46:52] [Worker-ResourceReload-7/ERROR]: Exception baking storagedrawers:framed_compacting_drawers_2#facing=south,slots=open3: org.embeddedt.modernfix.dynamicresources.ModelMissingException
[00:46:52] [Worker-ResourceReload-7/ERROR]: Exception baking storagedrawers:framed_compacting_drawers_2#facing=west,slots=open3: org.embeddedt.modernfix.dynamicresources.ModelMissingException
[00:46:52] [Worker-ResourceReload-7/ERROR]: Exception baking storagedrawers:framed_compacting_drawers_2#facing=east,slots=open3: org.embeddedt.modernfix.dynamicresources.ModelMissingException
[00:46:52] [Worker-ResourceReload-7/WARN]: Exception loading blockstate definition: 'storagedrawers:blockstates/framed_compacting_half_drawers_2.json' missing model for variant: 'storagedrawers:framed_compacting_half_drawers_2#facing=north,slots=open3'
[00:46:52] [Worker-ResourceReload-7/WARN]: Exception loading blockstate definition: 'storagedrawers:blockstates/framed_compacting_half_drawers_2.json' missing model for variant: 'storagedrawers:framed_compacting_half_drawers_2#facing=south,slots=open3'
[00:46:52] [Worker-ResourceReload-7/WARN]: Exception loading blockstate definition: 'storagedrawers:blockstates/framed_compacting_half_drawers_2.json' missing model for variant: 'storagedrawers:framed_compacting_half_drawers_2#facing=east,slots=open3'
[00:46:52] [Worker-ResourceReload-7/WARN]: Exception loading blockstate definition: 'storagedrawers:blockstates/framed_compacting_half_drawers_2.json' missing model for variant: 'storagedrawers:framed_compacting_half_drawers_2#facing=west,slots=open3'
[00:46:52] [Worker-ResourceReload-7/ERROR]: Exception baking storagedrawers:framed_compacting_half_drawers_2#facing=north,slots=open3: org.embeddedt.modernfix.dynamicresources.ModelMissingException
[00:46:52] [Worker-ResourceReload-7/ERROR]: Exception baking storagedrawers:framed_compacting_half_drawers_2#facing=south,slots=open3: org.embeddedt.modernfix.dynamicresources.ModelMissingException
[00:46:52] [Worker-ResourceReload-7/ERROR]: Exception baking storagedrawers:framed_compacting_half_drawers_2#facing=west,slots=open3: org.embeddedt.modernfix.dynamicresources.ModelMissingException
[00:46:52] [Worker-ResourceReload-7/ERROR]: Exception baking storagedrawers:framed_compacting_half_drawers_2#facing=east,slots=open3: org.embeddedt.modernfix.dynamicresources.ModelMissingException
[00:46:52] [Worker-ResourceReload-7/WARN]: Posting dynamic ModelEvent.ModifyBakingResult to mods took 1.805 s, breakdown below:
[00:46:52] [Worker-ResourceReload-7/WARN]:     modernfix: 538.5 ms
[00:46:52] [Worker-ResourceReload-7/WARN]:     create: 364.7 ms
[00:46:52] [Worker-ResourceReload-7/WARN]:     chalk: 321.7 ms
[00:46:52] [Worker-ResourceReload-7/WARN]:     cfm: 176.6 ms
[00:46:52] [Worker-ResourceReload-7/WARN]:     storagedrawers: 161.4 ms
[00:46:52] [Worker-ResourceReload-7/WARN]:     securitycraft: 122.4 ms
[00:46:52] [Worker-ResourceReload-7/WARN]:     bigreactors: 89.85 ms
[00:46:53] [Worker-ResourceReload-10/INFO]: Found option file 'photon_v1.2a.zip.txt'
[00:46:53] [Worker-ResourceReload-10/ERROR]: Could not copy shaderpack config file
java.nio.file.FileAlreadyExistsException: C:\Users\Leandro\curseforge\minecraft\Instances\DeceasedCraft - Urban Zombie Apocalypse\shaderpacks\photon_v1.2a + Clrwl_1.0.3.zip.txt
	at sun.nio.fs.WindowsFileCopy.copy(Unknown Source) ~[?:?]
	at sun.nio.fs.WindowsFileSystemProvider.copy(Unknown Source) ~[?:?]
	at java.nio.file.Files.copy(Unknown Source) ~[?:?]
	at dev.djefrey.colorwheel_patcher.ClrwlPatcher.patchShaderpacks(ClrwlPatcher.java:322) ~[colorwheel_patcher-forge-1.0.3+mc1.20.1.jar%23522!/:?]
	at dev.djefrey.colorwheel_patcher.ClrwlPatcher.init(ClrwlPatcher.java:57) ~[colorwheel_patcher-forge-1.0.3+mc1.20.1.jar%23522!/:?]
	at dev.djefrey.colorwheel_patcher.forge.ClrwlPatcherForge.onCommonSetup(ClrwlPatcherForge.java:43) ~[colorwheel_patcher-forge-1.0.3+mc1.20.1.jar%23522!/:?]
	at net.minecraftforge.eventbus.EventBus.doCastFilter(EventBus.java:260) ~[eventbus-6.0.5.jar%2387!/:?]
	at net.minecraftforge.eventbus.EventBus.lambda$addListener$11(EventBus.java:252) ~[eventbus-6.0.5.jar%2387!/:?]
	at net.minecraftforge.eventbus.EventBus.post(EventBus.java:315) ~[eventbus-6.0.5.jar%2387!/:?]
	at net.minecraftforge.eventbus.EventBus.post(EventBus.java:296) ~[eventbus-6.0.5.jar%2387!/:?]
	at net.minecraftforge.fml.javafmlmod.FMLModContainer.acceptEvent(FMLModContainer.java:121) ~[javafmllanguage-1.20.1-47.4.0.jar%23777!/:?]
	at net.minecraftforge.fml.ModContainer.lambda$buildTransitionHandler$5(ModContainer.java:127) ~[fmlcore-1.20.1-47.4.0.jar%23776!/:?]
	at java.util.concurrent.CompletableFuture$AsyncRun.run(Unknown Source) ~[?:?]
	at java.util.concurrent.CompletableFuture$AsyncRun.exec(Unknown Source) ~[?:?]
	at java.util.concurrent.ForkJoinTask.doExec(Unknown Source) ~[?:?]
	at java.util.concurrent.ForkJoinPool$WorkQueue.topLevelExec(Unknown Source) ~[?:?]
	at java.util.concurrent.ForkJoinPool.scan(Unknown Source) ~[?:?]
	at java.util.concurrent.ForkJoinPool.runWorker(Unknown Source) ~[?:?]
	at java.util.concurrent.ForkJoinWorkerThread.run(Unknown Source) ~[?:?]
[00:46:53] [Render thread/INFO]: [ETF]: emissive suffixes loaded: {_e}.
[00:46:53] [Render thread/INFO]: Registered contraption type 'create_radar:radar_bearing'
[00:46:53] [Render thread/INFO]: Registered region minecraft:overworld to index 0 for type OVERWORLD
[00:46:53] [Render thread/INFO]: Registered region minecraft:nether to index 0 for type NETHER
[00:46:53] [Render thread/INFO]: Registered region biomesoplenty:overworld_primary to index 1 for type OVERWORLD
[00:46:53] [Render thread/INFO]: Registered region biomesoplenty:overworld_secondary to index 2 for type OVERWORLD
[00:46:53] [Render thread/INFO]: Registered region biomesoplenty:overworld_rare to index 3 for type OVERWORLD
[00:46:53] [Render thread/INFO]: Registered region biomesoplenty:nether_common to index 1 for type NETHER
[00:46:53] [Render thread/INFO]: Registered region biomesoplenty:nether_rare to index 2 for type NETHER
[00:46:53] [Render thread/INFO]: Common setup: Performing initial refresh of zeta's config on thread 'Render thread'
[00:46:53] [Render thread/INFO]: 'zeta' is enabling Zeta's piston structure resolver.
[00:46:53] [Render thread/INFO]: zeta's config is now ready to accept filewatcher changes
[00:46:53] [Render thread/INFO]: Registered synced data key cgm:aiming for minecraft:player
[00:46:53] [Render thread/INFO]: Registered synced data key cgm:reloading for minecraft:player
[00:46:53] [Render thread/INFO]: Registered synced data key cgm:shooting for minecraft:player
[00:46:53] [Render thread/INFO]: Registered synced data key refurbished_furniture:lock_yaw for refurbished_furniture:seat
[00:46:53] [Render thread/INFO]: Registered synced data key tacz:shoot_cool_down for minecraft:living_entity
[00:46:53] [Render thread/INFO]: Registered synced data key tacz:melee_cool_down for minecraft:living_entity
[00:46:53] [Render thread/INFO]: Registered synced data key tacz:reload_state for minecraft:living_entity
[00:46:53] [Render thread/INFO]: Registered synced data key tacz:aiming_progress for minecraft:living_entity
[00:46:53] [Render thread/INFO]: Registered synced data key tacz:draw_cool_down for minecraft:living_entity
[00:46:53] [Render thread/INFO]: Registered synced data key tacz:is_aiming for minecraft:living_entity
[00:46:53] [Render thread/INFO]: Registered synced data key tacz:sprint_time for minecraft:living_entity
[00:46:53] [Render thread/INFO]: Registered synced data key tacz:is_bolting for minecraft:living_entity
[00:46:53] [Render thread/INFO]: Registered synced data key tacz:throwable_using for minecraft:living_entity
[00:46:53] [Render thread/INFO]: Initialized color sets in 49ms
[00:46:53] [Worker-ResourceReload-3/INFO]: oh hi there... :)
[00:46:53] [Worker-ResourceReload-3/INFO]: I heared you wanted some fancy health/armor bars?
[00:46:54] [Placebo Patreon Trail Loader/INFO]: Loading patreon trails data...
[00:46:54] [Placebo Patreon Wing Loader/INFO]: Loading patreon wing data...
[00:46:54] [Worker-ResourceReload-6/INFO]: [KONKRETE] Client-side libs ready to use!
[00:46:54] [Worker-ResourceReload-3/INFO]: Reloading reverb parameters
[00:46:54] [Worker-ResourceReload-12/INFO]: Sound of Rain client setup complete
[00:46:54] [Worker-ResourceReload-14/INFO]: Tab sfiomn.legendarytabs.client.tabs_menu.InventoryTab registered
[00:46:54] [Worker-ResourceReload-7/INFO]: Registering config screens for mod comforts with 1 config(s)
[00:46:54] [Worker-ResourceReload-7/INFO]: Registering config screens for mod diet with 2 config(s)
[00:46:54] [Worker-ResourceReload-9/INFO]: Loading Xaero's Minimap - Stage 1/2
[00:46:54] [Worker-ResourceReload-14/INFO]: Tab sfiomn.legendarytabs.client.tabs_menu.BodyDamageTab registered
[00:46:54] [Worker-ResourceReload-14/INFO]: Tab sfiomn.legendarytabs.client.tabs_menu.FtbQuestsTab registered
[00:46:54] [Worker-ResourceReload-3/INFO]: Unknown sound in allowed sound config: naturalist:entity.bird.death
[00:46:54] [Worker-ResourceReload-3/INFO]: Unknown sound in allowed sound config: alexsmobs:bone_serpent_idle
[00:46:54] [Worker-ResourceReload-3/INFO]: Unknown sound in allowed sound config: alexsmobs:blue_jay_idle
[00:46:54] [Worker-ResourceReload-3/INFO]: Unknown sound in allowed sound config: alexsmobs:dropbear_hurt
[00:46:54] [Worker-ResourceReload-3/INFO]: Unknown sound in allowed sound config: createdieselgenerators:diesel_engine_sound
[00:46:54] [Worker-ResourceReload-3/INFO]: Unknown sound in allowed sound config: alexsmobs:maned_wolf_idle
[00:46:54] [Worker-ResourceReload-3/INFO]: Unknown sound in allowed sound config: alexsmobs:seagull_hurt
[00:46:54] [Worker-ResourceReload-3/INFO]: Unknown sound in allowed sound config: mutationcraft:endermanliving
[00:46:54] [Worker-ResourceReload-3/INFO]: Unknown sound in allowed sound config: alexsmobs:cockroach_hurt
[00:46:54] [Worker-ResourceReload-3/INFO]: Unknown sound in allowed sound config: alexsmobs:giant_squid_games
[00:46:54] [Worker-ResourceReload-3/INFO]: Unknown sound in allowed sound config: cold_sweat:entity.chameleon.find
[00:46:54] [Worker-ResourceReload-3/INFO]: Unknown sound in allowed sound config: naturalist:entity.bear.ambient_baby
[00:46:54] [Worker-ResourceReload-3/INFO]: Unknown sound in allowed sound config: alexsmobs:guster_hurt
[00:46:54] [Worker-ResourceReload-3/INFO]: Unknown sound in allowed sound config: alexsmobs:gelada_monkey_idle
[00:46:54] [Worker-ResourceReload-3/INFO]: Unknown sound in allowed sound config: cold_sweat:entity.chameleon.death
[00:46:54] [Worker-ResourceReload-3/INFO]: Unknown sound in allowed sound config: railways:handcar_cogs
[00:46:54] [Worker-ResourceReload-3/INFO]: Unknown sound in allowed sound config: alexsmobs:alligator_snapping_turtle_hurt
[00:46:54] [Worker-ResourceReload-3/INFO]: Unknown sound in allowed sound config: cold_sweat:entity.chameleon.tongue.out
[00:46:54] [Worker-ResourceReload-3/INFO]: Unknown sound in allowed sound config: naturalist:item.bucket.fill_snail
[00:46:54] [Worker-ResourceReload-3/INFO]: Unknown sound in allowed sound config: alexsmobs:skreecher_clap
[00:46:54] [Worker-ResourceReload-3/INFO]: Unknown sound in allowed sound config: alexsmobs:spectre_hurt
[00:46:54] [Worker-ResourceReload-3/INFO]: Unknown sound in allowed sound config: alexsmobs:underminer_hurt
[00:46:54] [Worker-ResourceReload-3/INFO]: Unknown sound in allowed sound config: alexsmobs:rocky_roller_hurt
[00:46:54] [Worker-ResourceReload-3/INFO]: Unknown sound in allowed sound config: car:engine_starting
[00:46:54] [Worker-ResourceReload-3/INFO]: Unknown sound in allowed sound config: alexsmobs:hummingbird_hurt
[00:46:54] [Worker-ResourceReload-3/INFO]: Unknown sound in allowed sound config: alexsmobs:bear_dust
[00:46:54] [Worker-ResourceReload-3/INFO]: Unknown sound in allowed sound config: mutationcraft:evokersummonfangs
[00:46:54] [Worker-ResourceReload-3/INFO]: Unknown sound in allowed sound config: alexsmobs:moose_hurt
[00:46:54] [Worker-ResourceReload-3/INFO]: Unknown sound in allowed sound config: alexsmobs:void_portal_close
[00:46:54] [Worker-ResourceReload-3/INFO]: Unknown sound in allowed sound config: car:truck_engine_idle
[00:46:54] [Worker-ResourceReload-3/INFO]: Unknown sound in allowed sound config: alexsmobs:mudskipper_walk
[00:46:54] [Worker-ResourceReload-3/INFO]: Unknown sound in allowed sound config: car:gas_station_attendant
[00:46:54] [Worker-ResourceReload-3/INFO]: Unknown sound in allowed sound config: mutationcraft:helicoptersound
[00:46:54] [Worker-ResourceReload-3/INFO]: Unknown sound in allowed sound config: alexsmobs:flutter_no
[00:46:54] [Worker-ResourceReload-3/INFO]: Unknown sound in allowed sound config: car:car_horn
[00:46:54] [Worker-ResourceReload-3/INFO]: Unknown sound in allowed sound config: alexsmobs:mungus_hurt
[00:46:54] [Worker-ResourceReload-3/INFO]: Unknown sound in allowed sound config: naturalist:entity.bear.death
[00:46:54] [Worker-ResourceReload-3/INFO]: Unknown sound in allowed sound config: mutationcraft:easalarm
[00:46:54] [Worker-ResourceReload-3/INFO]: Unknown sound in allowed sound config: naturalist:entity.snake.hurt
[00:46:54] [Worker-ResourceReload-3/INFO]: Unknown sound in allowed sound config: car:car_lock
[00:46:54] [Worker-ResourceReload-3/INFO]: Unknown sound in allowed sound config: car:truck_engine_start
[00:46:54] [Worker-ResourceReload-3/INFO]: Unknown sound in allowed sound config: alexsmobs:elephant_hurt
[00:46:54] [Worker-ResourceReload-3/INFO]: Unknown sound in allowed sound config: alexsmobs:gazelle_hurt
[00:46:54] [Worker-ResourceReload-3/INFO]: Unknown sound in allowed sound config: mutationcraft:assimilatedpolarbearliving
[00:46:54] [Worker-ResourceReload-3/INFO]: Unknown sound in allowed sound config: alexsmobs:rhinoceros_hurt
[00:46:54] [Worker-ResourceReload-3/INFO]: Unknown sound in allowed sound config: naturalist:entity.bear.sleep
[00:46:54] [Worker-ResourceReload-3/INFO]: Unknown sound in allowed sound config: naturalist:entity.zebra.jump
[00:46:54] [Worker-ResourceReload-3/INFO]: Unknown sound in allowed sound config: mutationcraft:endermanhurt
[00:46:54] [Worker-ResourceReload-3/INFO]: Unknown sound in allowed sound config: alexsmobs:skunk_hurt
[00:46:54] [Worker-ResourceReload-3/INFO]: Unknown sound in allowed sound config: bakery:cabinet_open
[00:46:54] [Worker-ResourceReload-3/INFO]: Unknown sound in allowed sound config: alexsmobs:potoo_call
[00:46:54] [Worker-ResourceReload-3/INFO]: Unknown sound in allowed sound config: car:engine_stop
[00:46:54] [Worker-ResourceReload-3/INFO]: Unknown sound in allowed sound config: alexsmobs:roadrunner_idle
[00:46:54] [Worker-ResourceReload-3/INFO]: Unknown sound in allowed sound config: alexsmobs:grizzly_bear_idle
[00:46:54] [Worker-ResourceReload-3/INFO]: Unknown sound in allowed sound config: pfm:toilet_used
[00:46:54] [Worker-ResourceReload-3/INFO]: Unknown sound in allowed sound config: candlelight:faucet
[00:46:54] [Worker-ResourceReload-3/INFO]: Unknown sound in allowed sound config: naturalist:entity.tortoise.death
[00:46:54] [Worker-ResourceReload-3/INFO]: Unknown sound in allowed sound config: car:engine_start
[00:46:54] [Worker-ResourceReload-3/INFO]: Unknown sound in allowed sound config: cold_sweat:item.soulspring_lamp.off
[00:46:54] [Worker-ResourceReload-3/INFO]: Unknown sound in allowed sound config: naturalist:entity.deer.ambient_baby
[00:46:54] [Worker-ResourceReload-3/INFO]: Unknown sound in allowed sound config: mutationcraft:heartbite
[00:46:54] [Worker-ResourceReload-3/INFO]: Unknown sound in allowed sound config: alexsmobs:laviathan_hurt
[00:46:54] [Worker-ResourceReload-3/INFO]: Unknown sound in allowed sound config: alexsmobs:bunfungus_idle
[00:46:54] [Worker-ResourceReload-3/INFO]: Unknown sound in allowed sound config: alexsmobs:music_disc_thime
[00:46:54] [Worker-ResourceReload-3/INFO]: Unknown sound in allowed sound config: naturalist:entity.bird.ambient_canary
[00:46:54] [Worker-ResourceReload-3/INFO]: Unknown sound in allowed sound config: naturalist:entity.bird.fly
[00:46:54] [Worker-ResourceReload-3/INFO]: Unknown sound in allowed sound config: naturalist:entity.rhino.ambient
[00:46:54] [Worker-ResourceReload-3/INFO]: Unknown sound in allowed sound config: alexsmobs:farseer_beam
[00:46:54] [Worker-ResourceReload-3/INFO]: Unknown sound in allowed sound config: naturalist:entity.snail.forward
[00:46:54] [Worker-ResourceReload-3/INFO]: Unknown sound in allowed sound config: candlelight:juice_boiling
[00:46:54] [Worker-ResourceReload-3/INFO]: Unknown sound in allowed sound config: mutationcraft:evokersummonvex
[00:46:54] [Worker-ResourceReload-3/INFO]: Unknown sound in allowed sound config: alexsmobs:toucan_hurt
[00:46:54] [Worker-ResourceReload-3/INFO]: Unknown sound in allowed sound config: alexsmobs:centipede_walk
[00:46:54] [Worker-ResourceReload-3/INFO]: Unknown sound in allowed sound config: car:engine_fail
[00:46:54] [Worker-ResourceReload-3/INFO]: Unknown sound in allowed sound config: alexsmobs:underminer_idle
[00:46:54] [Worker-ResourceReload-3/INFO]: Unknown sound in allowed sound config: alexsmobs:moose_jostle
[00:46:54] [Worker-ResourceReload-3/INFO]: Unknown sound in allowed sound config: alexsmobs:alligator_snapping_turtle_idle
[00:46:54] [Worker-ResourceReload-3/INFO]: Unknown sound in allowed sound config: naturalist:entity.rhino.ambient_baby
[00:46:54] [Worker-ResourceReload-3/INFO]: Unknown sound in allowed sound config: alexsmobs:mosquito_die
[00:46:54] [Worker-ResourceReload-3/INFO]: Unknown sound in allowed sound config: mutationcraft:assimilatedwolfliving
[00:46:54] [Worker-ResourceReload-3/INFO]: Unknown sound in allowed sound config: mutationcraft:lehumansound
[00:46:54] [Worker-ResourceReload-3/INFO]: Unknown sound in allowed sound config: mutationcraft:correcttransform
[00:46:54] [Worker-ResourceReload-3/INFO]: Unknown sound in allowed sound config: cold_sweat:entity.chameleon.ambient
[00:46:54] [Worker-ResourceReload-3/INFO]: Unknown sound in allowed sound config: alexsmobs:shoebill_hurt
[00:46:54] [Worker-ResourceReload-3/INFO]: Unknown sound in allowed sound config: mutationcraft:assimilatedwitchliving
[00:46:54] [Worker-ResourceReload-3/INFO]: Unknown sound in allowed sound config: alexsmobs:void_worm_hurt
[00:46:54] [Worker-ResourceReload-3/INFO]: Unknown sound in allowed sound config: car:sport_engine_high
[00:46:54] [Worker-ResourceReload-3/INFO]: Unknown sound in allowed sound config: alexsmobs:mimicube_jump
[00:46:54] [Worker-ResourceReload-3/INFO]: Unknown sound in allowed sound config: alexsmobs:tarantula_hawk_hurt
[00:46:54] [Worker-ResourceReload-3/INFO]: Unknown sound in allowed sound config: alexsmobs:anaconda_hurt
[00:46:54] [Worker-ResourceReload-3/INFO]: Unknown sound in allowed sound config: alexsmobs:tusklin_idle
[00:46:54] [Worker-ResourceReload-3/INFO]: Unknown sound in allowed sound config: naturalist:entity.tortoise.egg_hatch
[00:46:54] [Worker-ResourceReload-3/INFO]: Unknown sound in allowed sound config: naturalist:entity.lion.hurt
[00:46:54] [Worker-ResourceReload-3/INFO]: Unknown sound in allowed sound config: naturalist:entity.bear.spit
[00:46:54] [Worker-ResourceReload-3/INFO]: Unknown sound in allowed sound config: alexsmobs:murmur_idle
[00:46:54] [Worker-ResourceReload-3/INFO]: Unknown sound in allowed sound config: naturalist:entity.alligator.egg_break
[00:46:54] [Worker-ResourceReload-3/INFO]: Unknown sound in allowed sound config: parcool:action.hang_down.jump
[00:46:54] [Worker-ResourceReload-3/INFO]: Unknown sound in allowed sound config: naturalist:entity.snake.hiss
[00:46:54] [Worker-ResourceReload-3/INFO]: Unknown sound in allowed sound config: mutationcraft:perfectpigus
[00:46:54] [Worker-ResourceReload-3/INFO]: Unknown sound in allowed sound config: alexsmobs:anteater_hurt
[00:46:54] [Worker-ResourceReload-3/INFO]: Unknown sound in allowed sound config: mutationcraft:spiderlivingtrue
[00:46:54] [Worker-ResourceReload-3/INFO]: Unknown sound in allowed sound config: mutationcraft:reductorliving
[00:46:54] [Worker-ResourceReload-3/INFO]: Unknown sound in allowed sound config: alexsmobs:guster_idle
[00:46:54] [Worker-ResourceReload-3/INFO]: Unknown sound in allowed sound config: alexsmobs:tendon_whip
[00:46:54] [Worker-ResourceReload-3/INFO]: Unknown sound in allowed sound config: alexsmobs:gelada_monkey_hurt
[00:46:54] [Worker-ResourceReload-3/INFO]: Unknown sound in allowed sound config: mutationcraft:stage1
[00:46:54] [Worker-ResourceReload-3/INFO]: Unknown sound in allowed sound config: alexsmobs:giant_squid_hurt
[00:46:54] [Worker-ResourceReload-3/INFO]: Unknown sound in allowed sound config: mutationcraft:stage2
[00:46:54] [Worker-ResourceReload-3/INFO]: Unknown sound in allowed sound config: mutationcraft:stage0
[00:46:54] [Worker-ResourceReload-3/INFO]: Unknown sound in allowed sound config: mutationcraft:stage3
[00:46:54] [Worker-ResourceReload-3/INFO]: Unknown sound in allowed sound config: naturalist:entity.duck.death
[00:46:54] [Worker-ResourceReload-3/INFO]: Unknown sound in allowed sound config: mutationcraft:stage4
[00:46:54] [Worker-ResourceReload-3/INFO]: Unknown sound in allowed sound config: alexsmobs:transmute_item
[00:46:54] [Worker-ResourceReload-3/INFO]: Unknown sound in allowed sound config: alexsmobs:leafcutter_ant_hurt
[00:46:54] [Worker-ResourceReload-3/INFO]: Unknown sound in allowed sound config: pfm:toilet_flushing
[00:46:54] [Worker-ResourceReload-3/INFO]: Unknown sound in allowed sound config: candlelight:drawer_open
[00:46:54] [Worker-ResourceReload-3/INFO]: Unknown sound in allowed sound config: naturalist:entity.duck.hurt
[00:46:54] [Worker-ResourceReload-3/INFO]: Unknown sound in allowed sound config: alexsmobs:fly_hurt
[00:46:54] [Worker-ResourceReload-3/INFO]: Unknown sound in allowed sound config: alexsmobs:elephant_trumpet
[00:46:54] [Worker-ResourceReload-3/INFO]: Unknown sound in allowed sound config: candlelight:cabinet_open
[00:46:54] [Worker-ResourceReload-3/INFO]: Unknown sound in allowed sound config: naturalist:entity.zebra.angry
[00:46:54] [Worker-ResourceReload-3/INFO]: Unknown sound in allowed sound config: alexsmobs:dropbear_idle
[00:46:54] [Worker-ResourceReload-3/INFO]: Unknown sound in allowed sound config: naturalist:entity.alligator.egg_hatch
[00:46:54] [Worker-ResourceReload-3/INFO]: Unknown sound in allowed sound config: alexsmobs:mungus_laser_grow
[00:46:54] [Worker-ResourceReload-3/INFO]: Unknown sound in allowed sound config: alexsmobs:mimic_octopus_hurt
[00:46:54] [Worker-ResourceReload-3/INFO]: Unknown sound in allowed sound config: mutationcraft:flamethrowerexplodes
[00:46:54] [Worker-ResourceReload-3/INFO]: Unknown sound in allowed sound config: alexsmobs:raccoon_hurt
[00:46:54] [Worker-ResourceReload-3/INFO]: Unknown sound in allowed sound config: alexsmobs:moose_idle
[00:46:54] [Worker-ResourceReload-3/INFO]: Unknown sound in allowed sound config: eclipticseasons:ambient.night_river
[00:46:54] [Worker-ResourceReload-3/INFO]: Unknown sound in allowed sound config: car:gas_station
[00:46:54] [Worker-ResourceReload-3/INFO]: Unknown sound in allowed sound config: naturalist:entity.lion.ambient
[00:46:54] [Worker-ResourceReload-3/INFO]: Unknown sound in allowed sound config: alexsmobs:sugar_glider_hurt
[00:46:54] [Worker-ResourceReload-3/INFO]: Unknown sound in allowed sound config: alexsmobs:orca_die
[00:46:54] [Worker-ResourceReload-3/INFO]: Unknown sound in allowed sound config: naturalist:entity.bear.eat
[00:46:54] [Worker-ResourceReload-3/INFO]: Unknown sound in allowed sound config: alexsmobs:crocodile_hurt
[00:46:54] [Worker-ResourceReload-3/INFO]: Unknown sound in allowed sound config: alexsmobs:terrapin_hurt
[00:46:54] [Worker-ResourceReload-3/INFO]: Unknown sound in allowed sound config: pfm:microwave_beep
[00:46:54] [Worker-ResourceReload-3/INFO]: Unknown sound in allowed sound config: alexsmobs:enderiophage_hurt
[00:46:54] [Worker-ResourceReload-3/INFO]: Unknown sound in allowed sound config: mutationcraft:perfecthumansound
[00:46:54] [Worker-ResourceReload-3/INFO]: Unknown sound in allowed sound config: candlelight:cabinet_close
[00:46:54] [Worker-ResourceReload-3/INFO]: Unknown sound in allowed sound config: naturalist:entity.bird.ambient_robin
[00:46:54] [Worker-ResourceReload-3/INFO]: Unknown sound in allowed sound config: naturalist:entity.boar.hurt
[00:46:54] [Worker-ResourceReload-3/INFO]: Unknown sound in allowed sound config: mutationcraft:intoxicatorliving
[00:46:54] [Worker-ResourceReload-3/INFO]: Unknown sound in allowed sound config: car:car_unlock
[00:46:54] [Worker-ResourceReload-3/INFO]: Unknown sound in allowed sound config: alexsmobs:music_disc_daze
[00:46:54] [Worker-ResourceReload-3/INFO]: Unknown sound in allowed sound config: alexsmobs:komodo_dragon_idle
[00:46:54] [Worker-ResourceReload-3/INFO]: Unknown sound in allowed sound config: alexsmobs:gorilla_hurt
[00:46:54] [Worker-ResourceReload-3/INFO]: Unknown sound in allowed sound config: naturalist:entity.hippo.ambient
[00:46:54] [Worker-ResourceReload-3/INFO]: Unknown sound in allowed sound config: naturalist:entity.bird.ambient_cardinal
[00:46:54] [Worker-ResourceReload-3/INFO]: Unknown sound in allowed sound config: alexsmobs:jerboa_idle
[00:46:54] [Worker-ResourceReload-3/INFO]: Unknown sound in allowed sound config: alexsmobs:end_pirate_door
[00:46:54] [Worker-ResourceReload-3/INFO]: Unknown sound in allowed sound config: car:engine_high
[00:46:54] [Worker-ResourceReload-3/INFO]: Unknown sound in allowed sound config: alexsmobs:banana_slug_hurt
[00:46:54] [Worker-ResourceReload-3/INFO]: Unknown sound in allowed sound config: mutationcraft:assimilatedcowliving
[00:46:54] [Worker-ResourceReload-3/INFO]: Unknown sound in allowed sound config: mutationcraft:hookidle
[00:46:54] [Worker-ResourceReload-3/INFO]: Unknown sound in allowed sound config: car:sport_engine_idle
[00:46:54] [Worker-ResourceReload-3/INFO]: Unknown sound in allowed sound config: alexsmobs:roadrunner_meep
[00:46:54] [Worker-ResourceReload-3/INFO]: Unknown sound in allowed sound config: alexsmobs:cosmaw_idle
[00:46:54] [Worker-ResourceReload-3/INFO]: Unknown sound in allowed sound config: mutationcraft:carnivoraeliving
[00:46:54] [Worker-ResourceReload-3/INFO]: Unknown sound in allowed sound config: alexsmobs:lobster_hurt
[00:46:54] [Worker-ResourceReload-3/INFO]: Unknown sound in allowed sound config: naturalist:entity.rhino.scrape
[00:46:54] [Worker-ResourceReload-3/INFO]: Unknown sound in allowed sound config: alexsmobs:grizzly_bear_die
[00:46:54] [Worker-ResourceReload-3/INFO]: Unknown sound in allowed sound config: alexsmobs:cosmic_cod_hurt
[00:46:54] [Worker-ResourceReload-3/INFO]: Unknown sound in allowed sound config: alexsmobs:bald_eagle_idle
[00:46:54] [Worker-ResourceReload-3/INFO]: Unknown sound in allowed sound config: alexsmobs:seal_idle
[00:46:54] [Worker-ResourceReload-3/INFO]: Unknown sound in allowed sound config: alexsmobs:bunfungus_jump
[00:46:54] [Worker-ResourceReload-3/INFO]: Unknown sound in allowed sound config: alexsmobs:sculk_boomer_fart
[00:46:54] [Worker-ResourceReload-3/INFO]: Unknown sound in allowed sound config: mutationcraft:endermandeath
[00:46:54] [Worker-ResourceReload-3/INFO]: Unknown sound in allowed sound config: naturalist:entity.alligator.hurt
[00:46:54] [Worker-ResourceReload-3/INFO]: Unknown sound in allowed sound config: naturalist:entity.alligator.death
[00:46:54] [Worker-ResourceReload-3/INFO]: Unknown sound in allowed sound config: naturalist:entity.tortoise.egg_break
[00:46:54] [Worker-ResourceReload-3/INFO]: Unknown sound in allowed sound config: alexsmobs:raccoon_idle
[00:46:54] [Worker-ResourceReload-3/INFO]: Unknown sound in allowed sound config: naturalist:entity.catfish.flop
[00:46:54] [Worker-ResourceReload-3/INFO]: Unknown sound in allowed sound config: alexsmobs:laviathan_idle
[00:46:54] [Worker-ResourceReload-3/INFO]: Unknown sound in allowed sound config: alexsmobs:toucan_idle
[00:46:54] [Worker-ResourceReload-3/INFO]: Unknown sound in allowed sound config: alexsmobs:sugar_glider_idle
[00:46:54] [Worker-ResourceReload-3/INFO]: Unknown sound in allowed sound config: alexsmobs:tiger_hurt
[00:46:54] [Worker-ResourceReload-3/INFO]: Unknown sound in allowed sound config: naturalist:entity.duck.ambient
[00:46:54] [Worker-ResourceReload-3/INFO]: Unknown sound in allowed sound config: naturalist:entity.bear.hurt
[00:46:54] [Worker-ResourceReload-3/INFO]: Unknown sound in allowed sound config: bakery:juice_boiling
[00:46:54] [Worker-ResourceReload-3/INFO]: Unknown sound in allowed sound config: alexsmobs:april_fools_power_outage
[00:46:54] [Worker-ResourceReload-3/INFO]: Unknown sound in allowed sound config: alexsmobs:platypus_hurt
[00:46:54] [Worker-ResourceReload-3/INFO]: Unknown sound in allowed sound config: alexsmobs:rattlesnake_hurt
[00:46:54] [Worker-ResourceReload-3/INFO]: Unknown sound in allowed sound config: alexsmobs:rattlesnake_attack
[00:46:54] [Worker-ResourceReload-3/INFO]: Unknown sound in allowed sound config: alexsmobs:mosquito_hurt
[00:46:54] [Worker-ResourceReload-3/INFO]: Unknown sound in allowed sound config: naturalist:entity.lion.roar
[00:46:54] [Worker-ResourceReload-3/INFO]: Unknown sound in allowed sound config: alexsmobs:hummingbird_loop
[00:46:54] [Worker-ResourceReload-3/INFO]: Unknown sound in allowed sound config: alexsmobs:murmur_attack
[00:46:54] [Worker-ResourceReload-3/INFO]: Unknown sound in allowed sound config: naturalist:entity.alligator.ambient
[00:46:54] [Worker-ResourceReload-3/INFO]: Unknown sound in allowed sound config: alexsmobs:bunfungus_attack
[00:46:54] [Worker-ResourceReload-3/INFO]: Unknown sound in allowed sound config: alexsmobs:grizzly_bear_hurt
[00:46:54] [Worker-ResourceReload-3/INFO]: Unknown sound in allowed sound config: car:sport_engine_start
[00:46:54] [Worker-ResourceReload-3/INFO]: Unknown sound in allowed sound config: car:sport_engine_starting
[00:46:54] [Worker-ResourceReload-3/INFO]: Unknown sound in allowed sound config: alexsmobs:warped_toad_idle
[00:46:54] [Worker-ResourceReload-3/INFO]: Unknown sound in allowed sound config: alexsmobs:snow_leopard_idle
[00:46:54] [Worker-ResourceReload-3/INFO]: Unknown sound in allowed sound config: naturalist:entity.zebra.breathe
[00:46:54] [Worker-ResourceReload-3/INFO]: Unknown sound in allowed sound config: alexsmobs:tusklin_hurt
[00:46:54] [Worker-ResourceReload-14/INFO]: Tab sfiomn.legendarytabs.client.tabs_menu.FtbTeamsTab registered
[00:46:54] [Worker-ResourceReload-3/INFO]: Unknown sound in allowed sound config: mutationcraft:assimilatedhorseliving
[00:46:54] [Worker-ResourceReload-3/INFO]: Unknown sound in allowed sound config: alexsmobs:maned_wolf_hurt
[00:46:54] [Worker-ResourceReload-3/INFO]: Unknown sound in allowed sound config: cold_sweat:item.soulspring_lamp.on
[00:46:54] [Worker-ResourceReload-3/INFO]: Unknown sound in allowed sound config: immersivepetroleum:flarestack_fire
[00:46:54] [Worker-ResourceReload-3/INFO]: Unknown sound in allowed sound config: eclipticseasons:ambient.garden_wind
[00:46:54] [Worker-ResourceReload-3/INFO]: Unknown sound in allowed sound config: car:truck_engine_fail
[00:46:54] [Worker-ResourceReload-3/INFO]: Unknown sound in allowed sound config: alexsmobs:murmur_neck
[00:46:54] [Worker-ResourceReload-3/INFO]: Unknown sound in allowed sound config: naturalist:entity.giraffe.ambient
[00:46:54] [Worker-ResourceReload-3/INFO]: Unknown sound in allowed sound config: mutationcraft:parasiticbomberliving
[00:46:54] [Worker-ResourceReload-3/INFO]: Unknown sound in allowed sound config: eclipticseasons:ambient.spring_forest
[00:46:54] [Worker-ResourceReload-3/INFO]: Unknown sound in allowed sound config: vinery:block.wine_rack_5.close
[00:46:54] [Worker-ResourceReload-3/INFO]: Unknown sound in allowed sound config: alexsmobs:fly_idle
[00:46:54] [Worker-ResourceReload-3/INFO]: Unknown sound in allowed sound config: alexsmobs:music_wormboss
[00:46:54] [Worker-ResourceReload-3/INFO]: Unknown sound in allowed sound config: alexsmobs:mungus_laser_loop
[00:46:54] [Worker-ResourceReload-3/INFO]: Unknown sound in allowed sound config: alexsmobs:straddler_idle
[00:46:54] [Worker-ResourceReload-3/INFO]: Unknown sound in allowed sound config: alexsmobs:skreecher_detect
[00:46:54] [Worker-ResourceReload-3/INFO]: Unknown sound in allowed sound config: mutationcraft:humanificationhurt
[00:46:54] [Worker-ResourceReload-3/INFO]: Unknown sound in allowed sound config: alexsmobs:mimic_octopus_idle
[00:46:54] [Worker-ResourceReload-3/INFO]: Unknown sound in allowed sound config: alexsmobs:froststalker_idle
[00:46:54] [Worker-ResourceReload-3/INFO]: Unknown sound in allowed sound config: mutationcraft:assimilatedsheepliving
[00:46:54] [Worker-ResourceReload-3/INFO]: Unknown sound in allowed sound config: alexsmobs:skreecher_call
[00:46:54] [Worker-ResourceReload-3/INFO]: Unknown sound in allowed sound config: naturalist:entity.tortoise.thud
[00:46:54] [Worker-ResourceReload-3/INFO]: Unknown sound in allowed sound config: alexsmobs:rain_frog_idle
[00:46:54] [Worker-ResourceReload-3/INFO]: Unknown sound in allowed sound config: mutationcraft:leechliving
[00:46:54] [Worker-ResourceReload-3/INFO]: Unknown sound in allowed sound config: alexsmobs:crocodile_idle
[00:46:54] [Worker-ResourceReload-3/INFO]: Unknown sound in allowed sound config: car:truck_engine_stop
[00:46:54] [Worker-ResourceReload-3/INFO]: Unknown sound in allowed sound config: naturalist:entity.snake.rattle
[00:46:54] [Worker-ResourceReload-3/INFO]: Unknown sound in allowed sound config: alexsmobs:cosmaw_hurt
[00:46:54] [Worker-ResourceReload-3/INFO]: Unknown sound in allowed sound config: railways:conductor_whistle
[00:46:54] [Worker-ResourceReload-3/INFO]: Unknown sound in allowed sound config: alexsmobs:bison_idle
[00:46:54] [Worker-ResourceReload-3/INFO]: Unknown sound in allowed sound config: car:generator
[00:46:54] [Worker-ResourceReload-3/INFO]: Unknown sound in allowed sound config: alexsmobs:kangaroo_hurt
[00:46:54] [Worker-ResourceReload-3/INFO]: Unknown sound in allowed sound config: alexsmobs:la_cucaracha
[00:46:54] [Worker-ResourceReload-3/INFO]: Unknown sound in allowed sound config: alexsmobs:gorilla_idle
[00:46:54] [Worker-ResourceReload-3/INFO]: Unknown sound in allowed sound config: alexsmobs:komodo_dragon_hurt
[00:46:54] [Worker-ResourceReload-3/INFO]: Unknown sound in allowed sound config: naturalist:entity.elephant.hurt
[00:46:54] [Worker-ResourceReload-3/INFO]: Unknown sound in allowed sound config: alexsmobs:crow_hurt
[00:46:54] [Worker-ResourceReload-3/INFO]: Unknown sound in allowed sound config: alexsmobs:orca_idle
[00:46:54] [Worker-ResourceReload-3/INFO]: Unknown sound in allowed sound config: alexsmobs:april_fools_music_box
[00:46:54] [Worker-ResourceReload-3/INFO]: Unknown sound in allowed sound config: alexsmobs:anaconda_attack
[00:46:54] [Worker-ResourceReload-3/INFO]: Unknown sound in allowed sound config: alexsmobs:comb_jelly_hurt
[00:46:54] [Worker-ResourceReload-3/INFO]: Unknown sound in allowed sound config: alexsmobs:jerboa_hurt
[00:46:54] [Worker-ResourceReload-3/INFO]: Unknown sound in allowed sound config: alexsmobs:elephant_die
[00:46:54] [Worker-ResourceReload-3/INFO]: Unknown sound in allowed sound config: naturalist:entity.deer.hurt
[00:46:54] [Worker-ResourceReload-3/INFO]: Unknown sound in allowed sound config: alexsmobs:centipede_hurt
[00:46:54] [Worker-ResourceReload-3/INFO]: Unknown sound in allowed sound config: alexsmobs:giant_squid_tentacle
[00:46:54] [Worker-ResourceReload-3/INFO]: Unknown sound in allowed sound config: alexsmobs:skelewag_hurt
[00:46:54] [Worker-ResourceReload-3/INFO]: Unknown sound in allowed sound config: physicsmod:wind
[00:46:54] [Worker-ResourceReload-3/INFO]: Unknown sound in allowed sound config: cold_sweat:block.hearth.fuel
[00:46:54] [Worker-ResourceReload-3/INFO]: Unknown sound in allowed sound config: physicsmod:splash_sound
[00:46:54] [Worker-ResourceReload-3/INFO]: Unknown sound in allowed sound config: mutationcraft:summonbloodspike
[00:46:54] [Worker-ResourceReload-3/INFO]: Unknown sound in allowed sound config: alexsmobs:emu_hurt
[00:46:54] [Worker-ResourceReload-3/INFO]: Unknown sound in allowed sound config: naturalist:item.bucket.empty_snail
[00:46:54] [Worker-ResourceReload-3/INFO]: Unknown sound in allowed sound config: naturalist:entity.bird.hurt
[00:46:54] [Worker-ResourceReload-3/INFO]: Unknown sound in allowed sound config: enhancedcelestials:blue_moon
[00:46:54] [Worker-ResourceReload-3/INFO]: Unknown sound in allowed sound config: alexsmobs:bald_eagle_hurt
[00:46:54] [Worker-ResourceReload-3/INFO]: Unknown sound in allowed sound config: naturalist:entity.rubber_ducky.hurt
[00:46:54] [Worker-ResourceReload-3/INFO]: Unknown sound in allowed sound config: alexsmobs:capuchin_monkey_idle
[00:46:54] [Worker-ResourceReload-3/INFO]: Unknown sound in allowed sound config: car:truck_engine_starting
[00:46:54] [Worker-ResourceReload-3/INFO]: Unknown sound in allowed sound config: alexsmobs:warped_mosco_idle
[00:46:54] [Worker-ResourceReload-3/INFO]: Unknown sound in allowed sound config: cold_sweat:entity.chameleon.hurt
[00:46:54] [Worker-ResourceReload-3/INFO]: Unknown sound in allowed sound config: alexsmobs:orca_hurt
[00:46:54] [Worker-ResourceReload-3/INFO]: Unknown sound in allowed sound config: alexsmobs:mantis_shrimp_hurt
[00:46:54] [Worker-ResourceReload-3/INFO]: Unknown sound in allowed sound config: minecraft:music.overworld.jungle_and_forest
[00:46:54] [Worker-ResourceReload-3/INFO]: Unknown sound in allowed sound config: alexsmobs:banana_slug_slime_expand
[00:46:54] [Worker-ResourceReload-3/INFO]: Unknown sound in allowed sound config: car:engine_idle
[00:46:54] [Worker-ResourceReload-3/INFO]: Unknown sound in allowed sound config: alexsmobs:anaconda_slither
[00:46:54] [Worker-ResourceReload-3/INFO]: Unknown sound in allowed sound config: alexsmobs:skreecher_hurt
[00:46:54] [Worker-ResourceReload-3/INFO]: Unknown sound in allowed sound config: naturalist:entity.firefly.hide
[00:46:54] [Worker-ResourceReload-3/INFO]: Unknown sound in allowed sound config: immersivepetroleum:projector
[00:46:54] [Worker-ResourceReload-3/INFO]: Unknown sound in allowed sound config: naturalist:entity.rubber_ducky.ambient
[00:46:54] [Worker-ResourceReload-3/INFO]: Unknown sound in allowed sound config: alexsmobs:tiger_angry
[00:46:54] [Worker-ResourceReload-3/INFO]: Unknown sound in allowed sound config: pfm:microwave_running
[00:46:54] [Worker-ResourceReload-3/INFO]: Unknown sound in allowed sound config: alexsmobs:tiger_idle
[00:46:54] [Worker-ResourceReload-3/INFO]: Unknown sound in allowed sound config: alexsmobs:flutter_hurt
[00:46:54] [Worker-ResourceReload-3/INFO]: Unknown sound in allowed sound config: alexsmobs:endergrade_idle
[00:46:54] [Worker-ResourceReload-3/INFO]: Unknown sound in allowed sound config: firstaid:debuff.heartbeat
[00:46:54] [Worker-ResourceReload-3/INFO]: Unknown sound in allowed sound config: alexsmobs:underminer_step
[00:46:54] [Worker-ResourceReload-3/INFO]: Unknown sound in allowed sound config: alexsmobs:sunbird_idle
[00:46:54] [Worker-ResourceReload-3/INFO]: Unknown sound in allowed sound config: alexsmobs:vine_lasso
[00:46:54] [Worker-ResourceReload-3/INFO]: Unknown sound in allowed sound config: naturalist:entity.bear.sniff
[00:46:54] [Worker-ResourceReload-3/INFO]: Unknown sound in allowed sound config: alexsmobs:tasmanian_devil_hurt
[00:46:54] [Worker-ResourceReload-3/INFO]: Unknown sound in allowed sound config: alexsmobs:soul_vulture_idle
[00:46:54] [Worker-ResourceReload-3/INFO]: Unknown sound in allowed sound config: alexsmobs:cachalot_whale_click
[00:46:54] [Worker-ResourceReload-3/INFO]: Unknown sound in allowed sound config: naturalist:entity.zebra.hurt
[00:46:54] [Worker-ResourceReload-3/INFO]: Unknown sound in allowed sound config: alexsmobs:mosquito_loop
[00:46:54] [Worker-ResourceReload-3/INFO]: Unknown sound in allowed sound config: mutationcraft:perfecthurt
[00:46:54] [Worker-ResourceReload-3/INFO]: Unknown sound in allowed sound config: naturalist:entity.zebra.death
[00:46:54] [Worker-ResourceReload-3/INFO]: Unknown sound in allowed sound config: enhancedcelestials:blood_moon
[00:46:54] [Worker-ResourceReload-3/INFO]: Unknown sound in allowed sound config: alexsmobs:blue_jay_song
[00:46:54] [Worker-ResourceReload-3/INFO]: Unknown sound in allowed sound config: candlelight:drawer_close
[00:46:54] [Worker-ResourceReload-3/INFO]: Unknown sound in allowed sound config: naturalist:entity.bird.ambient_bluejay
[00:46:54] [Worker-ResourceReload-3/INFO]: Unknown sound in allowed sound config: naturalist:entity.bear.hurt_baby
[00:46:54] [Worker-ResourceReload-3/INFO]: Unknown sound in allowed sound config: mutationcraft:summonspell
[00:46:54] [Worker-ResourceReload-3/INFO]: Unknown sound in allowed sound config: naturalist:entity.rubber_ducky.death
[00:46:54] [Worker-ResourceReload-3/INFO]: Unknown sound in allowed sound config: alexsmobs:platypus_idle
[00:46:54] [Worker-ResourceReload-3/INFO]: Unknown sound in allowed sound config: alexsmobs:farseer_emerge
[00:46:54] [Worker-ResourceReload-3/INFO]: Unknown sound in allowed sound config: alexsmobs:warped_toad_hurt
[00:46:54] [Worker-ResourceReload-3/INFO]: Unknown sound in allowed sound config: alexsmobs:seal_hurt
[00:46:54] [Worker-ResourceReload-3/INFO]: Unknown sound in allowed sound config: alexsmobs:snow_leopard_hurt
[00:46:54] [Worker-ResourceReload-3/INFO]: Unknown sound in allowed sound config: alexsmobs:mudskipper_hurt
[00:46:54] [Worker-ResourceReload-3/INFO]: Unknown sound in allowed sound config: alexsmobs:farseer_hurt
[00:46:54] [Worker-ResourceReload-3/INFO]: Unknown sound in allowed sound config: mutationcraft:humandeath
[00:46:54] [Worker-ResourceReload-3/INFO]: Unknown sound in allowed sound config: alexsmobs:cachalot_whale_hurt
[00:46:54] [Worker-ResourceReload-3/INFO]: Unknown sound in allowed sound config: naturalist:entity.alligator.egg_crack
[00:46:54] [Worker-ResourceReload-3/INFO]: Unknown sound in allowed sound config: alexsmobs:mimicube_hurt
[00:46:54] [Worker-ResourceReload-3/INFO]: Unknown sound in allowed sound config: mutationcraft:summonpoisonspike
[00:46:54] [Worker-ResourceReload-3/INFO]: Unknown sound in allowed sound config: bakery:cabinet_close
[00:46:54] [Worker-ResourceReload-3/INFO]: Unknown sound in allowed sound config: naturalist:entity.duck.step
[00:46:54] [Worker-ResourceReload-8/INFO]: [voicechat] Using Cloth Config GUI
[00:46:54] [Worker-ResourceReload-3/INFO]: Unknown sound in allowed sound config: eclipticseasons:ambient.winter_cold
[00:46:54] [Worker-ResourceReload-3/INFO]: Unknown sound in allowed sound config: naturalist:entity.boar.ambient
[00:46:54] [Worker-ResourceReload-3/INFO]: Unknown sound in allowed sound config: naturalist:entity.zebra.eat
[00:46:54] [Worker-ResourceReload-3/INFO]: Unknown sound in allowed sound config: alexsmobs:crocodile_baby
[00:46:54] [Worker-ResourceReload-3/INFO]: Unknown sound in allowed sound config: mutationcraft:ambulance
[00:46:54] [Worker-ResourceReload-3/INFO]: Unknown sound in allowed sound config: car:ratchet
[00:46:54] [Worker-ResourceReload-3/INFO]: Unknown sound in allowed sound config: alexsmobs:spectre_idle
[00:46:54] [Worker-ResourceReload-3/INFO]: Unknown sound in allowed sound config: alexsmobs:froststalker_hurt
[00:46:54] [Worker-ResourceReload-3/INFO]: Unknown sound in allowed sound config: alexsmobs:crocodile_bite
[00:46:54] [Worker-ResourceReload-3/INFO]: Unknown sound in allowed sound config: car:sport_engine_fail
[00:46:54] [Worker-ResourceReload-3/INFO]: Unknown sound in allowed sound config: naturalist:entity.snail.crush
[00:46:54] [Worker-ResourceReload-3/INFO]: Unknown sound in allowed sound config: eclipticseasons:ambient.winter_forest
[00:46:54] [Worker-ResourceReload-3/INFO]: Unknown sound in allowed sound config: mutationcraft:queenhurt
[00:46:54] [Worker-ResourceReload-3/INFO]: Unknown sound in allowed sound config: naturalist:entity.vulture.death
[00:46:54] [Worker-ResourceReload-3/INFO]: Unknown sound in allowed sound config: alexsmobs:rain_frog_hurt
[00:46:54] [Worker-ResourceReload-3/INFO]: Unknown sound in allowed sound config: vinery:block.kitchen_sink.faucet
[00:46:54] [Worker-ResourceReload-3/INFO]: Unknown sound in allowed sound config: naturalist:entity.firefly.hurt
[00:46:54] [Worker-ResourceReload-3/INFO]: Unknown sound in allowed sound config: alexsmobs:blue_jay_hurt
[00:46:54] [Worker-ResourceReload-3/INFO]: Unknown sound in allowed sound config: alexsmobs:mungus_idle
[00:46:54] [Worker-ResourceReload-3/INFO]: Unknown sound in allowed sound config: enhancedcelestials:harvest_moon
[00:46:54] [Worker-ResourceReload-3/INFO]: Unknown sound in allowed sound config: naturalist:entity.hippo.hurt
[00:46:54] [Worker-ResourceReload-3/INFO]: Unknown sound in allowed sound config: car:car_crash
[00:46:54] [Worker-ResourceReload-3/INFO]: Unknown sound in allowed sound config: cold_sweat:entity.chameleon.shed
[00:46:54] [Worker-ResourceReload-3/INFO]: Unknown sound in allowed sound config: alexsmobs:leafcutter_ant_queen_hurt
[00:46:54] [Worker-ResourceReload-3/INFO]: Unknown sound in allowed sound config: alexsmobs:rocky_roller_earthquake
[00:46:54] [Worker-ResourceReload-3/INFO]: Unknown sound in allowed sound config: alexsmobs:maraca
[00:46:54] [Worker-ResourceReload-3/INFO]: Unknown sound in allowed sound config: alexsmobs:april_fools_scream
[00:46:54] [Worker-ResourceReload-3/INFO]: Unknown sound in allowed sound config: alexsmobs:seagull_idle
[00:46:54] [Worker-ResourceReload-3/INFO]: Unknown sound in allowed sound config: chalk:item.chalk_broken
[00:46:54] [Worker-ResourceReload-3/INFO]: Unknown sound in allowed sound config: mutationcraft:humanstagesliving
[00:46:54] [Worker-ResourceReload-3/INFO]: Unknown sound in allowed sound config: mutationcraft:assimilatedfoxliving
[00:46:54] [Worker-ResourceReload-3/INFO]: Unknown sound in allowed sound config: alexsmobs:rattlesnake_loop
[00:46:54] [Worker-ResourceReload-3/INFO]: Unknown sound in allowed sound config: vinery:block.wine_rack_3.close
[00:46:54] [Worker-ResourceReload-3/INFO]: Unknown sound in allowed sound config: mutationcraft:queendies
[00:46:54] [Worker-ResourceReload-3/INFO]: Unknown sound in allowed sound config: alexsmobs:bone_serpent_hurt
[00:46:54] [Worker-ResourceReload-3/INFO]: Unknown sound in allowed sound config: alexsmobs:straddler_hurt
[00:46:54] [Worker-ResourceReload-3/INFO]: Unknown sound in allowed sound config: alexsmobs:devils_hole_pupfish_hurt
[00:46:54] [Worker-ResourceReload-3/INFO]: Unknown sound in allowed sound config: naturalist:entity.elephant.ambient
[00:46:54] [Worker-ResourceReload-3/INFO]: Unknown sound in allowed sound config: naturalist:entity.tortoise.hurt
[00:46:54] [Worker-ResourceReload-3/INFO]: Unknown sound in allowed sound config: alexsmobs:elephant_idle
[00:46:54] [Worker-ResourceReload-3/INFO]: Unknown sound in allowed sound config: alexsmobs:murmur_anger
[00:46:54] [Worker-ResourceReload-2/INFO]: Loading Xaero's World Map - Stage 1/2
[00:46:54] [Worker-ResourceReload-3/INFO]: Unknown sound in allowed sound config: alexsmobs:skelewag_idle
[00:46:54] [Worker-ResourceReload-3/INFO]: Unknown sound in allowed sound config: mutationcraft:teleport2
[00:46:54] [Worker-ResourceReload-3/INFO]: Unknown sound in allowed sound config: mutationcraft:teleport1
[00:46:54] [Worker-ResourceReload-3/INFO]: Unknown sound in allowed sound config: naturalist:entity.bear.ambient
[00:46:54] [Worker-ResourceReload-3/INFO]: Unknown sound in allowed sound config: alexsmobs:rocky_roller_idle
[00:46:54] [Worker-ResourceReload-3/INFO]: Unknown sound in allowed sound config: eclipticseasons:ambient.windy_leave
[00:46:54] [Worker-ResourceReload-3/INFO]: Unknown sound in allowed sound config: alexsmobs:hummingbird_idle
[00:46:54] [Worker-ResourceReload-3/INFO]: Unknown sound in allowed sound config: vinery:block.wine_rack_3.open
[00:46:54] [Worker-ResourceReload-3/INFO]: Unknown sound in allowed sound config: naturalist:entity.firefly.death
[00:46:54] [Worker-ResourceReload-3/INFO]: Unknown sound in allowed sound config: alexsmobs:flutter_yes
[00:46:54] [Worker-ResourceReload-3/INFO]: Unknown sound in allowed sound config: alexsmobs:crow_idle
[00:46:54] [Worker-ResourceReload-3/INFO]: Unknown sound in allowed sound config: candlelight:pan_frying
[00:46:54] [Worker-ResourceReload-3/INFO]: Unknown sound in allowed sound config: alexsmobs:bison_hurt
[00:46:54] [Worker-ResourceReload-3/INFO]: Unknown sound in allowed sound config: alexsmobs:lobster_attack
[00:46:54] [Worker-ResourceReload-3/INFO]: Unknown sound in allowed sound config: mutationcraft:humanherdersteps
[00:46:54] [Worker-ResourceReload-3/INFO]: Unknown sound in allowed sound config: alexsmobs:potoo_hurt
[00:46:54] [Worker-ResourceReload-3/INFO]: Unknown sound in allowed sound config: alexsmobs:roadrunner_hurt
[00:46:54] [Worker-ResourceReload-3/INFO]: Unknown sound in allowed sound config: car:sport_engine_stop
[00:46:54] [Worker-ResourceReload-3/INFO]: Unknown sound in allowed sound config: naturalist:entity.bass.flop
[00:46:54] [Worker-ResourceReload-3/INFO]: Unknown sound in allowed sound config: alexsmobs:void_portal_open
[00:46:54] [Worker-ResourceReload-3/INFO]: Unknown sound in allowed sound config: alexsmobs:skunk_idle
[00:46:54] [Worker-ResourceReload-3/INFO]: Unknown sound in allowed sound config: naturalist:entity.deer.hurt_baby
[00:46:54] [Worker-ResourceReload-3/INFO]: Unknown sound in allowed sound config: createbigcannons:fire_big_cannon_compounded_2
[00:46:54] [Worker-ResourceReload-3/INFO]: Unknown sound in allowed sound config: alexsmobs:flutter_idle
[00:46:54] [Worker-ResourceReload-3/INFO]: Unknown sound in allowed sound config: createbigcannons:fire_big_cannon_compounded_1
[00:46:54] [Worker-ResourceReload-3/INFO]: Unknown sound in allowed sound config: naturalist:entity.bird.ambient_finch
[00:46:54] [Worker-ResourceReload-3/INFO]: Unknown sound in allowed sound config: parcool:parcool.disable
[00:46:54] [Worker-ResourceReload-3/INFO]: Unknown sound in allowed sound config: alexsmobs:rhinoceros_idle
[00:46:54] [Worker-ResourceReload-3/INFO]: Unknown sound in allowed sound config: naturalist:entity.tortoise.hide
[00:46:54] [Worker-ResourceReload-3/INFO]: Unknown sound in allowed sound config: alexsmobs:tasmanian_devil_idle
[00:46:54] [Worker-ResourceReload-3/INFO]: Unknown sound in allowed sound config: naturalist:entity.bird.ambient_sparrow
[00:46:54] [Worker-ResourceReload-3/INFO]: Unknown sound in allowed sound config: alexsmobs:emu_idle
[00:46:54] [Worker-ResourceReload-3/INFO]: Unknown sound in allowed sound config: alexsmobs:bunfungus_hurt
[00:46:54] [Worker-ResourceReload-3/INFO]: Unknown sound in allowed sound config: naturalist:entity.tortoise.egg_crack
[00:46:54] [Worker-ResourceReload-3/INFO]: Unknown sound in allowed sound config: alexsmobs:warped_mosco_hurt
[00:46:54] [Worker-ResourceReload-3/INFO]: Unknown sound in allowed sound config: alexsmobs:mantis_shrimp_snap
[00:46:54] [Worker-ResourceReload-3/INFO]: Unknown sound in allowed sound config: alexsmobs:kangaroo_idle
[00:46:54] [Worker-ResourceReload-3/INFO]: Unknown sound in allowed sound config: mutationcraft:assimilatedpolarbeardeath
[00:46:54] [Worker-ResourceReload-3/INFO]: Unknown sound in allowed sound config: naturalist:entity.boar.death
[00:46:54] [Worker-ResourceReload-3/INFO]: Unknown sound in allowed sound config: alexsmobs:endergrade_hurt
[00:46:54] [Worker-ResourceReload-3/INFO]: Unknown sound in allowed sound config: alexsmobs:enderiophage_squish
[00:46:54] [Worker-ResourceReload-3/INFO]: Unknown sound in allowed sound config: alexsmobs:soul_vulture_hurt
[00:46:54] [Worker-ResourceReload-3/INFO]: Unknown sound in allowed sound config: mutationcraft:donkeyliving
[00:46:54] [Worker-ResourceReload-3/INFO]: Unknown sound in allowed sound config: mutationcraft:assimilatedcreeperliving
[00:46:54] [Worker-ResourceReload-3/INFO]: Unknown sound in allowed sound config: alexsmobs:sunbird_hurt
[00:46:54] [Worker-ResourceReload-3/INFO]: Unknown sound in allowed sound config: alexsmobs:capuchin_monkey_hurt
[00:46:54] [Worker-ResourceReload-3/INFO]: Unknown sound in allowed sound config: undead_revamp2:cloggerdies
[00:46:54] [Worker-ResourceReload-3/INFO]: Unknown sound in allowed sound config: naturalist:entity.snail.back
[00:46:54] [Worker-ResourceReload-3/INFO]: Unknown sound in allowed sound config: naturalist:entity.deer.ambient
[00:46:54] [Worker-ResourceReload-3/INFO]: Unknown sound in allowed sound config: alexsmobs:mosquito_capsid_convert
[00:46:54] [Worker-ResourceReload-3/INFO]: Unknown sound in allowed sound config: alexsmobs:centipede_attack
[00:46:54] [Worker-ResourceReload-3/INFO]: Unknown sound in allowed sound config: cold_sweat:entity.chameleon.tongue.in
[00:46:54] [Worker-ResourceReload-3/INFO]: Unknown sound in allowed sound config: naturalist:entity.dragonfly.loop
[00:46:54] [Worker-ResourceReload-3/INFO]: Unknown sound in allowed sound config: alexsmobs:elephant_walk
[00:46:54] [Worker-ResourceReload-3/INFO]: Unknown sound in allowed sound config: naturalist:entity.vulture.hurt
[00:46:54] [Worker-ResourceReload-3/INFO]: Unknown sound in allowed sound config: mutationcraft:resentergrowlliving
[00:46:54] [Worker-ResourceReload-3/INFO]: Unknown sound in allowed sound config: alexsmobs:cachalot_whale_idle
[00:46:54] [Worker-ResourceReload-3/INFO]: Unknown sound in allowed sound config: mutationcraft:correctdeath
[00:46:54] [Worker-ResourceReload-3/INFO]: Unknown sound in allowed sound config: vinery:block.wine_rack_5.open
[00:46:54] [Worker-ResourceReload-3/INFO]: Unknown sound in allowed sound config: naturalist:entity.alligator.ambient_baby
[00:46:54] [Worker-ResourceReload-3/INFO]: Unknown sound in allowed sound config: alexsmobs:skunk_spray
[00:46:54] [Worker-ResourceReload-3/INFO]: Unknown sound in allowed sound config: alexsmobs:void_worm_idle
[00:46:54] [Worker-ResourceReload-3/INFO]: Unknown sound in allowed sound config: parcool:parcool.enable
[00:46:54] [Worker-ResourceReload-8/INFO]: [voicechat] Loading Opus
[00:46:54] [Worker-ResourceReload-3/INFO]: Unknown sound in allowed sound config: naturalist:entity.vulture.ambient
[00:46:54] [Worker-ResourceReload-3/INFO]: Unknown sound in allowed sound config: mutationcraft:evokerliving
[00:46:54] [Worker-ResourceReload-3/INFO]: Unknown sound in allowed sound config: alexsmobs:tasmanian_devil_roar
[00:46:54] [Worker-ResourceReload-3/INFO]: Unknown sound in allowed sound config: alexsmobs:mungus_laser_end
[00:46:54] [Worker-ResourceReload-3/INFO]: Unknown sound in allowed sound config: alexsmobs:flutter_flap
[00:46:54] [Worker-ResourceReload-3/INFO]: Unknown sound in allowed sound config: car:truck_engine_high
[00:46:54] [Worker-ResourceReload-3/INFO]: Unknown sound in allowed sound config: mutationcraft:humanherderscream
[00:46:54] [Worker-ResourceReload-3/INFO]: Unknown sound in allowed sound config: mutationcraft:flamethrowerburn
[00:46:54] [Worker-ResourceReload-3/INFO]: Unknown sound in allowed sound config: alexsmobs:tarantula_hawk_wing
[00:46:54] [Worker-ResourceReload-3/INFO]: Unknown sound in allowed sound config: mutationcraft:queenliving
[00:46:54] [Worker-ResourceReload-3/INFO]: Unknown sound in allowed sound config: alexsmobs:stink_ray
[00:46:54] [Worker-ResourceReload-3/INFO]: Unknown sound in allowed sound config: alexsmobs:murmur_hurt
[00:46:54] [Worker-ResourceReload-3/INFO]: Unknown sound in allowed sound config: alexsmobs:sculk_boomer
[00:46:54] [Worker-ResourceReload-3/INFO]: Unknown sound in allowed sound config: naturalist:entity.bird.eat
[00:46:54] [Worker-ResourceReload-3/INFO]: Unknown sound in allowed sound config: cold_sweat:entity.player.damage.freeze
[00:46:54] [Worker-ResourceReload-3/INFO]: Unknown sound in allowed sound config: naturalist:entity.zebra.ambient
[00:46:54] [Worker-ResourceReload-3/INFO]: Unknown sound in allowed sound config: alexsmobs:mudskipper_spit
[00:46:54] [Worker-ResourceReload-3/INFO]: Unknown sound in allowed sound config: alexsmobs:farseer_idle
[00:46:54] [Worker-ResourceReload-3/INFO]: Unknown sound in allowed sound config: alexsmobs:enderiophage_walk
[00:46:54] [Worker-ResourceReload-14/INFO]: Tab sfiomn.legendarytabs.client.tabs_menu.XaerosMapTab registered
[00:46:54] [Worker-ResourceReload-3/INFO]: Using Cloth Config GUI
[00:46:54] [Worker-ResourceReload-14/INFO]: Tab sfiomn.legendarytabs.client.tabs_menu.DietTab registered
[00:46:54] [Worker-ResourceReload-3/INFO]: [LambDynLights] Initializing SodiumDynamicLights...
[00:46:54] [Worker-ResourceReload-14/INFO]: Tab sfiomn.legendarytabs.client.tabs_menu.PufferfishsSkillsTab registered
[00:46:54] [Worker-ResourceReload-7/INFO]: HELLO FROM CLIENT SETUP
[00:46:54] [Worker-ResourceReload-7/INFO]: MINECRAFT NAME >> iLelesan
[00:46:54] [Worker-ResourceReload-8/INFO]: Reloading ResourceManager: vanilla, tacz_resources, mod_resources, Moonlight Mods Dynamic Assets, fabric, hordes-config, file/-1.21.2 Fresh Moves v3.1 (No Animated Eyes).zip, file/Itsme64's no potion particles [1.5.1].zip, file/LAP_1.20.1_0.5CSM.zip, file/TZP_1.20.1_2.7.zip, file/§6No Enchant Glint 1.20.1.zip, file/Deceasedcraft Screen Tweak 1.20.1.zip, file/MandalasGUI+Dakmode_1.20.1.zip, file/Lopy-Create-Pipez.zip, scholar:colored_books, scholar:chiseled_bookshelf_colored_books, cnpcs
[00:46:54] [Render thread/WARN]: @Final field shadeSwapVertices:Lit/unimi/dsi/fastutil/ints/IntList; in createbetterfps.mixins.json:ShadedBlockSbbBuilderMixin from mod createbetterfps should be final
[00:46:56] [Render thread/INFO]: Initializing Patchouli custom templates...
[00:46:56] [Render thread/INFO]: Loading Xaero's Minimap - Stage 2/2
[00:46:56] [Render thread/INFO]: Registered player tracker system: minimap_synced
[00:46:56] [Render thread/INFO]: Xaero's Minimap: World Map found!
[00:46:56] [Render thread/INFO]: Registered player tracker system: openpartiesandclaims
[00:46:56] [Render thread/INFO]: Xaero's Minimap: Open Parties And Claims found!
[00:46:56] [Render thread/INFO]: No Optifine!
[00:46:56] [Render thread/INFO]: Xaero's Minimap: No Vivecraft!
[00:46:56] [Render thread/INFO]: Xaero's Minimap: Iris found!
[00:46:56] [Render thread/INFO]: Loading Xaero's World Map - Stage 2/2
[00:46:56] [Render thread/INFO]: New world map region cache hash code: -384928215
[00:46:56] [Render thread/INFO]: Registered player tracker system: map_synced
[00:46:56] [Render thread/INFO]: Xaero's WorldMap Mod: Xaero's minimap found!
[00:46:56] [Render thread/INFO]: Registered player tracker system: minimap_synced
[00:46:56] [Render thread/INFO]: Registered player tracker system: openpartiesandclaims
[00:46:56] [Render thread/INFO]: Xaero's WorldMap Mod: Open Parties And Claims found!
[00:46:56] [Render thread/INFO]: No Optifine!
[00:46:56] [Render thread/INFO]: Xaero's World Map: No Vivecraft!
[00:46:56] [Render thread/INFO]: Xaero's World Map: Iris found!
[00:46:56] [Worker-ResourceReload-13/INFO]: Sound of Rain mod load complete
[00:46:56] [Worker-ResourceReload-12/INFO]: ASB MESSAGE: Loading armor sets and bonuses
[00:46:56] [Worker-ResourceReload-0/INFO]: Registering plugin for Shoulder Surfing Reloaded (shouldersurfing)
[00:46:56] [Worker-ResourceReload-14/INFO]: Loaded values for 70 compatible attributes.
[00:46:56] [Worker-ResourceReload-14/INFO]: Loaded 85 values from config.
[00:46:56] [Worker-ResourceReload-14/INFO]: Saving config file. 85 entries.
[00:46:56] [Worker-ResourceReload-14/INFO]: Applying changes for 85 attributes.
[00:46:56] [Worker-ResourceReload-12/INFO]: ASB MESSAGE: Loading armor set: armors.anarchist.title
[00:46:56] [Worker-ResourceReload-0/INFO]: Registering compatibility callback for CREATE
[00:46:56] [Worker-ResourceReload-0/INFO]: Registering compatibility callback for CURIOS
[00:46:56] [Worker-ResourceReload-12/INFO]: ASB MESSAGE: Loading armor set: armors.army_general.title
[00:46:56] [Worker-ResourceReload-12/INFO]: ASB MESSAGE: Loading armor set: armors.national_army.title
[00:46:56] [Worker-ResourceReload-0/INFO]: Registering plugin for Third Person Shooting: Zero (tp_shooting)
[00:46:56] [Worker-ResourceReload-12/INFO]: ASB MESSAGE: Loading armor set: armors.un_army.title
[00:46:56] [Worker-ResourceReload-12/INFO]: ASB MESSAGE: Loading armor set: armors.bombsquad.title
[00:46:56] [Worker-ResourceReload-12/INFO]: ASB MESSAGE: Loading armor set: armors.construction.title
[00:46:56] [Worker-ResourceReload-12/INFO]: ASB MESSAGE: Loading armor set: armors.fighter.title
[00:46:56] [Worker-ResourceReload-12/INFO]: ASB MESSAGE: Loading armor set: armors.fire_fighter.title
[00:46:56] [Worker-ResourceReload-0/INFO]: Registering plugin for ParCool! (parcool)
[00:46:56] [Worker-ResourceReload-12/INFO]: ASB MESSAGE: Loading armor set: armors.football.title
[00:46:56] [Worker-ResourceReload-12/INFO]: ASB MESSAGE: Loading armor set: armors.forest_guard.title
[00:46:56] [Worker-ResourceReload-12/INFO]: ASB MESSAGE: Loading armor set: armors.forest_ghillie.title
[00:46:56] [Worker-ResourceReload-12/INFO]: ASB MESSAGE: Loading armor set: armors.sand_ghillie.title
[00:46:56] [Worker-ResourceReload-0/INFO]: Freezing plugin registrar
[00:46:56] [Worker-ResourceReload-12/INFO]: ASB MESSAGE: Loading armor set: armors.snow_ghillie.title
[00:46:56] [Worker-ResourceReload-12/INFO]: ASB MESSAGE: Loading armor set: armors.radiation.title
[00:46:56] [Worker-ResourceReload-12/INFO]: ASB MESSAGE: Loading armor set: armors.hunting.title
[00:46:56] [Worker-ResourceReload-12/INFO]: ASB MESSAGE: Loading armor set: armors.juggernaut.title
[00:46:56] [Worker-ResourceReload-12/INFO]: ASB MESSAGE: Loading armor set: armors.military_riot.title
[00:46:56] [Worker-ResourceReload-12/INFO]: ASB MESSAGE: Loading armor set: armors.military_urban.title
[00:46:56] [Worker-ResourceReload-12/INFO]: ASB MESSAGE: Loading armor set: armors.nurse.title
[00:46:56] [Worker-ResourceReload-12/INFO]: ASB MESSAGE: Loading armor set: armors.police.title
[00:46:56] [Worker-ResourceReload-12/INFO]: ASB MESSAGE: Loading armor set: armors.royal_police.title
[00:46:56] [Worker-ResourceReload-12/INFO]: ASB MESSAGE: Loading armor set: armors.soldier.title
[00:46:56] [Worker-ResourceReload-12/INFO]: ASB MESSAGE: Loading armor set: armors.spec_ops.title
[00:46:56] [Worker-ResourceReload-12/INFO]: ASB MESSAGE: Loading armor set: armors.swat.title
[00:46:56] [Worker-ResourceReload-12/INFO]: ASB MESSAGE: Loading armor set: armors.swat_riot.title
[00:46:56] [Worker-ResourceReload-12/INFO]: ASB MESSAGE: Loading armor set: armors.biohazard.title
[00:46:56] [Worker-ResourceReload-12/INFO]: ASB MESSAGE: Loading armor set: armors.hazmat.title
[00:46:56] [Worker-ResourceReload-12/INFO]: ASB MESSAGE: Finished loading a total of 27 armor sets and bonuses with 0 errors.
[00:46:56] [Worker-ResourceReload-12/INFO]: Registering C2S receiver with id spacecatasb:networking_channel/695c919422d23ac1913883a5d4c7eaa6
[00:46:56] [Worker-ResourceReload-12/INFO]: Registering S2C receiver with id spacecatasb:networking_channel/695c919422d23ac1913883a5d4c7eaa6
[00:46:56] [Worker-ResourceReload-12/INFO]: Registering C2S receiver with id spacecatasb:networking_channel/e12f8dbf5c503667968bd7f26c6d6251
[00:46:56] [Worker-ResourceReload-12/INFO]: Registering S2C receiver with id spacecatasb:networking_channel/e12f8dbf5c503667968bd7f26c6d6251
[00:46:57] [Worker-ResourceReload-3/INFO]: Registering Ponder Scenes took 470.7 ms
[00:46:57] [Worker-ResourceReload-3/INFO]: Registering Ponder Tags took 36.47 ms
[00:46:57] [Render thread/INFO]: Successfully loaded config provider: com.mrcrayfish.configured.impl.forge.ForgeConfigProvider
[00:46:57] [Render thread/INFO]: Successfully loaded config provider: com.mrcrayfish.configured.impl.framework.FrameworkConfigProvider
[00:46:57] [Render thread/INFO]: Successfully loaded config provider: com.mrcrayfish.configured.impl.jei.JeiConfigProvider
[00:46:57] [Render thread/INFO]: Successfully loaded config provider: com.anthonyhilyard.iceberg.compat.configured.IcebergConfigProvider
[00:46:57] [Render thread/INFO]: Creating config GUI factories...
[00:46:57] [Render thread/INFO]: Registering config factory for mod globalgamerules. Found 1 config(s)
[00:46:57] [Render thread/INFO]: Registering config factory for mod openpartiesandclaims. Found 1 config(s)
[00:46:57] [Render thread/INFO]: Registering config factory for mod sodiumextras. Found 1 config(s)
[00:46:57] [Render thread/INFO]: Registering config factory for mod rsmixin. Found 1 config(s)
[00:46:57] [Render thread/INFO]: Registering config factory for mod plushie_buddies. Found 1 config(s)
[00:46:57] [Render thread/INFO]: Registering config factory for mod createdieselgenerators. Found 3 config(s)
[00:46:57] [Render thread/INFO]: Registering config factory for mod hordes. Found 2 config(s)
[00:46:57] [Render thread/INFO]: Registering config factory for mod balm. Found 2 config(s)
[00:46:57] [Render thread/INFO]: Registering config factory for mod exposure. Found 2 config(s)
[00:46:57] [Render thread/INFO]: Registering config factory for mod refinedstorage. Found 2 config(s)
[00:46:57] [Render thread/INFO]: Registering config factory for mod corpse. Found 1 config(s)
[00:46:57] [Render thread/INFO]: Registering config factory for mod advancementplaques. Found 1 config(s)
[00:46:57] [Render thread/INFO]: Registering config factory for mod fancytrinkets. Found 1 config(s)
[00:46:57] [Render thread/INFO]: Registering config factory for mod bcc. Found 1 config(s)
[00:46:57] [Render thread/INFO]: Registering config factory for mod loot_journal. Found 1 config(s)
[00:46:57] [Render thread/INFO]: Registering config factory for mod highlighter. Found 1 config(s)
[00:46:57] [Render thread/INFO]: Registering config factory for mod curios. Found 3 config(s)
[00:46:57] [Render thread/INFO]: Registering config factory for mod armorpointspp. Found 1 config(s)
[00:46:57] [Render thread/INFO]: Registering config factory for mod legendarytabs. Found 1 config(s)
[00:46:57] [Render thread/INFO]: Registering config factory for mod cfm. Found 2 config(s)
[00:46:57] [Render thread/INFO]: Registering config factory for mod enhancedai. Found 1 config(s)
[00:46:57] [Render thread/INFO]: Registering config factory for mod soundofrain. Found 1 config(s)
[00:46:57] [Render thread/INFO]: Registering config factory for mod mobtimizations. Found 2 config(s)
[00:46:57] [Render thread/INFO]: Registering config factory for mod fastleafdecay. Found 1 config(s)
[00:46:57] [Render thread/INFO]: Registering config factory for mod stylisheffects. Found 1 config(s)
[00:46:57] [Render thread/INFO]: Registering config factory for mod salwayseat. Found 1 config(s)
[00:46:57] [Render thread/INFO]: Registering config factory for mod cgm. Found 3 config(s)
[00:46:57] [Render thread/INFO]: Registering config factory for mod harvest_with_ease. Found 1 config(s)
[00:46:57] [Render thread/INFO]: Registering config factory for mod jei. Found 5 config(s)
[00:46:57] [Render thread/INFO]: Registering config factory for mod nameless_trinkets. Found 1 config(s)
[00:46:57] [Render thread/INFO]: Registering config factory for mod naturescompass. Found 2 config(s)
[00:46:57] [Render thread/INFO]: Registering config factory for mod scholar. Found 2 config(s)
[00:46:57] [Render thread/INFO]: Registering config factory for mod corpsecurioscompat. Found 1 config(s)
[00:46:57] [Render thread/INFO]: Registering config factory for mod forge. Found 2 config(s)
[00:46:57] [Render thread/INFO]: Registering config factory for mod chalk. Found 2 config(s)
[00:46:57] [Render thread/INFO]: Registering config factory for mod undead_revamp2. Found 1 config(s)
[00:46:57] [Render thread/INFO]: Registering config factory for mod logbegone. Found 1 config(s)
[00:46:57] [Render thread/INFO]: Registering config factory for mod theoneprobe. Found 2 config(s)
[00:46:57] [Render thread/INFO]: Registering config factory for mod shouldersurfing. Found 1 config(s)
[00:46:57] [Render thread/INFO]: Registering config factory for mod fastpaintings. Found 1 config(s)
[00:46:57] [Render thread/INFO]: Registering config factory for mod cfm_wap. Found 1 config(s)
[00:46:57] [Render thread/INFO]: Registering config factory for mod pipez. Found 1 config(s)
[00:46:57] [Render thread/INFO]: Registering config factory for mod flywheel. Found 1 config(s)
[00:46:57] [Render thread/INFO]: Registering config factory for mod bocchium. Found 1 config(s)
[00:46:57] [Render thread/INFO]: Registering config factory for mod securitycraft. Found 2 config(s)
[00:46:57] [Render thread/INFO]: Registering config factory for mod zeta. Found 1 config(s)
[00:46:57] [Render thread/INFO]: Registering config factory for mod crittersandcompanions. Found 1 config(s)
[00:46:57] [Render thread/INFO]: Registering config factory for mod appleskin. Found 1 config(s)
[00:46:57] [Render thread/INFO]: Registering config factory for mod lootr. Found 2 config(s)
[00:46:57] [Render thread/INFO]: Registering config factory for mod extremesoundmuffler. Found 1 config(s)
[00:46:57] [Render thread/INFO]: Registering config factory for mod apoc_patches. Found 1 config(s)
[00:46:57] [Render thread/INFO]: Registering config factory for mod cosmeticarmorreworked. Found 2 config(s)
[00:46:57] [Render thread/INFO]: Registering config factory for mod explosiveenhancement. Found 1 config(s)
[00:46:57] [Render thread/INFO]: Registering config factory for mod defaultoptions. Found 1 config(s)
[00:46:57] [Render thread/INFO]: Registering config factory for mod xpbook. Found 1 config(s)
[00:46:57] [Render thread/INFO]: Registering config factory for mod refueled. Found 2 config(s)
[00:46:57] [Render thread/INFO]: Registering config factory for mod v_slab_compat. Found 2 config(s)
[00:46:57] [Render thread/INFO]: Registering config factory for mod incontrol. Found 1 config(s)
[00:46:57] [Render thread/INFO]: Registering config factory for mod sophisticatedcore. Found 2 config(s)
[00:46:57] [Render thread/INFO]: Registering config factory for mod insanelib. Found 1 config(s)
[00:46:57] [Render thread/INFO]: Registering config factory for mod ritchiesprojectilelib. Found 1 config(s)
[00:46:57] [Render thread/INFO]: Registering config factory for mod zombieawareness. Found 5 config(s)
[00:46:57] [Render thread/INFO]: Registering config factory for mod create_central_kitchen. Found 1 config(s)
[00:46:57] [Render thread/INFO]: Registering config factory for mod sophisticatedbackpacks. Found 2 config(s)
[00:46:57] [Render thread/INFO]: Registering config factory for mod simpleplanes. Found 2 config(s)
[00:46:57] [Render thread/INFO]: Registering config factory for mod carryon. Found 2 config(s)
[00:46:57] [Render thread/INFO]: Registering config factory for mod lostradar. Found 2 config(s)
[00:46:57] [Render thread/INFO]: Registering config factory for mod dummmmmmy. Found 2 config(s)
[00:46:57] [Render thread/INFO]: Registering config factory for mod sodiumdynamiclights. Found 1 config(s)
[00:46:57] [Render thread/INFO]: Registering config factory for mod equipmentcompare. Found 1 config(s)
[00:46:57] [Render thread/INFO]: Registering config factory for mod farmersdelight. Found 2 config(s)
[00:46:57] [Render thread/INFO]: Registering config factory for mod getittogetherdrops. Found 1 config(s)
[00:46:57] [Render thread/INFO]: Registering config factory for mod apocalypsenow. Found 1 config(s)
[00:46:57] [Render thread/INFO]: Registering config factory for mod lostsouls. Found 1 config(s)
[00:46:57] [Render thread/INFO]: Registering config factory for mod tp_shooting. Found 1 config(s)
[00:46:57] [Render thread/INFO]: Registering config factory for mod modelfix. Found 1 config(s)
[00:46:57] [Render thread/INFO]: Registering config factory for mod patchouli. Found 1 config(s)
[00:46:57] [Render thread/INFO]: Registering config factory for mod ytongame_hostingmenu. Found 1 config(s)
[00:46:57] [Render thread/INFO]: Registering config factory for mod lostcities. Found 2 config(s)
[00:46:57] [Render thread/INFO]: Registering config factory for mod legendarysurvivaloverhaul. Found 2 config(s)
[00:46:57] [Render thread/INFO]: Registering config factory for mod create_hypertube. Found 2 config(s)
[00:46:57] [Render thread/INFO]: Registering config factory for mod immersivelanterns. Found 1 config(s)
[00:46:57] [Render thread/INFO]: Registering config factory for mod aiimprovements. Found 1 config(s)
[00:46:57] [Render thread/INFO]: Registering config factory for mod bigreactors. Found 2 config(s)
[00:46:57] [Render thread/INFO]: Registering config factory for mod refurbished_furniture. Found 2 config(s)
[00:46:57] [Render thread/INFO]: Registering config factory for mod binocularsmod. Found 1 config(s)
[00:46:57] [Render thread/INFO]: Registering config factory for mod controllable. Found 1 config(s)
[00:46:57] [Render thread/INFO]: Registering config factory for mod betteradvancements. Found 1 config(s)
[00:46:57] [Render thread/INFO]: Registering config factory for mod trashslot. Found 1 config(s)
[00:46:57] [Render thread/INFO]: Registering config factory for mod buildersdelight. Found 1 config(s)
[00:46:57] [Render thread/INFO]: Registering config factory for mod weaponthrow. Found 1 config(s)
[00:46:57] [Render thread/INFO]: Registering config factory for mod ezvcsurvival. Found 2 config(s)
[00:46:57] [Render thread/INFO]: Registering config factory for mod particular. Found 1 config(s)
[00:46:57] [Render thread/INFO]: Registering config factory for mod mcjtylib. Found 2 config(s)
[00:46:57] [Render thread/INFO]: Registering config factory for mod mapperbase. Found 1 config(s)
[00:46:57] [Render thread/INFO]: Registering config factory for mod watut. Found 3 config(s)
[00:46:57] [Render thread/INFO]: Registering config factory for mod travelerstitles. Found 1 config(s)
[00:46:57] [Render thread/INFO]: Registering config factory for mod lostworlds. Found 1 config(s)
[00:46:57] [Render thread/INFO]: Registering config factory for mod extragore. Found 1 config(s)
[00:46:57] [Render thread/INFO]: Registering config factory for mod moonlight. Found 1 config(s)
[00:46:57] [Render thread/INFO]: Registering config factory for mod displaydelight. Found 1 config(s)
[00:46:57] [Render thread/INFO]: Registering config factory for mod rocks. Found 1 config(s)
[00:46:57] [Render thread/INFO]: Registering config factory for mod create_sa. Found 1 config(s)
[00:46:57] [Render thread/INFO]: Registering config factory for mod mobsunscreen. Found 1 config(s)
[00:46:57] [Render thread/INFO]: Registering config factory for mod storagedrawers. Found 2 config(s)
[00:46:57] [Render thread/INFO]: Registering config factory for mod parcool. Found 2 config(s)
[00:46:57] [Render thread/INFO]: Registering config factory for mod coroutil. Found 1 config(s)
[00:46:57] [Render thread/INFO]: Registering config factory for mod spore. Found 2 config(s)
[00:46:57] [Render thread/INFO]: Registering config factory for mod solcarrot. Found 2 config(s)
[00:46:57] [Render thread/INFO]: Registering config factory for mod colorwheel. Found 1 config(s)
[00:46:57] [Render thread/INFO]: Registering config factory for mod refinedstorageaddons. Found 1 config(s)
[00:46:57] [Render thread/INFO]: Registering config factory for mod vanillin. Found 1 config(s)
[00:46:57] [Render thread/INFO]: Registering config factory for mod createaddition. Found 1 config(s)
[00:46:58] [Render thread/INFO]: Loaded 301 default key bindings.
[00:46:58] [Render thread/INFO]: Applied 299 defaults to key mappings (0 keys were reconfigured).
[00:46:58] [Render thread/INFO]: Loaded default options for keymappings
[00:46:58] [Render thread/INFO]: Added resource packs: [vanilla, tacz_resources, mod_resources, Moonlight Mods Dynamic Assets, fabric, hordes-config, file/-1.21.2 Fresh Moves v3.1 (No Animated Eyes).zip, file/Itsme64's no potion particles [1.5.1].zip, file/LAP_1.20.1_0.5CSM.zip, file/TZP_1.20.1_2.7.zip, file/§6No Enchant Glint 1.20.1.zip, file/Deceasedcraft Screen Tweak 1.20.1.zip, file/MandalasGUI+Dakmode_1.20.1.zip, file/Lopy-Create-Pipez.zip, scholar:colored_books, scholar:chiseled_bookshelf_colored_books]
[00:46:58] [Render thread/WARN]: Missing sound for event: minecraft:item.goat_horn.play
[00:46:58] [Render thread/WARN]: Missing sound for event: minecraft:entity.goat.screaming.horn_break
[00:46:58] [Render thread/WARN]: Missing sound for event: naturalist:tortoise_hurt
[00:46:58] [Render thread/WARN]: Missing sound for event: naturalist:tortoise_death
[00:46:58] [Render thread/WARN]: Missing sound for event: naturalist:rubber_ducky_death
[00:46:58] [Render thread/WARN]: Missing sound for event: sounds:item.hard_metal.hold
[00:46:58] [Render thread/WARN]: Missing sound for event: sounds:item.shiny_metal.hold
[00:46:58] [Render thread/INFO]: OpenAL initialized on device OpenAL Soft on Alto-falantes (MOONDROP Rays)
[00:46:58] [Render thread/INFO]: Initializing Sound Physics
[00:46:58] [Render thread/INFO]: EFX Extension recognized
[00:46:58] [Render thread/INFO]: Max auxiliary sends: 4
[00:46:58] [Render thread/INFO]: Aux slot 1 created
[00:46:58] [Render thread/INFO]: Aux slot 2 created
[00:46:58] [Render thread/INFO]: Aux slot 3 created
[00:46:58] [Render thread/INFO]: Aux slot 4 created
[00:46:58] [Render thread/INFO]: EFX ready
[00:46:58] [Render thread/INFO]: Sound engine started
[00:46:58] [Render thread/INFO]: [FANCYMENU] Reloading AudioResourceHandler after Minecraft SoundEngine reload..
[00:46:58] [Render thread/INFO]: Created: 4096x4096x4 minecraft:textures/atlas/blocks.png-atlas
[00:46:58] [Render thread/INFO]: Created: 512x512x4 minecraft:textures/atlas/signs.png-atlas
[00:46:58] [Render thread/INFO]: Created: 512x512x4 minecraft:textures/atlas/shield_patterns.png-atlas
[00:46:58] [Render thread/INFO]: Created: 512x512x4 minecraft:textures/atlas/banner_patterns.png-atlas
[00:46:58] [Render thread/INFO]: Created: 64x64x4 refurbished_furniture:textures/atlas/tv_channels.png-atlas
[00:46:58] [Render thread/INFO]: Created: 2048x1024x4 minecraft:textures/atlas/armor_trims.png-atlas
[00:46:58] [Render thread/INFO]: Created: 128x64x4 minecraft:textures/atlas/decorated_pot.png-atlas
[00:46:58] [Render thread/INFO]: Created: 1024x1024x4 minecraft:textures/atlas/chest.png-atlas
[00:46:58] [Render thread/INFO]: Created: 512x256x4 minecraft:textures/atlas/beds.png-atlas
[00:46:58] [Render thread/INFO]: Created: 512x256x4 minecraft:textures/atlas/shulker_boxes.png-atlas
[00:46:58] [Render thread/INFO]: Portable Grid Models baked!
[00:47:00] [Render thread/WARN]: Could not apply custom armor to entity type minecraft:area_effect_cloud: class net.minecraft.client.renderer.entity.NoopRenderer cannot be cast to class net.minecraft.client.renderer.entity.LivingEntityRenderer (net.minecraft.client.renderer.entity.NoopRenderer and net.minecraft.client.renderer.entity.LivingEntityRenderer are in module minecraft@1.20.1 of loader 'TRANSFORMER' @3f02dc34)
[00:47:00] [Render thread/WARN]: Could not apply custom armor to entity type minecraft:arrow: class net.minecraft.client.renderer.entity.TippableArrowRenderer cannot be cast to class net.minecraft.client.renderer.entity.LivingEntityRenderer (net.minecraft.client.renderer.entity.TippableArrowRenderer and net.minecraft.client.renderer.entity.LivingEntityRenderer are in module minecraft@1.20.1 of loader 'TRANSFORMER' @3f02dc34)
[00:47:00] [Render thread/WARN]: Could not apply custom armor to entity type minecraft:block_display: class net.minecraft.client.renderer.entity.DisplayRenderer$BlockDisplayRenderer cannot be cast to class net.minecraft.client.renderer.entity.LivingEntityRenderer (net.minecraft.client.renderer.entity.DisplayRenderer$BlockDisplayRenderer and net.minecraft.client.renderer.entity.LivingEntityRenderer are in module minecraft@1.20.1 of loader 'TRANSFORMER' @3f02dc34)
[00:47:00] [Render thread/WARN]: Could not apply custom armor to entity type minecraft:boat: class net.minecraft.client.renderer.entity.BoatRenderer cannot be cast to class net.minecraft.client.renderer.entity.LivingEntityRenderer (net.minecraft.client.renderer.entity.BoatRenderer and net.minecraft.client.renderer.entity.LivingEntityRenderer are in module minecraft@1.20.1 of loader 'TRANSFORMER' @3f02dc34)
[00:47:00] [Render thread/WARN]: Could not apply custom armor to entity type minecraft:chest_boat: class net.minecraft.client.renderer.entity.BoatRenderer cannot be cast to class net.minecraft.client.renderer.entity.LivingEntityRenderer (net.minecraft.client.renderer.entity.BoatRenderer and net.minecraft.client.renderer.entity.LivingEntityRenderer are in module minecraft@1.20.1 of loader 'TRANSFORMER' @3f02dc34)
[00:47:00] [Render thread/WARN]: Could not apply custom armor to entity type minecraft:chest_minecart: class net.minecraft.client.renderer.entity.MinecartRenderer cannot be cast to class net.minecraft.client.renderer.entity.LivingEntityRenderer (net.minecraft.client.renderer.entity.MinecartRenderer and net.minecraft.client.renderer.entity.LivingEntityRenderer are in module minecraft@1.20.1 of loader 'TRANSFORMER' @3f02dc34)
[00:47:00] [Render thread/WARN]: Could not apply custom armor to entity type minecraft:command_block_minecart: class net.minecraft.client.renderer.entity.MinecartRenderer cannot be cast to class net.minecraft.client.renderer.entity.LivingEntityRenderer (net.minecraft.client.renderer.entity.MinecartRenderer and net.minecraft.client.renderer.entity.LivingEntityRenderer are in module minecraft@1.20.1 of loader 'TRANSFORMER' @3f02dc34)
[00:47:00] [Render thread/WARN]: Could not apply custom armor to entity type minecraft:dragon_fireball: class net.minecraft.client.renderer.entity.DragonFireballRenderer cannot be cast to class net.minecraft.client.renderer.entity.LivingEntityRenderer (net.minecraft.client.renderer.entity.DragonFireballRenderer and net.minecraft.client.renderer.entity.LivingEntityRenderer are in module minecraft@1.20.1 of loader 'TRANSFORMER' @3f02dc34)
[00:47:00] [Render thread/WARN]: Could not apply custom armor to entity type minecraft:egg: class net.minecraft.client.renderer.entity.ThrownItemRenderer cannot be cast to class net.minecraft.client.renderer.entity.LivingEntityRenderer (net.minecraft.client.renderer.entity.ThrownItemRenderer and net.minecraft.client.renderer.entity.LivingEntityRenderer are in module minecraft@1.20.1 of loader 'TRANSFORMER' @3f02dc34)
[00:47:00] [Render thread/WARN]: Could not apply custom armor to entity type minecraft:end_crystal: class net.minecraft.client.renderer.entity.EndCrystalRenderer cannot be cast to class net.minecraft.client.renderer.entity.LivingEntityRenderer (net.minecraft.client.renderer.entity.EndCrystalRenderer and net.minecraft.client.renderer.entity.LivingEntityRenderer are in module minecraft@1.20.1 of loader 'TRANSFORMER' @3f02dc34)
[00:47:00] [Render thread/WARN]: Could not apply custom armor to entity type minecraft:ender_dragon: class net.minecraft.client.renderer.entity.EnderDragonRenderer cannot be cast to class net.minecraft.client.renderer.entity.LivingEntityRenderer (net.minecraft.client.renderer.entity.EnderDragonRenderer and net.minecraft.client.renderer.entity.LivingEntityRenderer are in module minecraft@1.20.1 of loader 'TRANSFORMER' @3f02dc34)
[00:47:00] [Render thread/WARN]: Could not apply custom armor to entity type minecraft:ender_pearl: class net.minecraft.client.renderer.entity.ThrownItemRenderer cannot be cast to class net.minecraft.client.renderer.entity.LivingEntityRenderer (net.minecraft.client.renderer.entity.ThrownItemRenderer and net.minecraft.client.renderer.entity.LivingEntityRenderer are in module minecraft@1.20.1 of loader 'TRANSFORMER' @3f02dc34)
[00:47:00] [Render thread/WARN]: Could not apply custom armor to entity type minecraft:evoker_fangs: class net.minecraft.client.renderer.entity.EvokerFangsRenderer cannot be cast to class net.minecraft.client.renderer.entity.LivingEntityRenderer (net.minecraft.client.renderer.entity.EvokerFangsRenderer and net.minecraft.client.renderer.entity.LivingEntityRenderer are in module minecraft@1.20.1 of loader 'TRANSFORMER' @3f02dc34)
[00:47:00] [Render thread/WARN]: Could not apply custom armor to entity type minecraft:experience_bottle: class net.minecraft.client.renderer.entity.ThrownItemRenderer cannot be cast to class net.minecraft.client.renderer.entity.LivingEntityRenderer (net.minecraft.client.renderer.entity.ThrownItemRenderer and net.minecraft.client.renderer.entity.LivingEntityRenderer are in module minecraft@1.20.1 of loader 'TRANSFORMER' @3f02dc34)
[00:47:00] [Render thread/WARN]: Could not apply custom armor to entity type minecraft:experience_orb: class net.minecraft.client.renderer.entity.ExperienceOrbRenderer cannot be cast to class net.minecraft.client.renderer.entity.LivingEntityRenderer (net.minecraft.client.renderer.entity.ExperienceOrbRenderer and net.minecraft.client.renderer.entity.LivingEntityRenderer are in module minecraft@1.20.1 of loader 'TRANSFORMER' @3f02dc34)
[00:47:00] [Render thread/WARN]: Could not apply custom armor to entity type minecraft:eye_of_ender: class net.minecraft.client.renderer.entity.ThrownItemRenderer cannot be cast to class net.minecraft.client.renderer.entity.LivingEntityRenderer (net.minecraft.client.renderer.entity.ThrownItemRenderer and net.minecraft.client.renderer.entity.LivingEntityRenderer are in module minecraft@1.20.1 of loader 'TRANSFORMER' @3f02dc34)
[00:47:00] [Render thread/WARN]: Could not apply custom armor to entity type minecraft:falling_block: class net.minecraft.client.renderer.entity.FallingBlockRenderer cannot be cast to class net.minecraft.client.renderer.entity.LivingEntityRenderer (net.minecraft.client.renderer.entity.FallingBlockRenderer and net.minecraft.client.renderer.entity.LivingEntityRenderer are in module minecraft@1.20.1 of loader 'TRANSFORMER' @3f02dc34)
[00:47:00] [Render thread/WARN]: Could not apply custom armor to entity type minecraft:firework_rocket: class net.minecraft.client.renderer.entity.FireworkEntityRenderer cannot be cast to class net.minecraft.client.renderer.entity.LivingEntityRenderer (net.minecraft.client.renderer.entity.FireworkEntityRenderer and net.minecraft.client.renderer.entity.LivingEntityRenderer are in module minecraft@1.20.1 of loader 'TRANSFORMER' @3f02dc34)
[00:47:00] [Render thread/WARN]: Could not apply custom armor to entity type minecraft:furnace_minecart: class net.minecraft.client.renderer.entity.MinecartRenderer cannot be cast to class net.minecraft.client.renderer.entity.LivingEntityRenderer (net.minecraft.client.renderer.entity.MinecartRenderer and net.minecraft.client.renderer.entity.LivingEntityRenderer are in module minecraft@1.20.1 of loader 'TRANSFORMER' @3f02dc34)
[00:47:00] [Render thread/WARN]: Could not apply custom armor to entity type minecraft:glow_item_frame: class net.minecraft.client.renderer.entity.ItemFrameRenderer cannot be cast to class net.minecraft.client.renderer.entity.LivingEntityRenderer (net.minecraft.client.renderer.entity.ItemFrameRenderer and net.minecraft.client.renderer.entity.LivingEntityRenderer are in module minecraft@1.20.1 of loader 'TRANSFORMER' @3f02dc34)
[00:47:00] [Render thread/WARN]: Could not apply custom armor to entity type minecraft:hopper_minecart: class net.minecraft.client.renderer.entity.MinecartRenderer cannot be cast to class net.minecraft.client.renderer.entity.LivingEntityRenderer (net.minecraft.client.renderer.entity.MinecartRenderer and net.minecraft.client.renderer.entity.LivingEntityRenderer are in module minecraft@1.20.1 of loader 'TRANSFORMER' @3f02dc34)
[00:47:00] [Render thread/WARN]: Could not apply custom armor to entity type minecraft:interaction: class net.minecraft.client.renderer.entity.NoopRenderer cannot be cast to class net.minecraft.client.renderer.entity.LivingEntityRenderer (net.minecraft.client.renderer.entity.NoopRenderer and net.minecraft.client.renderer.entity.LivingEntityRenderer are in module minecraft@1.20.1 of loader 'TRANSFORMER' @3f02dc34)
[00:47:00] [Render thread/WARN]: Could not apply custom armor to entity type minecraft:item: class net.minecraft.client.renderer.entity.ItemEntityRenderer cannot be cast to class net.minecraft.client.renderer.entity.LivingEntityRenderer (net.minecraft.client.renderer.entity.ItemEntityRenderer and net.minecraft.client.renderer.entity.LivingEntityRenderer are in module minecraft@1.20.1 of loader 'TRANSFORMER' @3f02dc34)
[00:47:00] [Render thread/WARN]: Could not apply custom armor to entity type minecraft:item_display: class net.minecraft.client.renderer.entity.DisplayRenderer$ItemDisplayRenderer cannot be cast to class net.minecraft.client.renderer.entity.LivingEntityRenderer (net.minecraft.client.renderer.entity.DisplayRenderer$ItemDisplayRenderer and net.minecraft.client.renderer.entity.LivingEntityRenderer are in module minecraft@1.20.1 of loader 'TRANSFORMER' @3f02dc34)
[00:47:00] [Render thread/WARN]: Could not apply custom armor to entity type minecraft:item_frame: class net.minecraft.client.renderer.entity.ItemFrameRenderer cannot be cast to class net.minecraft.client.renderer.entity.LivingEntityRenderer (net.minecraft.client.renderer.entity.ItemFrameRenderer and net.minecraft.client.renderer.entity.LivingEntityRenderer are in module minecraft@1.20.1 of loader 'TRANSFORMER' @3f02dc34)
[00:47:00] [Render thread/WARN]: Could not apply custom armor to entity type minecraft:fireball: class net.minecraft.client.renderer.entity.ThrownItemRenderer cannot be cast to class net.minecraft.client.renderer.entity.LivingEntityRenderer (net.minecraft.client.renderer.entity.ThrownItemRenderer and net.minecraft.client.renderer.entity.LivingEntityRenderer are in module minecraft@1.20.1 of loader 'TRANSFORMER' @3f02dc34)
[00:47:00] [Render thread/WARN]: Could not apply custom armor to entity type minecraft:leash_knot: class net.minecraft.client.renderer.entity.LeashKnotRenderer cannot be cast to class net.minecraft.client.renderer.entity.LivingEntityRenderer (net.minecraft.client.renderer.entity.LeashKnotRenderer and net.minecraft.client.renderer.entity.LivingEntityRenderer are in module minecraft@1.20.1 of loader 'TRANSFORMER' @3f02dc34)
[00:47:00] [Render thread/WARN]: Could not apply custom armor to entity type minecraft:lightning_bolt: class net.minecraft.client.renderer.entity.LightningBoltRenderer cannot be cast to class net.minecraft.client.renderer.entity.LivingEntityRenderer (net.minecraft.client.renderer.entity.LightningBoltRenderer and net.minecraft.client.renderer.entity.LivingEntityRenderer are in module minecraft@1.20.1 of loader 'TRANSFORMER' @3f02dc34)
[00:47:00] [Render thread/WARN]: Could not apply custom armor to entity type minecraft:llama_spit: class net.minecraft.client.renderer.entity.LlamaSpitRenderer cannot be cast to class net.minecraft.client.renderer.entity.LivingEntityRenderer (net.minecraft.client.renderer.entity.LlamaSpitRenderer and net.minecraft.client.renderer.entity.LivingEntityRenderer are in module minecraft@1.20.1 of loader 'TRANSFORMER' @3f02dc34)
[00:47:00] [Render thread/WARN]: Could not apply custom armor to entity type minecraft:marker: class net.minecraft.client.renderer.entity.NoopRenderer cannot be cast to class net.minecraft.client.renderer.entity.LivingEntityRenderer (net.minecraft.client.renderer.entity.NoopRenderer and net.minecraft.client.renderer.entity.LivingEntityRenderer are in module minecraft@1.20.1 of loader 'TRANSFORMER' @3f02dc34)
[00:47:00] [Render thread/WARN]: Could not apply custom armor to entity type minecraft:minecart: class net.minecraft.client.renderer.entity.MinecartRenderer cannot be cast to class net.minecraft.client.renderer.entity.LivingEntityRenderer (net.minecraft.client.renderer.entity.MinecartRenderer and net.minecraft.client.renderer.entity.LivingEntityRenderer are in module minecraft@1.20.1 of loader 'TRANSFORMER' @3f02dc34)
[00:47:00] [Render thread/WARN]: Could not apply custom armor to entity type minecraft:painting: class net.minecraft.client.renderer.entity.PaintingRenderer cannot be cast to class net.minecraft.client.renderer.entity.LivingEntityRenderer (net.minecraft.client.renderer.entity.PaintingRenderer and net.minecraft.client.renderer.entity.LivingEntityRenderer are in module minecraft@1.20.1 of loader 'TRANSFORMER' @3f02dc34)
[00:47:00] [Render thread/WARN]: Could not apply custom armor to entity type minecraft:potion: class net.minecraft.client.renderer.entity.ThrownItemRenderer cannot be cast to class net.minecraft.client.renderer.entity.LivingEntityRenderer (net.minecraft.client.renderer.entity.ThrownItemRenderer and net.minecraft.client.renderer.entity.LivingEntityRenderer are in module minecraft@1.20.1 of loader 'TRANSFORMER' @3f02dc34)
[00:47:00] [Render thread/WARN]: Could not apply custom armor to entity type minecraft:shulker_bullet: class net.minecraft.client.renderer.entity.ShulkerBulletRenderer cannot be cast to class net.minecraft.client.renderer.entity.LivingEntityRenderer (net.minecraft.client.renderer.entity.ShulkerBulletRenderer and net.minecraft.client.renderer.entity.LivingEntityRenderer are in module minecraft@1.20.1 of loader 'TRANSFORMER' @3f02dc34)
[00:47:00] [Render thread/WARN]: Could not apply custom armor to entity type minecraft:small_fireball: class net.minecraft.client.renderer.entity.ThrownItemRenderer cannot be cast to class net.minecraft.client.renderer.entity.LivingEntityRenderer (net.minecraft.client.renderer.entity.ThrownItemRenderer and net.minecraft.client.renderer.entity.LivingEntityRenderer are in module minecraft@1.20.1 of loader 'TRANSFORMER' @3f02dc34)
[00:47:00] [Render thread/WARN]: Could not apply custom armor to entity type minecraft:snowball: class net.minecraft.client.renderer.entity.ThrownItemRenderer cannot be cast to class net.minecraft.client.renderer.entity.LivingEntityRenderer (net.minecraft.client.renderer.entity.ThrownItemRenderer and net.minecraft.client.renderer.entity.LivingEntityRenderer are in module minecraft@1.20.1 of loader 'TRANSFORMER' @3f02dc34)
[00:47:00] [Render thread/WARN]: Could not apply custom armor to entity type minecraft:spawner_minecart: class net.minecraft.client.renderer.entity.MinecartRenderer cannot be cast to class net.minecraft.client.renderer.entity.LivingEntityRenderer (net.minecraft.client.renderer.entity.MinecartRenderer and net.minecraft.client.renderer.entity.LivingEntityRenderer are in module minecraft@1.20.1 of loader 'TRANSFORMER' @3f02dc34)
[00:47:00] [Render thread/WARN]: Could not apply custom armor to entity type minecraft:spectral_arrow: class net.minecraft.client.renderer.entity.SpectralArrowRenderer cannot be cast to class net.minecraft.client.renderer.entity.LivingEntityRenderer (net.minecraft.client.renderer.entity.SpectralArrowRenderer and net.minecraft.client.renderer.entity.LivingEntityRenderer are in module minecraft@1.20.1 of loader 'TRANSFORMER' @3f02dc34)
[00:47:00] [Render thread/WARN]: Could not apply custom armor to entity type minecraft:text_display: class net.minecraft.client.renderer.entity.DisplayRenderer$TextDisplayRenderer cannot be cast to class net.minecraft.client.renderer.entity.LivingEntityRenderer (net.minecraft.client.renderer.entity.DisplayRenderer$TextDisplayRenderer and net.minecraft.client.renderer.entity.LivingEntityRenderer are in module minecraft@1.20.1 of loader 'TRANSFORMER' @3f02dc34)
[00:47:00] [Render thread/WARN]: Could not apply custom armor to entity type minecraft:tnt: class net.minecraft.client.renderer.entity.TntRenderer cannot be cast to class net.minecraft.client.renderer.entity.LivingEntityRenderer (net.minecraft.client.renderer.entity.TntRenderer and net.minecraft.client.renderer.entity.LivingEntityRenderer are in module minecraft@1.20.1 of loader 'TRANSFORMER' @3f02dc34)
[00:47:00] [Render thread/WARN]: Could not apply custom armor to entity type minecraft:tnt_minecart: class net.minecraft.client.renderer.entity.TntMinecartRenderer cannot be cast to class net.minecraft.client.renderer.entity.LivingEntityRenderer (net.minecraft.client.renderer.entity.TntMinecartRenderer and net.minecraft.client.renderer.entity.LivingEntityRenderer are in module minecraft@1.20.1 of loader 'TRANSFORMER' @3f02dc34)
[00:47:00] [Render thread/WARN]: Could not apply custom armor to entity type minecraft:trident: class net.minecraft.client.renderer.entity.ThrownTridentRenderer cannot be cast to class net.minecraft.client.renderer.entity.LivingEntityRenderer (net.minecraft.client.renderer.entity.ThrownTridentRenderer and net.minecraft.client.renderer.entity.LivingEntityRenderer are in module minecraft@1.20.1 of loader 'TRANSFORMER' @3f02dc34)
[00:47:00] [Render thread/WARN]: Could not apply custom armor to entity type minecraft:wither_skull: class net.minecraft.client.renderer.entity.WitherSkullRenderer cannot be cast to class net.minecraft.client.renderer.entity.LivingEntityRenderer (net.minecraft.client.renderer.entity.WitherSkullRenderer and net.minecraft.client.renderer.entity.LivingEntityRenderer are in module minecraft@1.20.1 of loader 'TRANSFORMER' @3f02dc34)
[00:47:00] [Render thread/WARN]: Could not apply custom armor to entity type minecraft:fishing_bobber: class net.minecraft.client.renderer.entity.FishingHookRenderer cannot be cast to class net.minecraft.client.renderer.entity.LivingEntityRenderer (net.minecraft.client.renderer.entity.FishingHookRenderer and net.minecraft.client.renderer.entity.LivingEntityRenderer are in module minecraft@1.20.1 of loader 'TRANSFORMER' @3f02dc34)
[00:47:00] [Render thread/WARN]: Could not apply custom armor to entity type createdieselgenerators:chemical_sprayer_projectile: class com.jesz.createdieselgenerators.content.tools.ChemicalSprayerProjectileRenderer cannot be cast to class net.minecraft.client.renderer.entity.LivingEntityRenderer (com.jesz.createdieselgenerators.content.tools.ChemicalSprayerProjectileRenderer is in module createdieselgenerators@1.20.1-1.3.5 of loader 'TRANSFORMER' @3f02dc34; net.minecraft.client.renderer.entity.LivingEntityRenderer is in module minecraft@1.20.1 of loader 'TRANSFORMER' @3f02dc34)
[00:47:00] [Render thread/WARN]: Could not apply custom armor to entity type exposure:photograph: class io.github.mortuusars.exposure.render.PhotographEntityRenderer cannot be cast to class net.minecraft.client.renderer.entity.LivingEntityRenderer (io.github.mortuusars.exposure.render.PhotographEntityRenderer is in module exposure@1.7.16 of loader 'TRANSFORMER' @3f02dc34; net.minecraft.client.renderer.entity.LivingEntityRenderer is in module minecraft@1.20.1 of loader 'TRANSFORMER' @3f02dc34)
[00:47:00] [Render thread/WARN]: Could not apply custom armor to entity type exposure:photograph_frame: class io.github.mortuusars.exposure.render.PhotographFrameEntityRenderer cannot be cast to class net.minecraft.client.renderer.entity.LivingEntityRenderer (io.github.mortuusars.exposure.render.PhotographFrameEntityRenderer is in module exposure@1.7.16 of loader 'TRANSFORMER' @3f02dc34; net.minecraft.client.renderer.entity.LivingEntityRenderer is in module minecraft@1.20.1 of loader 'TRANSFORMER' @3f02dc34)
[00:47:00] [Render thread/WARN]: Could not apply custom armor to entity type corpse:corpse: class de.maxhenkel.corpse.entities.CorpseRenderer cannot be cast to class net.minecraft.client.renderer.entity.LivingEntityRenderer (de.maxhenkel.corpse.entities.CorpseRenderer is in module corpse@1.20.1-1.0.21 of loader 'TRANSFORMER' @3f02dc34; net.minecraft.client.renderer.entity.LivingEntityRenderer is in module minecraft@1.20.1 of loader 'TRANSFORMER' @3f02dc34)
[00:47:00] [Render thread/WARN]: Could not apply custom armor to entity type cfm:seat: class com.mrcrayfish.furniture.client.renderer.SeatRenderer cannot be cast to class net.minecraft.client.renderer.entity.LivingEntityRenderer (com.mrcrayfish.furniture.client.renderer.SeatRenderer is in module cfm@7.0.0-pre36 of loader 'TRANSFORMER' @3f02dc34; net.minecraft.client.renderer.entity.LivingEntityRenderer is in module minecraft@1.20.1 of loader 'TRANSFORMER' @3f02dc34)
[00:47:00] [Render thread/WARN]: Could not apply custom armor to entity type enhancedai:thrown_web: class net.minecraft.client.renderer.entity.ThrownItemRenderer cannot be cast to class net.minecraft.client.renderer.entity.LivingEntityRenderer (net.minecraft.client.renderer.entity.ThrownItemRenderer and net.minecraft.client.renderer.entity.LivingEntityRenderer are in module minecraft@1.20.1 of loader 'TRANSFORMER' @3f02dc34)
[00:47:00] [Render thread/WARN]: Could not apply custom armor to entity type enhancedai:fishing_hook: class insane96mcp.enhancedai.modules.mobs.fisher.FishingHookRenderer cannot be cast to class net.minecraft.client.renderer.entity.LivingEntityRenderer (insane96mcp.enhancedai.modules.mobs.fisher.FishingHookRenderer is in module enhancedai@2.6.8 of loader 'TRANSFORMER' @3f02dc34; net.minecraft.client.renderer.entity.LivingEntityRenderer is in module minecraft@1.20.1 of loader 'TRANSFORMER' @3f02dc34)
[00:47:00] [Render thread/WARN]: Could not apply custom armor to entity type undead_revamp2:bomber: class net.mcreator.undeadrevamp.client.renderer.BomberRenderer cannot be cast to class net.minecraft.client.renderer.entity.LivingEntityRenderer (net.mcreator.undeadrevamp.client.renderer.BomberRenderer is in module undead_revamp2@1.0.1 of loader 'TRANSFORMER' @3f02dc34; net.minecraft.client.renderer.entity.LivingEntityRenderer is in module minecraft@1.20.1 of loader 'TRANSFORMER' @3f02dc34)
[00:47:00] [Render thread/WARN]: Could not apply custom armor to entity type undead_revamp2:thespectre: class net.mcreator.undeadrevamp.client.renderer.ThespectreRenderer cannot be cast to class net.minecraft.client.renderer.entity.LivingEntityRenderer (net.mcreator.undeadrevamp.client.renderer.ThespectreRenderer is in module undead_revamp2@1.0.1 of loader 'TRANSFORMER' @3f02dc34; net.minecraft.client.renderer.entity.LivingEntityRenderer is in module minecraft@1.20.1 of loader 'TRANSFORMER' @3f02dc34)
[00:47:00] [Render thread/WARN]: Could not apply custom armor to entity type undead_revamp2:thespitter: class net.mcreator.undeadrevamp.client.renderer.ThespitterRenderer cannot be cast to class net.minecraft.client.renderer.entity.LivingEntityRenderer (net.mcreator.undeadrevamp.client.renderer.ThespitterRenderer is in module undead_revamp2@1.0.1 of loader 'TRANSFORMER' @3f02dc34; net.minecraft.client.renderer.entity.LivingEntityRenderer is in module minecraft@1.20.1 of loader 'TRANSFORMER' @3f02dc34)
[00:47:00] [Render thread/WARN]: Could not apply custom armor to entity type undead_revamp2:thehorrors: class net.mcreator.undeadrevamp.client.renderer.ThehorrorsRenderer cannot be cast to class net.minecraft.client.renderer.entity.LivingEntityRenderer (net.mcreator.undeadrevamp.client.renderer.ThehorrorsRenderer is in module undead_revamp2@1.0.1 of loader 'TRANSFORMER' @3f02dc34; net.minecraft.client.renderer.entity.LivingEntityRenderer is in module minecraft@1.20.1 of loader 'TRANSFORMER' @3f02dc34)
[00:47:00] [Render thread/WARN]: Could not apply custom armor to entity type undead_revamp2:thehorrorsdecoys: class net.mcreator.undeadrevamp.client.renderer.ThehorrorsdecoysRenderer cannot be cast to class net.minecraft.client.renderer.entity.LivingEntityRenderer (net.mcreator.undeadrevamp.client.renderer.ThehorrorsdecoysRenderer is in module undead_revamp2@1.0.1 of loader 'TRANSFORMER' @3f02dc34; net.minecraft.client.renderer.entity.LivingEntityRenderer is in module minecraft@1.20.1 of loader 'TRANSFORMER' @3f02dc34)
[00:47:00] [Render thread/WARN]: Could not apply custom armor to entity type undead_revamp2:thesmoker: class net.mcreator.undeadrevamp.client.renderer.ThesmokerRenderer cannot be cast to class net.minecraft.client.renderer.entity.LivingEntityRenderer (net.mcreator.undeadrevamp.client.renderer.ThesmokerRenderer is in module undead_revamp2@1.0.1 of loader 'TRANSFORMER' @3f02dc34; net.minecraft.client.renderer.entity.LivingEntityRenderer is in module minecraft@1.20.1 of loader 'TRANSFORMER' @3f02dc34)
[00:47:00] [Render thread/WARN]: Could not apply custom armor to entity type undead_revamp2:the_moonflower: class net.mcreator.undeadrevamp.client.renderer.TheMoonflowerRenderer cannot be cast to class net.minecraft.client.renderer.entity.LivingEntityRenderer (net.mcreator.undeadrevamp.client.renderer.TheMoonflowerRenderer is in module undead_revamp2@1.0.1 of loader 'TRANSFORMER' @3f02dc34; net.minecraft.client.renderer.entity.LivingEntityRenderer is in module minecraft@1.20.1 of loader 'TRANSFORMER' @3f02dc34)
[00:47:00] [Render thread/WARN]: Could not apply custom armor to entity type undead_revamp2:sucker: class net.mcreator.undeadrevamp.client.renderer.SuckerRenderer cannot be cast to class net.minecraft.client.renderer.entity.LivingEntityRenderer (net.mcreator.undeadrevamp.client.renderer.SuckerRenderer is in module undead_revamp2@1.0.1 of loader 'TRANSFORMER' @3f02dc34; net.minecraft.client.renderer.entity.LivingEntityRenderer is in module minecraft@1.20.1 of loader 'TRANSFORMER' @3f02dc34)
[00:47:00] [Render thread/WARN]: Could not apply custom armor to entity type undead_revamp2:thehunter: class net.mcreator.undeadrevamp.client.renderer.ThehunterRenderer cannot be cast to class net.minecraft.client.renderer.entity.LivingEntityRenderer (net.mcreator.undeadrevamp.client.renderer.ThehunterRenderer is in module undead_revamp2@1.0.1 of loader 'TRANSFORMER' @3f02dc34; net.minecraft.client.renderer.entity.LivingEntityRenderer is in module minecraft@1.20.1 of loader 'TRANSFORMER' @3f02dc34)
[00:47:00] [Render thread/WARN]: Could not apply custom armor to entity type undead_revamp2:thebeartamer: class net.mcreator.undeadrevamp.client.renderer.ThebeartamerRenderer cannot be cast to class net.minecraft.client.renderer.entity.LivingEntityRenderer (net.mcreator.undeadrevamp.client.renderer.ThebeartamerRenderer is in module undead_revamp2@1.0.1 of loader 'TRANSFORMER' @3f02dc34; net.minecraft.client.renderer.entity.LivingEntityRenderer is in module minecraft@1.20.1 of loader 'TRANSFORMER' @3f02dc34)
[00:47:00] [Render thread/WARN]: Could not apply custom armor to entity type undead_revamp2:thewolf: class net.mcreator.undeadrevamp.client.renderer.ThewolfRenderer cannot be cast to class net.minecraft.client.renderer.entity.LivingEntityRenderer (net.mcreator.undeadrevamp.client.renderer.ThewolfRenderer is in module undead_revamp2@1.0.1 of loader 'TRANSFORMER' @3f02dc34; net.minecraft.client.renderer.entity.LivingEntityRenderer is in module minecraft@1.20.1 of loader 'TRANSFORMER' @3f02dc34)
[00:47:00] [Render thread/WARN]: Could not apply custom armor to entity type undead_revamp2:axestrom: class net.mcreator.undeadrevamp.client.renderer.AxestromRenderer cannot be cast to class net.minecraft.client.renderer.entity.LivingEntityRenderer (net.mcreator.undeadrevamp.client.renderer.AxestromRenderer is in module undead_revamp2@1.0.1 of loader 'TRANSFORMER' @3f02dc34; net.minecraft.client.renderer.entity.LivingEntityRenderer is in module minecraft@1.20.1 of loader 'TRANSFORMER' @3f02dc34)
[00:47:00] [Render thread/WARN]: Could not apply custom armor to entity type undead_revamp2:theordure: class net.mcreator.undeadrevamp.client.renderer.TheordureRenderer cannot be cast to class net.minecraft.client.renderer.entity.LivingEntityRenderer (net.mcreator.undeadrevamp.client.renderer.TheordureRenderer is in module undead_revamp2@1.0.1 of loader 'TRANSFORMER' @3f02dc34; net.minecraft.client.renderer.entity.LivingEntityRenderer is in module minecraft@1.20.1 of loader 'TRANSFORMER' @3f02dc34)
[00:47:00] [Render thread/WARN]: Could not apply custom armor to entity type undead_revamp2:crackleball: class net.mcreator.undeadrevamp.client.renderer.CrackleballRenderer cannot be cast to class net.minecraft.client.renderer.entity.LivingEntityRenderer (net.mcreator.undeadrevamp.client.renderer.CrackleballRenderer is in module undead_revamp2@1.0.1 of loader 'TRANSFORMER' @3f02dc34; net.minecraft.client.renderer.entity.LivingEntityRenderer is in module minecraft@1.20.1 of loader 'TRANSFORMER' @3f02dc34)
[00:47:00] [Render thread/WARN]: Could not apply custom armor to entity type undead_revamp2:theswarmer: class net.mcreator.undeadrevamp.client.renderer.TheswarmerRenderer cannot be cast to class net.minecraft.client.renderer.entity.LivingEntityRenderer (net.mcreator.undeadrevamp.client.renderer.TheswarmerRenderer is in module undead_revamp2@1.0.1 of loader 'TRANSFORMER' @3f02dc34; net.minecraft.client.renderer.entity.LivingEntityRenderer is in module minecraft@1.20.1 of loader 'TRANSFORMER' @3f02dc34)
[00:47:00] [Render thread/WARN]: Could not apply custom armor to entity type undead_revamp2:thebidy: class net.mcreator.undeadrevamp.client.renderer.ThebidyRenderer cannot be cast to class net.minecraft.client.renderer.entity.LivingEntityRenderer (net.mcreator.undeadrevamp.client.renderer.ThebidyRenderer is in module undead_revamp2@1.0.1 of loader 'TRANSFORMER' @3f02dc34; net.minecraft.client.renderer.entity.LivingEntityRenderer is in module minecraft@1.20.1 of loader 'TRANSFORMER' @3f02dc34)
[00:47:00] [Render thread/WARN]: Could not apply custom armor to entity type undead_revamp2:invisiblebidy: class net.mcreator.undeadrevamp.client.renderer.INVISIBLEBIDYRenderer cannot be cast to class net.minecraft.client.renderer.entity.LivingEntityRenderer (net.mcreator.undeadrevamp.client.renderer.INVISIBLEBIDYRenderer is in module undead_revamp2@1.0.1 of loader 'TRANSFORMER' @3f02dc34; net.minecraft.client.renderer.entity.LivingEntityRenderer is in module minecraft@1.20.1 of loader 'TRANSFORMER' @3f02dc34)
[00:47:00] [Render thread/WARN]: Could not apply custom armor to entity type undead_revamp2:thebidyupside: class net.mcreator.undeadrevamp.client.renderer.ThebidyupsideRenderer cannot be cast to class net.minecraft.client.renderer.entity.LivingEntityRenderer (net.mcreator.undeadrevamp.client.renderer.ThebidyupsideRenderer is in module undead_revamp2@1.0.1 of loader 'TRANSFORMER' @3f02dc34; net.minecraft.client.renderer.entity.LivingEntityRenderer is in module minecraft@1.20.1 of loader 'TRANSFORMER' @3f02dc34)
[00:47:00] [Render thread/WARN]: Could not apply custom armor to entity type undead_revamp2:thepregnant: class net.mcreator.undeadrevamp.client.renderer.ThepregnantRenderer cannot be cast to class net.minecraft.client.renderer.entity.LivingEntityRenderer (net.mcreator.undeadrevamp.client.renderer.ThepregnantRenderer is in module undead_revamp2@1.0.1 of loader 'TRANSFORMER' @3f02dc34; net.minecraft.client.renderer.entity.LivingEntityRenderer is in module minecraft@1.20.1 of loader 'TRANSFORMER' @3f02dc34)
[00:47:00] [Render thread/WARN]: Could not apply custom armor to entity type undead_revamp2:therod: class net.mcreator.undeadrevamp.client.renderer.TherodRenderer cannot be cast to class net.minecraft.client.renderer.entity.LivingEntityRenderer (net.mcreator.undeadrevamp.client.renderer.TherodRenderer is in module undead_revamp2@1.0.1 of loader 'TRANSFORMER' @3f02dc34; net.minecraft.client.renderer.entity.LivingEntityRenderer is in module minecraft@1.20.1 of loader 'TRANSFORMER' @3f02dc34)
[00:47:00] [Render thread/WARN]: Could not apply custom armor to entity type undead_revamp2:thegliter: class net.mcreator.undeadrevamp.client.renderer.ThegliterRenderer cannot be cast to class net.minecraft.client.renderer.entity.LivingEntityRenderer (net.mcreator.undeadrevamp.client.renderer.ThegliterRenderer is in module undead_revamp2@1.0.1 of loader 'TRANSFORMER' @3f02dc34; net.minecraft.client.renderer.entity.LivingEntityRenderer is in module minecraft@1.20.1 of loader 'TRANSFORMER' @3f02dc34)
[00:47:00] [Render thread/WARN]: Could not apply custom armor to entity type undead_revamp2:theheavy: class net.mcreator.undeadrevamp.client.renderer.TheheavyRenderer cannot be cast to class net.minecraft.client.renderer.entity.LivingEntityRenderer (net.mcreator.undeadrevamp.client.renderer.TheheavyRenderer is in module undead_revamp2@1.0.1 of loader 'TRANSFORMER' @3f02dc34; net.minecraft.client.renderer.entity.LivingEntityRenderer is in module minecraft@1.20.1 of loader 'TRANSFORMER' @3f02dc34)
[00:47:00] [Render thread/WARN]: Could not apply custom armor to entity type undead_revamp2:clogger: class net.mcreator.undeadrevamp.client.renderer.CloggerRenderer cannot be cast to class net.minecraft.client.renderer.entity.LivingEntityRenderer (net.mcreator.undeadrevamp.client.renderer.CloggerRenderer is in module undead_revamp2@1.0.1 of loader 'TRANSFORMER' @3f02dc34; net.minecraft.client.renderer.entity.LivingEntityRenderer is in module minecraft@1.20.1 of loader 'TRANSFORMER' @3f02dc34)
[00:47:00] [Render thread/WARN]: Could not apply custom armor to entity type undead_revamp2:invisiclogger: class net.mcreator.undeadrevamp.client.renderer.InvisicloggerRenderer cannot be cast to class net.minecraft.client.renderer.entity.LivingEntityRenderer (net.mcreator.undeadrevamp.client.renderer.InvisicloggerRenderer is in module undead_revamp2@1.0.1 of loader 'TRANSFORMER' @3f02dc34; net.minecraft.client.renderer.entity.LivingEntityRenderer is in module minecraft@1.20.1 of loader 'TRANSFORMER' @3f02dc34)
[00:47:00] [Render thread/WARN]: Could not apply custom armor to entity type undead_revamp2:propball_1: class net.mcreator.undeadrevamp.client.renderer.Propball1Renderer cannot be cast to class net.minecraft.client.renderer.entity.LivingEntityRenderer (net.mcreator.undeadrevamp.client.renderer.Propball1Renderer is in module undead_revamp2@1.0.1 of loader 'TRANSFORMER' @3f02dc34; net.minecraft.client.renderer.entity.LivingEntityRenderer is in module minecraft@1.20.1 of loader 'TRANSFORMER' @3f02dc34)
[00:47:00] [Render thread/WARN]: Could not apply custom armor to entity type undead_revamp2:deadclogger: class net.mcreator.undeadrevamp.client.renderer.DeadcloggerRenderer cannot be cast to class net.minecraft.client.renderer.entity.LivingEntityRenderer (net.mcreator.undeadrevamp.client.renderer.DeadcloggerRenderer is in module undead_revamp2@1.0.1 of loader 'TRANSFORMER' @3f02dc34; net.minecraft.client.renderer.entity.LivingEntityRenderer is in module minecraft@1.20.1 of loader 'TRANSFORMER' @3f02dc34)
[00:47:00] [Render thread/WARN]: Could not apply custom armor to entity type undead_revamp2:theimmortal: class net.mcreator.undeadrevamp.client.renderer.TheimmortalRenderer cannot be cast to class net.minecraft.client.renderer.entity.LivingEntityRenderer (net.mcreator.undeadrevamp.client.renderer.TheimmortalRenderer is in module undead_revamp2@1.0.1 of loader 'TRANSFORMER' @3f02dc34; net.minecraft.client.renderer.entity.LivingEntityRenderer is in module minecraft@1.20.1 of loader 'TRANSFORMER' @3f02dc34)
[00:47:00] [Render thread/WARN]: Could not apply custom armor to entity type undead_revamp2:invisiimmortal: class net.mcreator.undeadrevamp.client.renderer.InvisiimmortalRenderer cannot be cast to class net.minecraft.client.renderer.entity.LivingEntityRenderer (net.mcreator.undeadrevamp.client.renderer.InvisiimmortalRenderer is in module undead_revamp2@1.0.1 of loader 'TRANSFORMER' @3f02dc34; net.minecraft.client.renderer.entity.LivingEntityRenderer is in module minecraft@1.20.1 of loader 'TRANSFORMER' @3f02dc34)
[00:47:00] [Render thread/WARN]: Could not apply custom armor to entity type undead_revamp2:spitternecc_projectile: class net.minecraft.client.renderer.entity.ThrownItemRenderer cannot be cast to class net.minecraft.client.renderer.entity.LivingEntityRenderer (net.minecraft.client.renderer.entity.ThrownItemRenderer and net.minecraft.client.renderer.entity.LivingEntityRenderer are in module minecraft@1.20.1 of loader 'TRANSFORMER' @3f02dc34)
[00:47:00] [Render thread/WARN]: Could not apply custom armor to entity type undead_revamp2:arapoholiaspray_projectile: class net.minecraft.client.renderer.entity.ThrownItemRenderer cannot be cast to class net.minecraft.client.renderer.entity.LivingEntityRenderer (net.minecraft.client.renderer.entity.ThrownItemRenderer and net.minecraft.client.renderer.entity.LivingEntityRenderer are in module minecraft@1.20.1 of loader 'TRANSFORMER' @3f02dc34)
[00:47:00] [Render thread/WARN]: Could not apply custom armor to entity type undead_revamp2:acidsack_projectile: class net.minecraft.client.renderer.entity.ThrownItemRenderer cannot be cast to class net.minecraft.client.renderer.entity.LivingEntityRenderer (net.minecraft.client.renderer.entity.ThrownItemRenderer and net.minecraft.client.renderer.entity.LivingEntityRenderer are in module minecraft@1.20.1 of loader 'TRANSFORMER' @3f02dc34)
[00:47:00] [Render thread/WARN]: Could not apply custom armor to entity type undead_revamp2:honniethrow_projectile: class net.mcreator.undeadrevamp.client.renderer.HonniethrowProjectileRenderer cannot be cast to class net.minecraft.client.renderer.entity.LivingEntityRenderer (net.mcreator.undeadrevamp.client.renderer.HonniethrowProjectileRenderer is in module undead_revamp2@1.0.1 of loader 'TRANSFORMER' @3f02dc34; net.minecraft.client.renderer.entity.LivingEntityRenderer is in module minecraft@1.20.1 of loader 'TRANSFORMER' @3f02dc34)
[00:47:00] [Render thread/WARN]: Could not apply custom armor to entity type undead_revamp2:queenbeeperfume_projectile: class net.minecraft.client.renderer.entity.ThrownItemRenderer cannot be cast to class net.minecraft.client.renderer.entity.LivingEntityRenderer (net.minecraft.client.renderer.entity.ThrownItemRenderer and net.minecraft.client.renderer.entity.LivingEntityRenderer are in module minecraft@1.20.1 of loader 'TRANSFORMER' @3f02dc34)
[00:47:00] [Render thread/WARN]: Could not apply custom armor to entity type undead_revamp2:pregnantnecc_projectile: class net.minecraft.client.renderer.entity.ThrownItemRenderer cannot be cast to class net.minecraft.client.renderer.entity.LivingEntityRenderer (net.minecraft.client.renderer.entity.ThrownItemRenderer and net.minecraft.client.renderer.entity.LivingEntityRenderer are in module minecraft@1.20.1 of loader 'TRANSFORMER' @3f02dc34)
[00:47:00] [Render thread/WARN]: Could not apply custom armor to entity type undead_revamp2:f_iresack_projectile: class net.minecraft.client.renderer.entity.ThrownItemRenderer cannot be cast to class net.minecraft.client.renderer.entity.LivingEntityRenderer (net.minecraft.client.renderer.entity.ThrownItemRenderer and net.minecraft.client.renderer.entity.LivingEntityRenderer are in module minecraft@1.20.1 of loader 'TRANSFORMER' @3f02dc34)
[00:47:00] [Render thread/WARN]: Could not apply custom armor to entity type undead_revamp2:windtext_projectile: class net.minecraft.client.renderer.entity.ThrownItemRenderer cannot be cast to class net.minecraft.client.renderer.entity.LivingEntityRenderer (net.minecraft.client.renderer.entity.ThrownItemRenderer and net.minecraft.client.renderer.entity.LivingEntityRenderer are in module minecraft@1.20.1 of loader 'TRANSFORMER' @3f02dc34)
[00:47:00] [Render thread/WARN]: Could not apply custom armor to entity type undead_revamp2:boulderthrow_projectile: class net.minecraft.client.renderer.entity.ThrownItemRenderer cannot be cast to class net.minecraft.client.renderer.entity.LivingEntityRenderer (net.minecraft.client.renderer.entity.ThrownItemRenderer and net.minecraft.client.renderer.entity.LivingEntityRenderer are in module minecraft@1.20.1 of loader 'TRANSFORMER' @3f02dc34)
[00:47:00] [Render thread/WARN]: Could not apply custom armor to entity type undead_revamp2:theskeeper: class net.mcreator.undeadrevamp.client.renderer.TheskeeperRenderer cannot be cast to class net.minecraft.client.renderer.entity.LivingEntityRenderer (net.mcreator.undeadrevamp.client.renderer.TheskeeperRenderer is in module undead_revamp2@1.0.1 of loader 'TRANSFORMER' @3f02dc34; net.minecraft.client.renderer.entity.LivingEntityRenderer is in module minecraft@1.20.1 of loader 'TRANSFORMER' @3f02dc34)
[00:47:00] [Render thread/WARN]: Could not apply custom armor to entity type undead_revamp2:skeeperthrowprojectile: class net.mcreator.undeadrevamp.client.renderer.SkeeperthrowprojectileRenderer cannot be cast to class net.minecraft.client.renderer.entity.LivingEntityRenderer (net.mcreator.undeadrevamp.client.renderer.SkeeperthrowprojectileRenderer is in module undead_revamp2@1.0.1 of loader 'TRANSFORMER' @3f02dc34; net.minecraft.client.renderer.entity.LivingEntityRenderer is in module minecraft@1.20.1 of loader 'TRANSFORMER' @3f02dc34)
[00:47:00] [Render thread/WARN]: Could not apply custom armor to entity type undead_revamp2:thesomnolence: class net.mcreator.undeadrevamp.client.renderer.ThesomnolenceRenderer cannot be cast to class net.minecraft.client.renderer.entity.LivingEntityRenderer (net.mcreator.undeadrevamp.client.renderer.ThesomnolenceRenderer is in module undead_revamp2@1.0.1 of loader 'TRANSFORMER' @3f02dc34; net.minecraft.client.renderer.entity.LivingEntityRenderer is in module minecraft@1.20.1 of loader 'TRANSFORMER' @3f02dc34)
[00:47:00] [Render thread/WARN]: Could not apply custom armor to entity type undead_revamp2:sleepsmokebomb: class net.mcreator.undeadrevamp.client.renderer.SleepsmokebombRenderer cannot be cast to class net.minecraft.client.renderer.entity.LivingEntityRenderer (net.mcreator.undeadrevamp.client.renderer.SleepsmokebombRenderer is in module undead_revamp2@1.0.1 of loader 'TRANSFORMER' @3f02dc34; net.minecraft.client.renderer.entity.LivingEntityRenderer is in module minecraft@1.20.1 of loader 'TRANSFORMER' @3f02dc34)
[00:47:00] [Render thread/WARN]: Could not apply custom armor to entity type undead_revamp2:thelurker: class net.mcreator.undeadrevamp.client.renderer.ThelurkerRenderer cannot be cast to class net.minecraft.client.renderer.entity.LivingEntityRenderer (net.mcreator.undeadrevamp.client.renderer.ThelurkerRenderer is in module undead_revamp2@1.0.1 of loader 'TRANSFORMER' @3f02dc34; net.minecraft.client.renderer.entity.LivingEntityRenderer is in module minecraft@1.20.1 of loader 'TRANSFORMER' @3f02dc34)
[00:47:00] [Render thread/WARN]: Could not apply custom armor to entity type undead_revamp2:witherball: class net.minecraft.client.renderer.entity.ThrownItemRenderer cannot be cast to class net.minecraft.client.renderer.entity.LivingEntityRenderer (net.minecraft.client.renderer.entity.ThrownItemRenderer and net.minecraft.client.renderer.entity.LivingEntityRenderer are in module minecraft@1.20.1 of loader 'TRANSFORMER' @3f02dc34)
[00:47:00] [Render thread/WARN]: Could not apply custom armor to entity type undead_revamp2:thedungeon: class net.mcreator.undeadrevamp.client.renderer.ThedungeonRenderer cannot be cast to class net.minecraft.client.renderer.entity.LivingEntityRenderer (net.mcreator.undeadrevamp.client.renderer.ThedungeonRenderer is in module undead_revamp2@1.0.1 of loader 'TRANSFORMER' @3f02dc34; net.minecraft.client.renderer.entity.LivingEntityRenderer is in module minecraft@1.20.1 of loader 'TRANSFORMER' @3f02dc34)
[00:47:00] [Render thread/WARN]: Could not apply custom armor to entity type undead_revamp2:bigsucker: class net.mcreator.undeadrevamp.client.renderer.BigsuckerRenderer cannot be cast to class net.minecraft.client.renderer.entity.LivingEntityRenderer (net.mcreator.undeadrevamp.client.renderer.BigsuckerRenderer is in module undead_revamp2@1.0.1 of loader 'TRANSFORMER' @3f02dc34; net.minecraft.client.renderer.entity.LivingEntityRenderer is in module minecraft@1.20.1 of loader 'TRANSFORMER' @3f02dc34)
[00:47:00] [Render thread/WARN]: Could not apply custom armor to entity type undead_revamp2:lechery: class net.mcreator.undeadrevamp.client.renderer.LecheryRenderer cannot be cast to class net.minecraft.client.renderer.entity.LivingEntityRenderer (net.mcreator.undeadrevamp.client.renderer.LecheryRenderer is in module undead_revamp2@1.0.1 of loader 'TRANSFORMER' @3f02dc34; net.minecraft.client.renderer.entity.LivingEntityRenderer is in module minecraft@1.20.1 of loader 'TRANSFORMER' @3f02dc34)
[00:47:00] [Render thread/WARN]: Could not apply custom armor to entity type undead_revamp2:invisilehcery: class net.mcreator.undeadrevamp.client.renderer.InvisilehceryRenderer cannot be cast to class net.minecraft.client.renderer.entity.LivingEntityRenderer (net.mcreator.undeadrevamp.client.renderer.InvisilehceryRenderer is in module undead_revamp2@1.0.1 of loader 'TRANSFORMER' @3f02dc34; net.minecraft.client.renderer.entity.LivingEntityRenderer is in module minecraft@1.20.1 of loader 'TRANSFORMER' @3f02dc34)
[00:47:00] [Render thread/WARN]: Could not apply custom armor to entity type undead_revamp2:theposessive: class net.mcreator.undeadrevamp.client.renderer.TheposessiveRenderer cannot be cast to class net.minecraft.client.renderer.entity.LivingEntityRenderer (net.mcreator.undeadrevamp.client.renderer.TheposessiveRenderer is in module undead_revamp2@1.0.1 of loader 'TRANSFORMER' @3f02dc34; net.minecraft.client.renderer.entity.LivingEntityRenderer is in module minecraft@1.20.1 of loader 'TRANSFORMER' @3f02dc34)
[00:47:00] [Render thread/WARN]: Could not apply custom armor to entity type undead_revamp2:therabidus: class net.mcreator.undeadrevamp.client.renderer.TherabidusRenderer cannot be cast to class net.minecraft.client.renderer.entity.LivingEntityRenderer (net.mcreator.undeadrevamp.client.renderer.TherabidusRenderer is in module undead_revamp2@1.0.1 of loader 'TRANSFORMER' @3f02dc34; net.minecraft.client.renderer.entity.LivingEntityRenderer is in module minecraft@1.20.1 of loader 'TRANSFORMER' @3f02dc34)
[00:47:00] [Render thread/WARN]: Could not apply custom armor to entity type securitycraft:bouncingbetty: class net.geforcemods.securitycraft.renderers.BouncingBettyRenderer cannot be cast to class net.minecraft.client.renderer.entity.LivingEntityRenderer (net.geforcemods.securitycraft.renderers.BouncingBettyRenderer is in module securitycraft@1.9.12 of loader 'TRANSFORMER' @3f02dc34; net.minecraft.client.renderer.entity.LivingEntityRenderer is in module minecraft@1.20.1 of loader 'TRANSFORMER' @3f02dc34)
[00:47:00] [Render thread/WARN]: Could not apply custom armor to entity type securitycraft:imsbomb: class net.geforcemods.securitycraft.renderers.IMSBombRenderer cannot be cast to class net.minecraft.client.renderer.entity.LivingEntityRenderer (net.geforcemods.securitycraft.renderers.IMSBombRenderer is in module securitycraft@1.9.12 of loader 'TRANSFORMER' @3f02dc34; net.minecraft.client.renderer.entity.LivingEntityRenderer is in module minecraft@1.20.1 of loader 'TRANSFORMER' @3f02dc34)
[00:47:00] [Render thread/WARN]: Could not apply custom armor to entity type securitycraft:securitycamera: class net.minecraft.client.renderer.entity.NoopRenderer cannot be cast to class net.minecraft.client.renderer.entity.LivingEntityRenderer (net.minecraft.client.renderer.entity.NoopRenderer and net.minecraft.client.renderer.entity.LivingEntityRenderer are in module minecraft@1.20.1 of loader 'TRANSFORMER' @3f02dc34)
[00:47:00] [Render thread/WARN]: Could not apply custom armor to entity type securitycraft:sentry: class net.geforcemods.securitycraft.renderers.SentryRenderer cannot be cast to class net.minecraft.client.renderer.entity.LivingEntityRenderer (net.geforcemods.securitycraft.renderers.SentryRenderer is in module securitycraft@1.9.12 of loader 'TRANSFORMER' @3f02dc34; net.minecraft.client.renderer.entity.LivingEntityRenderer is in module minecraft@1.20.1 of loader 'TRANSFORMER' @3f02dc34)
[00:47:00] [Render thread/WARN]: Could not apply custom armor to entity type securitycraft:bullet: class net.geforcemods.securitycraft.renderers.BulletRenderer cannot be cast to class net.minecraft.client.renderer.entity.LivingEntityRenderer (net.geforcemods.securitycraft.renderers.BulletRenderer is in module securitycraft@1.9.12 of loader 'TRANSFORMER' @3f02dc34; net.minecraft.client.renderer.entity.LivingEntityRenderer is in module minecraft@1.20.1 of loader 'TRANSFORMER' @3f02dc34)
[00:47:00] [Render thread/WARN]: Could not apply custom armor to entity type securitycraft:security_sea_boat: class net.geforcemods.securitycraft.renderers.SecuritySeaBoatRenderer cannot be cast to class net.minecraft.client.renderer.entity.LivingEntityRenderer (net.geforcemods.securitycraft.renderers.SecuritySeaBoatRenderer is in module securitycraft@1.9.12 of loader 'TRANSFORMER' @3f02dc34; net.minecraft.client.renderer.entity.LivingEntityRenderer is in module minecraft@1.20.1 of loader 'TRANSFORMER' @3f02dc34)
[00:47:00] [Render thread/WARN]: Could not apply custom armor to entity type lootr:lootr_minecart: class noobanidus.mods.lootr.client.entity.LootrChestCartRenderer cannot be cast to class net.minecraft.client.renderer.entity.LivingEntityRenderer (noobanidus.mods.lootr.client.entity.LootrChestCartRenderer is in module lootr@0.7.35.94 of loader 'TRANSFORMER' @3f02dc34; net.minecraft.client.renderer.entity.LivingEntityRenderer is in module minecraft@1.20.1 of loader 'TRANSFORMER' @3f02dc34)
[00:47:00] [Render thread/WARN]: Could not apply custom armor to entity type zombieawareness:scent: class com.corosus.zombieawareness.client.RenderScent cannot be cast to class net.minecraft.client.renderer.entity.LivingEntityRenderer (com.corosus.zombieawareness.client.RenderScent is in module zombieawareness@1.20.1-1.13.1 of loader 'TRANSFORMER' @3f02dc34; net.minecraft.client.renderer.entity.LivingEntityRenderer is in module minecraft@1.20.1 of loader 'TRANSFORMER' @3f02dc34)
[00:47:00] [Render thread/WARN]: Could not apply custom armor to entity type redeco:seat: class com.delta.redeco.SeatRenderer cannot be cast to class net.minecraft.client.renderer.entity.LivingEntityRenderer (com.delta.redeco.SeatRenderer is in module redeco@1.14.1 of loader 'TRANSFORMER' @3f02dc34; net.minecraft.client.renderer.entity.LivingEntityRenderer is in module minecraft@1.20.1 of loader 'TRANSFORMER' @3f02dc34)
[00:47:00] [Render thread/WARN]: Could not apply custom armor to entity type sophisticatedbackpacks:everlasting_backpack_item: class net.minecraft.client.renderer.entity.ItemEntityRenderer cannot be cast to class net.minecraft.client.renderer.entity.LivingEntityRenderer (net.minecraft.client.renderer.entity.ItemEntityRenderer and net.minecraft.client.renderer.entity.LivingEntityRenderer are in module minecraft@1.20.1 of loader 'TRANSFORMER' @3f02dc34)
[00:47:00] [Render thread/WARN]: Could not apply custom armor to entity type interiors:big_seat: class com.sudolev.interiors.content.entity.BigSeatEntity$Render cannot be cast to class net.minecraft.client.renderer.entity.LivingEntityRenderer (com.sudolev.interiors.content.entity.BigSeatEntity$Render is in module interiors@0.5.6 of loader 'TRANSFORMER' @3f02dc34; net.minecraft.client.renderer.entity.LivingEntityRenderer is in module minecraft@1.20.1 of loader 'TRANSFORMER' @3f02dc34)
[00:47:00] [Render thread/WARN]: Could not apply custom armor to entity type apocalypsenow:throwableknife_projectile: class net.mcreator.apocalypsenow.client.renderer.ThrowableknifeProjectileRenderer cannot be cast to class net.minecraft.client.renderer.entity.LivingEntityRenderer (net.mcreator.apocalypsenow.client.renderer.ThrowableknifeProjectileRenderer is in module apocalypsenow@3.0.4 of loader 'TRANSFORMER' @3f02dc34; net.minecraft.client.renderer.entity.LivingEntityRenderer is in module minecraft@1.20.1 of loader 'TRANSFORMER' @3f02dc34)
[00:47:00] [Render thread/WARN]: Could not apply custom armor to entity type apocalypsenow:shuriken_projectile: class net.mcreator.apocalypsenow.client.renderer.ShurikenProjectileRenderer cannot be cast to class net.minecraft.client.renderer.entity.LivingEntityRenderer (net.mcreator.apocalypsenow.client.renderer.ShurikenProjectileRenderer is in module apocalypsenow@3.0.4 of loader 'TRANSFORMER' @3f02dc34; net.minecraft.client.renderer.entity.LivingEntityRenderer is in module minecraft@1.20.1 of loader 'TRANSFORMER' @3f02dc34)
[00:47:00] [Render thread/WARN]: Could not apply custom armor to entity type apocalypsenow:coktelmolotovv_projectile: class net.minecraft.client.renderer.entity.ThrownItemRenderer cannot be cast to class net.minecraft.client.renderer.entity.LivingEntityRenderer (net.minecraft.client.renderer.entity.ThrownItemRenderer and net.minecraft.client.renderer.entity.LivingEntityRenderer are in module minecraft@1.20.1 of loader 'TRANSFORMER' @3f02dc34)
[00:47:00] [Render thread/WARN]: Could not apply custom armor to entity type apocalypsenow:improvisedgrenade_projectile: class net.minecraft.client.renderer.entity.ThrownItemRenderer cannot be cast to class net.minecraft.client.renderer.entity.LivingEntityRenderer (net.minecraft.client.renderer.entity.ThrownItemRenderer and net.minecraft.client.renderer.entity.LivingEntityRenderer are in module minecraft@1.20.1 of loader 'TRANSFORMER' @3f02dc34)
[00:47:00] [Render thread/WARN]: Could not apply custom armor to entity type apocalypsenow:improvisedbomb_projectile: class net.minecraft.client.renderer.entity.ThrownItemRenderer cannot be cast to class net.minecraft.client.renderer.entity.LivingEntityRenderer (net.minecraft.client.renderer.entity.ThrownItemRenderer and net.minecraft.client.renderer.entity.LivingEntityRenderer are in module minecraft@1.20.1 of loader 'TRANSFORMER' @3f02dc34)
[00:47:00] [Render thread/WARN]: Could not apply custom armor to entity type apocalypsenow:dynamite_projectile: class net.minecraft.client.renderer.entity.ThrownItemRenderer cannot be cast to class net.minecraft.client.renderer.entity.LivingEntityRenderer (net.minecraft.client.renderer.entity.ThrownItemRenderer and net.minecraft.client.renderer.entity.LivingEntityRenderer are in module minecraft@1.20.1 of loader 'TRANSFORMER' @3f02dc34)
[00:47:00] [Render thread/WARN]: Could not apply custom armor to entity type apocalypsenow:improviseddynamiteroll_projectile: class net.minecraft.client.renderer.entity.ThrownItemRenderer cannot be cast to class net.minecraft.client.renderer.entity.LivingEntityRenderer (net.minecraft.client.renderer.entity.ThrownItemRenderer and net.minecraft.client.renderer.entity.LivingEntityRenderer are in module minecraft@1.20.1 of loader 'TRANSFORMER' @3f02dc34)
[00:47:00] [Render thread/WARN]: Could not apply custom armor to entity type apocalypsenow:baseballball_projectile: class net.minecraft.client.renderer.entity.ThrownItemRenderer cannot be cast to class net.minecraft.client.renderer.entity.LivingEntityRenderer (net.minecraft.client.renderer.entity.ThrownItemRenderer and net.minecraft.client.renderer.entity.LivingEntityRenderer are in module minecraft@1.20.1 of loader 'TRANSFORMER' @3f02dc34)
[00:47:00] [Render thread/WARN]: Could not apply custom armor to entity type apocalypsenow:tenisball_projectile: class net.minecraft.client.renderer.entity.ThrownItemRenderer cannot be cast to class net.minecraft.client.renderer.entity.LivingEntityRenderer (net.minecraft.client.renderer.entity.ThrownItemRenderer and net.minecraft.client.renderer.entity.LivingEntityRenderer are in module minecraft@1.20.1 of loader 'TRANSFORMER' @3f02dc34)
[00:47:00] [Render thread/WARN]: Could not apply custom armor to entity type apocalypsenow:pipebomb_projectile: class net.minecraft.client.renderer.entity.ThrownItemRenderer cannot be cast to class net.minecraft.client.renderer.entity.LivingEntityRenderer (net.minecraft.client.renderer.entity.ThrownItemRenderer and net.minecraft.client.renderer.entity.LivingEntityRenderer are in module minecraft@1.20.1 of loader 'TRANSFORMER' @3f02dc34)
[00:47:00] [Render thread/WARN]: Could not apply custom armor to entity type apocalypsenow:coktelmolotov_2_projectile: class net.minecraft.client.renderer.entity.ThrownItemRenderer cannot be cast to class net.minecraft.client.renderer.entity.LivingEntityRenderer (net.minecraft.client.renderer.entity.ThrownItemRenderer and net.minecraft.client.renderer.entity.LivingEntityRenderer are in module minecraft@1.20.1 of loader 'TRANSFORMER' @3f02dc34)
[00:47:00] [Render thread/WARN]: Could not apply custom armor to entity type apocalypsenow:cocktelmolotov_3_projectile: class net.minecraft.client.renderer.entity.ThrownItemRenderer cannot be cast to class net.minecraft.client.renderer.entity.LivingEntityRenderer (net.minecraft.client.renderer.entity.ThrownItemRenderer and net.minecraft.client.renderer.entity.LivingEntityRenderer are in module minecraft@1.20.1 of loader 'TRANSFORMER' @3f02dc34)
[00:47:00] [Render thread/WARN]: Could not apply custom armor to entity type apocalypsenow:dynamite_roll_projectile: class net.minecraft.client.renderer.entity.ThrownItemRenderer cannot be cast to class net.minecraft.client.renderer.entity.LivingEntityRenderer (net.minecraft.client.renderer.entity.ThrownItemRenderer and net.minecraft.client.renderer.entity.LivingEntityRenderer are in module minecraft@1.20.1 of loader 'TRANSFORMER' @3f02dc34)
[00:47:00] [Render thread/WARN]: Could not apply custom armor to entity type apocalypsenow:easteregg_projectile: class net.minecraft.client.renderer.entity.ThrownItemRenderer cannot be cast to class net.minecraft.client.renderer.entity.LivingEntityRenderer (net.minecraft.client.renderer.entity.ThrownItemRenderer and net.minecraft.client.renderer.entity.LivingEntityRenderer are in module minecraft@1.20.1 of loader 'TRANSFORMER' @3f02dc34)
[00:47:00] [Render thread/WARN]: Could not apply custom armor to entity type apocalypsenow:throwingaxe_projectile: class net.minecraft.client.renderer.entity.ThrownItemRenderer cannot be cast to class net.minecraft.client.renderer.entity.LivingEntityRenderer (net.minecraft.client.renderer.entity.ThrownItemRenderer and net.minecraft.client.renderer.entity.LivingEntityRenderer are in module minecraft@1.20.1 of loader 'TRANSFORMER' @3f02dc34)
[00:47:00] [Render thread/WARN]: Could not apply custom armor to entity type apocalypsenow:climbingropewithhook_projectile: class net.minecraft.client.renderer.entity.ThrownItemRenderer cannot be cast to class net.minecraft.client.renderer.entity.LivingEntityRenderer (net.minecraft.client.renderer.entity.ThrownItemRenderer and net.minecraft.client.renderer.entity.LivingEntityRenderer are in module minecraft@1.20.1 of loader 'TRANSFORMER' @3f02dc34)
[00:47:00] [Render thread/WARN]: Could not apply custom armor to entity type apocalypsenow:nailprojectile: class net.mcreator.apocalypsenow.client.renderer.NailprojectileRenderer cannot be cast to class net.minecraft.client.renderer.entity.LivingEntityRenderer (net.mcreator.apocalypsenow.client.renderer.NailprojectileRenderer is in module apocalypsenow@3.0.4 of loader 'TRANSFORMER' @3f02dc34; net.minecraft.client.renderer.entity.LivingEntityRenderer is in module minecraft@1.20.1 of loader 'TRANSFORMER' @3f02dc34)
[00:47:00] [Render thread/WARN]: Could not apply custom armor to entity type apocalypsenow:spraypeppergas: class net.minecraft.client.renderer.entity.ThrownItemRenderer cannot be cast to class net.minecraft.client.renderer.entity.LivingEntityRenderer (net.minecraft.client.renderer.entity.ThrownItemRenderer and net.minecraft.client.renderer.entity.LivingEntityRenderer are in module minecraft@1.20.1 of loader 'TRANSFORMER' @3f02dc34)
[00:47:00] [Render thread/WARN]: Could not apply custom armor to entity type customnpcs:customnpcprojectile: class noppes.npcs.client.renderer.RenderProjectile cannot be cast to class net.minecraft.client.renderer.entity.LivingEntityRenderer (noppes.npcs.client.renderer.RenderProjectile is in module customnpcs@1.20.1.20251031 of loader 'TRANSFORMER' @3f02dc34; net.minecraft.client.renderer.entity.LivingEntityRenderer is in module minecraft@1.20.1 of loader 'TRANSFORMER' @3f02dc34)
[00:47:00] [Render thread/WARN]: Could not apply custom armor to entity type refurbished_furniture:seat: class com.mrcrayfish.furniture.refurbished.client.renderer.entity.SeatRenderer cannot be cast to class net.minecraft.client.renderer.entity.LivingEntityRenderer (com.mrcrayfish.furniture.refurbished.client.renderer.entity.SeatRenderer is in module refurbished_furniture@1.0.20 of loader 'TRANSFORMER' @3f02dc34; net.minecraft.client.renderer.entity.LivingEntityRenderer is in module minecraft@1.20.1 of loader 'TRANSFORMER' @3f02dc34)
[00:47:00] [Render thread/WARN]: Could not apply custom armor to entity type another_furniture:seat: class com.starfish_studios.another_furniture.client.renderer.entity.SeatRenderer cannot be cast to class net.minecraft.client.renderer.entity.LivingEntityRenderer (com.starfish_studios.another_furniture.client.renderer.entity.SeatRenderer is in module another_furniture@1.20.1-3.0.4 of loader 'TRANSFORMER' @3f02dc34; net.minecraft.client.renderer.entity.LivingEntityRenderer is in module minecraft@1.20.1 of loader 'TRANSFORMER' @3f02dc34)
[00:47:00] [Render thread/WARN]: Could not apply custom armor to entity type spore:illusion: class com.Harbinger.Spore.Client.Renderers.IllusionRenderer cannot be cast to class net.minecraft.client.renderer.entity.LivingEntityRenderer (com.Harbinger.Spore.Client.Renderers.IllusionRenderer is in module spore@2.1.5 of loader 'TRANSFORMER' @3f02dc34; net.minecraft.client.renderer.entity.LivingEntityRenderer is in module minecraft@1.20.1 of loader 'TRANSFORMER' @3f02dc34)
[00:47:00] [Render thread/WARN]: Could not apply custom armor to entity type spore:nuke: class com.Harbinger.Spore.Client.Renderers.NuclearBombRenderer cannot be cast to class net.minecraft.client.renderer.entity.LivingEntityRenderer (com.Harbinger.Spore.Client.Renderers.NuclearBombRenderer is in module spore@2.1.5 of loader 'TRANSFORMER' @3f02dc34; net.minecraft.client.renderer.entity.LivingEntityRenderer is in module minecraft@1.20.1 of loader 'TRANSFORMER' @3f02dc34)
[00:47:00] [Render thread/WARN]: Could not apply custom armor to entity type spore:acid_ball: class net.minecraft.client.renderer.entity.ThrownItemRenderer cannot be cast to class net.minecraft.client.renderer.entity.LivingEntityRenderer (net.minecraft.client.renderer.entity.ThrownItemRenderer and net.minecraft.client.renderer.entity.LivingEntityRenderer are in module minecraft@1.20.1 of loader 'TRANSFORMER' @3f02dc34)
[00:47:00] [Render thread/WARN]: Could not apply custom armor to entity type spore:acid: class net.minecraft.client.renderer.entity.ThrownItemRenderer cannot be cast to class net.minecraft.client.renderer.entity.LivingEntityRenderer (net.minecraft.client.renderer.entity.ThrownItemRenderer and net.minecraft.client.renderer.entity.LivingEntityRenderer are in module minecraft@1.20.1 of loader 'TRANSFORMER' @3f02dc34)
[00:47:00] [Render thread/WARN]: Could not apply custom armor to entity type spore:thrown_spear: class com.Harbinger.Spore.Client.Renderers.SpearRenderer cannot be cast to class net.minecraft.client.renderer.entity.LivingEntityRenderer (com.Harbinger.Spore.Client.Renderers.SpearRenderer is in module spore@2.1.5 of loader 'TRANSFORMER' @3f02dc34; net.minecraft.client.renderer.entity.LivingEntityRenderer is in module minecraft@1.20.1 of loader 'TRANSFORMER' @3f02dc34)
[00:47:00] [Render thread/WARN]: Could not apply custom armor to entity type spore:thrown_boomerang: class com.Harbinger.Spore.Client.Renderers.ThrownBoomerangRenderer cannot be cast to class net.minecraft.client.renderer.entity.LivingEntityRenderer (com.Harbinger.Spore.Client.Renderers.ThrownBoomerangRenderer is in module spore@2.1.5 of loader 'TRANSFORMER' @3f02dc34; net.minecraft.client.renderer.entity.LivingEntityRenderer is in module minecraft@1.20.1 of loader 'TRANSFORMER' @3f02dc34)
[00:47:00] [Render thread/WARN]: Could not apply custom armor to entity type spore:thrown_knife: class com.Harbinger.Spore.Client.Renderers.KnifeRenderer cannot be cast to class net.minecraft.client.renderer.entity.LivingEntityRenderer (com.Harbinger.Spore.Client.Renderers.KnifeRenderer is in module spore@2.1.5 of loader 'TRANSFORMER' @3f02dc34; net.minecraft.client.renderer.entity.LivingEntityRenderer is in module minecraft@1.20.1 of loader 'TRANSFORMER' @3f02dc34)
[00:47:00] [Render thread/WARN]: Could not apply custom armor to entity type spore:thrown_tumor: class net.minecraft.client.renderer.entity.ThrownItemRenderer cannot be cast to class net.minecraft.client.renderer.entity.LivingEntityRenderer (net.minecraft.client.renderer.entity.ThrownItemRenderer and net.minecraft.client.renderer.entity.LivingEntityRenderer are in module minecraft@1.20.1 of loader 'TRANSFORMER' @3f02dc34)
[00:47:00] [Render thread/WARN]: Could not apply custom armor to entity type spore:bile: class net.minecraft.client.renderer.entity.ThrownItemRenderer cannot be cast to class net.minecraft.client.renderer.entity.LivingEntityRenderer (net.minecraft.client.renderer.entity.ThrownItemRenderer and net.minecraft.client.renderer.entity.LivingEntityRenderer are in module minecraft@1.20.1 of loader 'TRANSFORMER' @3f02dc34)
[00:47:00] [Render thread/WARN]: Could not apply custom armor to entity type spore:spit: class com.Harbinger.Spore.Client.Renderers.BulletRender cannot be cast to class net.minecraft.client.renderer.entity.LivingEntityRenderer (com.Harbinger.Spore.Client.Renderers.BulletRender is in module spore@2.1.5 of loader 'TRANSFORMER' @3f02dc34; net.minecraft.client.renderer.entity.LivingEntityRenderer is in module minecraft@1.20.1 of loader 'TRANSFORMER' @3f02dc34)
[00:47:00] [Render thread/WARN]: Could not apply custom armor to entity type spore:stinger: class com.Harbinger.Spore.Client.Renderers.StingerRenderer cannot be cast to class net.minecraft.client.renderer.entity.LivingEntityRenderer (com.Harbinger.Spore.Client.Renderers.StingerRenderer is in module spore@2.1.5 of loader 'TRANSFORMER' @3f02dc34; net.minecraft.client.renderer.entity.LivingEntityRenderer is in module minecraft@1.20.1 of loader 'TRANSFORMER' @3f02dc34)
[00:47:00] [Render thread/WARN]: Could not apply custom armor to entity type spore:thrown_tool: class com.Harbinger.Spore.Client.Renderers.ThrownMeleeItemRenderer cannot be cast to class net.minecraft.client.renderer.entity.LivingEntityRenderer (com.Harbinger.Spore.Client.Renderers.ThrownMeleeItemRenderer is in module spore@2.1.5 of loader 'TRANSFORMER' @3f02dc34; net.minecraft.client.renderer.entity.LivingEntityRenderer is in module minecraft@1.20.1 of loader 'TRANSFORMER' @3f02dc34)
[00:47:00] [Render thread/WARN]: Could not apply custom armor to entity type spore:thrown_sickle: class com.Harbinger.Spore.Client.Renderers.SickleRenderer cannot be cast to class net.minecraft.client.renderer.entity.LivingEntityRenderer (com.Harbinger.Spore.Client.Renderers.SickleRenderer is in module spore@2.1.5 of loader 'TRANSFORMER' @3f02dc34; net.minecraft.client.renderer.entity.LivingEntityRenderer is in module minecraft@1.20.1 of loader 'TRANSFORMER' @3f02dc34)
[00:47:00] [Render thread/WARN]: Could not apply custom armor to entity type spore:thrown_block: class com.Harbinger.Spore.Client.Renderers.ThrownBlockRenderer cannot be cast to class net.minecraft.client.renderer.entity.LivingEntityRenderer (com.Harbinger.Spore.Client.Renderers.ThrownBlockRenderer is in module spore@2.1.5 of loader 'TRANSFORMER' @3f02dc34; net.minecraft.client.renderer.entity.LivingEntityRenderer is in module minecraft@1.20.1 of loader 'TRANSFORMER' @3f02dc34)
[00:47:00] [Render thread/WARN]: Could not apply custom armor to entity type spore:flesh_bomb: class com.Harbinger.Spore.Client.Renderers.FleshBombRenderer cannot be cast to class net.minecraft.client.renderer.entity.LivingEntityRenderer (com.Harbinger.Spore.Client.Renderers.FleshBombRenderer is in module spore@2.1.5 of loader 'TRANSFORMER' @3f02dc34; net.minecraft.client.renderer.entity.LivingEntityRenderer is in module minecraft@1.20.1 of loader 'TRANSFORMER' @3f02dc34)
[00:47:00] [Render thread/WARN]: Could not apply custom armor to entity type spore:scent: class com.Harbinger.Spore.Client.Renderers.ScentEntityRenderer cannot be cast to class net.minecraft.client.renderer.entity.LivingEntityRenderer (com.Harbinger.Spore.Client.Renderers.ScentEntityRenderer is in module spore@2.1.5 of loader 'TRANSFORMER' @3f02dc34; net.minecraft.client.renderer.entity.LivingEntityRenderer is in module minecraft@1.20.1 of loader 'TRANSFORMER' @3f02dc34)
[00:47:00] [Render thread/WARN]: Could not apply custom armor to entity type spore:corpse_piece: class com.Harbinger.Spore.Client.Renderers.CorpseRenderer cannot be cast to class net.minecraft.client.renderer.entity.LivingEntityRenderer (com.Harbinger.Spore.Client.Renderers.CorpseRenderer is in module spore@2.1.5 of loader 'TRANSFORMER' @3f02dc34; net.minecraft.client.renderer.entity.LivingEntityRenderer is in module minecraft@1.20.1 of loader 'TRANSFORMER' @3f02dc34)
[00:47:00] [Render thread/WARN]: Could not apply custom armor to entity type spore:tendril: class com.Harbinger.Spore.Client.Renderers.TendrilRenderer cannot be cast to class net.minecraft.client.renderer.entity.LivingEntityRenderer (com.Harbinger.Spore.Client.Renderers.TendrilRenderer is in module spore@2.1.5 of loader 'TRANSFORMER' @3f02dc34; net.minecraft.client.renderer.entity.LivingEntityRenderer is in module minecraft@1.20.1 of loader 'TRANSFORMER' @3f02dc34)
[00:47:00] [Render thread/WARN]: Could not apply custom armor to entity type spore:wave: class com.Harbinger.Spore.Client.Renderers.WaveRenderer cannot be cast to class net.minecraft.client.renderer.entity.LivingEntityRenderer (com.Harbinger.Spore.Client.Renderers.WaveRenderer is in module spore@2.1.5 of loader 'TRANSFORMER' @3f02dc34; net.minecraft.client.renderer.entity.LivingEntityRenderer is in module minecraft@1.20.1 of loader 'TRANSFORMER' @3f02dc34)
[00:47:00] [Render thread/WARN]: Could not apply custom armor to entity type createbigcannons:pitch_contraption: class com.simibubi.create.content.contraptions.render.OrientedContraptionEntityRenderer cannot be cast to class net.minecraft.client.renderer.entity.LivingEntityRenderer (com.simibubi.create.content.contraptions.render.OrientedContraptionEntityRenderer is in module create@6.0.6 of loader 'TRANSFORMER' @3f02dc34; net.minecraft.client.renderer.entity.LivingEntityRenderer is in module minecraft@1.20.1 of loader 'TRANSFORMER' @3f02dc34)
[00:47:00] [Render thread/WARN]: Could not apply custom armor to entity type createbigcannons:shot: class rbasamoyai.createbigcannons.munitions.big_cannon.BigCannonProjectileRenderer cannot be cast to class net.minecraft.client.renderer.entity.LivingEntityRenderer (rbasamoyai.createbigcannons.munitions.big_cannon.BigCannonProjectileRenderer is in module createbigcannons@5.9.1 of loader 'TRANSFORMER' @3f02dc34; net.minecraft.client.renderer.entity.LivingEntityRenderer is in module minecraft@1.20.1 of loader 'TRANSFORMER' @3f02dc34)
[00:47:00] [Render thread/WARN]: Could not apply custom armor to entity type createbigcannons:he_shell: class rbasamoyai.createbigcannons.munitions.big_cannon.BigCannonProjectileRenderer cannot be cast to class net.minecraft.client.renderer.entity.LivingEntityRenderer (rbasamoyai.createbigcannons.munitions.big_cannon.BigCannonProjectileRenderer is in module createbigcannons@5.9.1 of loader 'TRANSFORMER' @3f02dc34; net.minecraft.client.renderer.entity.LivingEntityRenderer is in module minecraft@1.20.1 of loader 'TRANSFORMER' @3f02dc34)
[00:47:00] [Render thread/WARN]: Could not apply custom armor to entity type createbigcannons:shrapnel_shell: class rbasamoyai.createbigcannons.munitions.big_cannon.BigCannonProjectileRenderer cannot be cast to class net.minecraft.client.renderer.entity.LivingEntityRenderer (rbasamoyai.createbigcannons.munitions.big_cannon.BigCannonProjectileRenderer is in module createbigcannons@5.9.1 of loader 'TRANSFORMER' @3f02dc34; net.minecraft.client.renderer.entity.LivingEntityRenderer is in module minecraft@1.20.1 of loader 'TRANSFORMER' @3f02dc34)
[00:47:00] [Render thread/WARN]: Could not apply custom armor to entity type createbigcannons:bag_of_grapeshot: class rbasamoyai.createbigcannons.munitions.big_cannon.BigCannonProjectileRenderer cannot be cast to class net.minecraft.client.renderer.entity.LivingEntityRenderer (rbasamoyai.createbigcannons.munitions.big_cannon.BigCannonProjectileRenderer is in module createbigcannons@5.9.1 of loader 'TRANSFORMER' @3f02dc34; net.minecraft.client.renderer.entity.LivingEntityRenderer is in module minecraft@1.20.1 of loader 'TRANSFORMER' @3f02dc34)
[00:47:00] [Render thread/WARN]: Could not apply custom armor to entity type createbigcannons:ap_shot: class rbasamoyai.createbigcannons.munitions.big_cannon.BigCannonProjectileRenderer cannot be cast to class net.minecraft.client.renderer.entity.LivingEntityRenderer (rbasamoyai.createbigcannons.munitions.big_cannon.BigCannonProjectileRenderer is in module createbigcannons@5.9.1 of loader 'TRANSFORMER' @3f02dc34; net.minecraft.client.renderer.entity.LivingEntityRenderer is in module minecraft@1.20.1 of loader 'TRANSFORMER' @3f02dc34)
[00:47:00] [Render thread/WARN]: Could not apply custom armor to entity type createbigcannons:traffic_cone: class rbasamoyai.createbigcannons.munitions.big_cannon.BigCannonProjectileRenderer cannot be cast to class net.minecraft.client.renderer.entity.LivingEntityRenderer (rbasamoyai.createbigcannons.munitions.big_cannon.BigCannonProjectileRenderer is in module createbigcannons@5.9.1 of loader 'TRANSFORMER' @3f02dc34; net.minecraft.client.renderer.entity.LivingEntityRenderer is in module minecraft@1.20.1 of loader 'TRANSFORMER' @3f02dc34)
[00:47:00] [Render thread/WARN]: Could not apply custom armor to entity type createbigcannons:ap_shell: class rbasamoyai.createbigcannons.munitions.big_cannon.BigCannonProjectileRenderer cannot be cast to class net.minecraft.client.renderer.entity.LivingEntityRenderer (rbasamoyai.createbigcannons.munitions.big_cannon.BigCannonProjectileRenderer is in module createbigcannons@5.9.1 of loader 'TRANSFORMER' @3f02dc34; net.minecraft.client.renderer.entity.LivingEntityRenderer is in module minecraft@1.20.1 of loader 'TRANSFORMER' @3f02dc34)
[00:47:00] [Render thread/WARN]: Could not apply custom armor to entity type createbigcannons:fluid_shell: class rbasamoyai.createbigcannons.munitions.big_cannon.BigCannonProjectileRenderer cannot be cast to class net.minecraft.client.renderer.entity.LivingEntityRenderer (rbasamoyai.createbigcannons.munitions.big_cannon.BigCannonProjectileRenderer is in module createbigcannons@5.9.1 of loader 'TRANSFORMER' @3f02dc34; net.minecraft.client.renderer.entity.LivingEntityRenderer is in module minecraft@1.20.1 of loader 'TRANSFORMER' @3f02dc34)
[00:47:00] [Render thread/WARN]: Could not apply custom armor to entity type createbigcannons:smoke_shell: class rbasamoyai.createbigcannons.munitions.big_cannon.BigCannonProjectileRenderer cannot be cast to class net.minecraft.client.renderer.entity.LivingEntityRenderer (rbasamoyai.createbigcannons.munitions.big_cannon.BigCannonProjectileRenderer is in module createbigcannons@5.9.1 of loader 'TRANSFORMER' @3f02dc34; net.minecraft.client.renderer.entity.LivingEntityRenderer is in module minecraft@1.20.1 of loader 'TRANSFORMER' @3f02dc34)
[00:47:00] [Render thread/WARN]: Could not apply custom armor to entity type createbigcannons:mortar_stone: class rbasamoyai.createbigcannons.munitions.big_cannon.BigCannonProjectileRenderer cannot be cast to class net.minecraft.client.renderer.entity.LivingEntityRenderer (rbasamoyai.createbigcannons.munitions.big_cannon.BigCannonProjectileRenderer is in module createbigcannons@5.9.1 of loader 'TRANSFORMER' @3f02dc34; net.minecraft.client.renderer.entity.LivingEntityRenderer is in module minecraft@1.20.1 of loader 'TRANSFORMER' @3f02dc34)
[00:47:00] [Render thread/WARN]: Could not apply custom armor to entity type createbigcannons:drop_mortar_shell: class rbasamoyai.createbigcannons.munitions.big_cannon.drop_mortar_shell.DropMortarShellRenderer cannot be cast to class net.minecraft.client.renderer.entity.LivingEntityRenderer (rbasamoyai.createbigcannons.munitions.big_cannon.drop_mortar_shell.DropMortarShellRenderer is in module createbigcannons@5.9.1 of loader 'TRANSFORMER' @3f02dc34; net.minecraft.client.renderer.entity.LivingEntityRenderer is in module minecraft@1.20.1 of loader 'TRANSFORMER' @3f02dc34)
[00:47:00] [Render thread/WARN]: Could not apply custom armor to entity type createbigcannons:shrapnel_burst: class rbasamoyai.createbigcannons.munitions.big_cannon.shrapnel.ShrapnelBurstRenderer cannot be cast to class net.minecraft.client.renderer.entity.LivingEntityRenderer (rbasamoyai.createbigcannons.munitions.big_cannon.shrapnel.ShrapnelBurstRenderer is in module createbigcannons@5.9.1 of loader 'TRANSFORMER' @3f02dc34; net.minecraft.client.renderer.entity.LivingEntityRenderer is in module minecraft@1.20.1 of loader 'TRANSFORMER' @3f02dc34)
[00:47:00] [Render thread/WARN]: Could not apply custom armor to entity type createbigcannons:flak_burst: class rbasamoyai.createbigcannons.munitions.big_cannon.shrapnel.ShrapnelBurstRenderer cannot be cast to class net.minecraft.client.renderer.entity.LivingEntityRenderer (rbasamoyai.createbigcannons.munitions.big_cannon.shrapnel.ShrapnelBurstRenderer is in module createbigcannons@5.9.1 of loader 'TRANSFORMER' @3f02dc34; net.minecraft.client.renderer.entity.LivingEntityRenderer is in module minecraft@1.20.1 of loader 'TRANSFORMER' @3f02dc34)
[00:47:00] [Render thread/WARN]: Could not apply custom armor to entity type createbigcannons:grapeshot_burst: class rbasamoyai.createbigcannons.munitions.big_cannon.grapeshot.GrapeshotBurstRenderer cannot be cast to class net.minecraft.client.renderer.entity.LivingEntityRenderer (rbasamoyai.createbigcannons.munitions.big_cannon.grapeshot.GrapeshotBurstRenderer is in module createbigcannons@5.9.1 of loader 'TRANSFORMER' @3f02dc34; net.minecraft.client.renderer.entity.LivingEntityRenderer is in module minecraft@1.20.1 of loader 'TRANSFORMER' @3f02dc34)
[00:47:00] [Render thread/WARN]: Could not apply custom armor to entity type createbigcannons:fluid_blob_burst: class net.minecraft.client.renderer.entity.NoopRenderer cannot be cast to class net.minecraft.client.renderer.entity.LivingEntityRenderer (net.minecraft.client.renderer.entity.NoopRenderer and net.minecraft.client.renderer.entity.LivingEntityRenderer are in module minecraft@1.20.1 of loader 'TRANSFORMER' @3f02dc34)
[00:47:00] [Render thread/WARN]: Could not apply custom armor to entity type createbigcannons:smoke_emitter: class net.minecraft.client.renderer.entity.NoopRenderer cannot be cast to class net.minecraft.client.renderer.entity.LivingEntityRenderer (net.minecraft.client.renderer.entity.NoopRenderer and net.minecraft.client.renderer.entity.LivingEntityRenderer are in module minecraft@1.20.1 of loader 'TRANSFORMER' @3f02dc34)
[00:47:00] [Render thread/WARN]: Could not apply custom armor to entity type createbigcannons:gas_cloud: class net.minecraft.client.renderer.entity.NoopRenderer cannot be cast to class net.minecraft.client.renderer.entity.LivingEntityRenderer (net.minecraft.client.renderer.entity.NoopRenderer and net.minecraft.client.renderer.entity.LivingEntityRenderer are in module minecraft@1.20.1 of loader 'TRANSFORMER' @3f02dc34)
[00:47:00] [Render thread/WARN]: Could not apply custom armor to entity type createbigcannons:cannon_carriage: class rbasamoyai.createbigcannons.cannon_control.carriage.CannonCarriageRenderer cannot be cast to class net.minecraft.client.renderer.entity.LivingEntityRenderer (rbasamoyai.createbigcannons.cannon_control.carriage.CannonCarriageRenderer is in module createbigcannons@5.9.1 of loader 'TRANSFORMER' @3f02dc34; net.minecraft.client.renderer.entity.LivingEntityRenderer is in module minecraft@1.20.1 of loader 'TRANSFORMER' @3f02dc34)
[00:47:00] [Render thread/WARN]: Could not apply custom armor to entity type createbigcannons:ap_autocannon: class rbasamoyai.createbigcannons.munitions.autocannon.AutocannonProjectileRenderer cannot be cast to class net.minecraft.client.renderer.entity.LivingEntityRenderer (rbasamoyai.createbigcannons.munitions.autocannon.AutocannonProjectileRenderer is in module createbigcannons@5.9.1 of loader 'TRANSFORMER' @3f02dc34; net.minecraft.client.renderer.entity.LivingEntityRenderer is in module minecraft@1.20.1 of loader 'TRANSFORMER' @3f02dc34)
[00:47:00] [Render thread/WARN]: Could not apply custom armor to entity type createbigcannons:flak_autocannon: class rbasamoyai.createbigcannons.munitions.autocannon.AutocannonProjectileRenderer cannot be cast to class net.minecraft.client.renderer.entity.LivingEntityRenderer (rbasamoyai.createbigcannons.munitions.autocannon.AutocannonProjectileRenderer is in module createbigcannons@5.9.1 of loader 'TRANSFORMER' @3f02dc34; net.minecraft.client.renderer.entity.LivingEntityRenderer is in module minecraft@1.20.1 of loader 'TRANSFORMER' @3f02dc34)
[00:47:00] [Render thread/WARN]: Could not apply custom armor to entity type createbigcannons:machine_gun_bullet: class rbasamoyai.createbigcannons.munitions.autocannon.AutocannonProjectileRenderer cannot be cast to class net.minecraft.client.renderer.entity.LivingEntityRenderer (rbasamoyai.createbigcannons.munitions.autocannon.AutocannonProjectileRenderer is in module createbigcannons@5.9.1 of loader 'TRANSFORMER' @3f02dc34; net.minecraft.client.renderer.entity.LivingEntityRenderer is in module minecraft@1.20.1 of loader 'TRANSFORMER' @3f02dc34)
[00:47:00] [Render thread/WARN]: Could not apply custom armor to entity type createbigcannons:primed_propellant: class rbasamoyai.createbigcannons.munitions.big_cannon.propellant.PrimedPropellantRenderer cannot be cast to class net.minecraft.client.renderer.entity.LivingEntityRenderer (rbasamoyai.createbigcannons.munitions.big_cannon.propellant.PrimedPropellantRenderer is in module createbigcannons@5.9.1 of loader 'TRANSFORMER' @3f02dc34; net.minecraft.client.renderer.entity.LivingEntityRenderer is in module minecraft@1.20.1 of loader 'TRANSFORMER' @3f02dc34)
[00:47:00] [Render thread/WARN]: Could not apply custom armor to entity type biomesoplenty:boat: class biomesoplenty.client.renderer.BoatRendererBOP cannot be cast to class net.minecraft.client.renderer.entity.LivingEntityRenderer (biomesoplenty.client.renderer.BoatRendererBOP is in module biomesoplenty@19.0.0.96 of loader 'TRANSFORMER' @3f02dc34; net.minecraft.client.renderer.entity.LivingEntityRenderer is in module minecraft@1.20.1 of loader 'TRANSFORMER' @3f02dc34)
[00:47:00] [Render thread/WARN]: Could not apply custom armor to entity type biomesoplenty:chest_boat: class biomesoplenty.client.renderer.BoatRendererBOP cannot be cast to class net.minecraft.client.renderer.entity.LivingEntityRenderer (biomesoplenty.client.renderer.BoatRendererBOP is in module biomesoplenty@19.0.0.96 of loader 'TRANSFORMER' @3f02dc34; net.minecraft.client.renderer.entity.LivingEntityRenderer is in module minecraft@1.20.1 of loader 'TRANSFORMER' @3f02dc34)
[00:47:00] [Render thread/WARN]: Could not apply custom armor to entity type zombie_extreme:infected: class zombie_extreme.client.renderer.InfectedRenderer cannot be cast to class net.minecraft.client.renderer.entity.LivingEntityRenderer (zombie_extreme.client.renderer.InfectedRenderer is in module zombie_extreme@0.2.6 of loader 'TRANSFORMER' @3f02dc34; net.minecraft.client.renderer.entity.LivingEntityRenderer is in module minecraft@1.20.1 of loader 'TRANSFORMER' @3f02dc34)
[00:47:00] [Render thread/WARN]: Could not apply custom armor to entity type zombie_extreme:runner: class zombie_extreme.client.renderer.RunnerRenderer cannot be cast to class net.minecraft.client.renderer.entity.LivingEntityRenderer (zombie_extreme.client.renderer.RunnerRenderer is in module zombie_extreme@0.2.6 of loader 'TRANSFORMER' @3f02dc34; net.minecraft.client.renderer.entity.LivingEntityRenderer is in module minecraft@1.20.1 of loader 'TRANSFORMER' @3f02dc34)
[00:47:00] [Render thread/WARN]: Could not apply custom armor to entity type zombie_extreme:infected_police: class zombie_extreme.client.renderer.InfectedPoliceRenderer cannot be cast to class net.minecraft.client.renderer.entity.LivingEntityRenderer (zombie_extreme.client.renderer.InfectedPoliceRenderer is in module zombie_extreme@0.2.6 of loader 'TRANSFORMER' @3f02dc34; net.minecraft.client.renderer.entity.LivingEntityRenderer is in module minecraft@1.20.1 of loader 'TRANSFORMER' @3f02dc34)
[00:47:00] [Render thread/WARN]: Could not apply custom armor to entity type zombie_extreme:infected_hazmat: class zombie_extreme.client.renderer.InfectedHazmatRenderer cannot be cast to class net.minecraft.client.renderer.entity.LivingEntityRenderer (zombie_extreme.client.renderer.InfectedHazmatRenderer is in module zombie_extreme@0.2.6 of loader 'TRANSFORMER' @3f02dc34; net.minecraft.client.renderer.entity.LivingEntityRenderer is in module minecraft@1.20.1 of loader 'TRANSFORMER' @3f02dc34)
[00:47:00] [Render thread/WARN]: Could not apply custom armor to entity type zombie_extreme:infected_military: class zombie_extreme.client.renderer.InfectedMilitaryRenderer cannot be cast to class net.minecraft.client.renderer.entity.LivingEntityRenderer (zombie_extreme.client.renderer.InfectedMilitaryRenderer is in module zombie_extreme@0.2.6 of loader 'TRANSFORMER' @3f02dc34; net.minecraft.client.renderer.entity.LivingEntityRenderer is in module minecraft@1.20.1 of loader 'TRANSFORMER' @3f02dc34)
[00:47:00] [Render thread/WARN]: Could not apply custom armor to entity type zombie_extreme:infected_juggernaut: class zombie_extreme.client.renderer.InfectedJuggernautRenderer cannot be cast to class net.minecraft.client.renderer.entity.LivingEntityRenderer (zombie_extreme.client.renderer.InfectedJuggernautRenderer is in module zombie_extreme@0.2.6 of loader 'TRANSFORMER' @3f02dc34; net.minecraft.client.renderer.entity.LivingEntityRenderer is in module minecraft@1.20.1 of loader 'TRANSFORMER' @3f02dc34)
[00:47:00] [Render thread/WARN]: Could not apply custom armor to entity type zombie_extreme:boomer: class zombie_extreme.client.renderer.BoomerRenderer cannot be cast to class net.minecraft.client.renderer.entity.LivingEntityRenderer (zombie_extreme.client.renderer.BoomerRenderer is in module zombie_extreme@0.2.6 of loader 'TRANSFORMER' @3f02dc34; net.minecraft.client.renderer.entity.LivingEntityRenderer is in module minecraft@1.20.1 of loader 'TRANSFORMER' @3f02dc34)
[00:47:00] [Render thread/WARN]: Could not apply custom armor to entity type zombie_extreme:crawler: class zombie_extreme.client.renderer.CrawlerRenderer cannot be cast to class net.minecraft.client.renderer.entity.LivingEntityRenderer (zombie_extreme.client.renderer.CrawlerRenderer is in module zombie_extreme@0.2.6 of loader 'TRANSFORMER' @3f02dc34; net.minecraft.client.renderer.entity.LivingEntityRenderer is in module minecraft@1.20.1 of loader 'TRANSFORMER' @3f02dc34)
[00:47:00] [Render thread/WARN]: Could not apply custom armor to entity type zombie_extreme:demolisher: class zombie_extreme.client.renderer.DemolisherRenderer cannot be cast to class net.minecraft.client.renderer.entity.LivingEntityRenderer (zombie_extreme.client.renderer.DemolisherRenderer is in module zombie_extreme@0.2.6 of loader 'TRANSFORMER' @3f02dc34; net.minecraft.client.renderer.entity.LivingEntityRenderer is in module minecraft@1.20.1 of loader 'TRANSFORMER' @3f02dc34)
[00:47:00] [Render thread/WARN]: Could not apply custom armor to entity type zombie_extreme:ram: class zombie_extreme.client.renderer.RamRenderer cannot be cast to class net.minecraft.client.renderer.entity.LivingEntityRenderer (zombie_extreme.client.renderer.RamRenderer is in module zombie_extreme@0.2.6 of loader 'TRANSFORMER' @3f02dc34; net.minecraft.client.renderer.entity.LivingEntityRenderer is in module minecraft@1.20.1 of loader 'TRANSFORMER' @3f02dc34)
[00:47:00] [Render thread/WARN]: Could not apply custom armor to entity type zombie_extreme:chainsaw: class zombie_extreme.client.renderer.ChainsawRenderer cannot be cast to class net.minecraft.client.renderer.entity.LivingEntityRenderer (zombie_extreme.client.renderer.ChainsawRenderer is in module zombie_extreme@0.2.6 of loader 'TRANSFORMER' @3f02dc34; net.minecraft.client.renderer.entity.LivingEntityRenderer is in module minecraft@1.20.1 of loader 'TRANSFORMER' @3f02dc34)
[00:47:00] [Render thread/WARN]: Could not apply custom armor to entity type zombie_extreme:explosive_infected: class zombie_extreme.client.renderer.ExplosiveInfectedRenderer cannot be cast to class net.minecraft.client.renderer.entity.LivingEntityRenderer (zombie_extreme.client.renderer.ExplosiveInfectedRenderer is in module zombie_extreme@0.2.6 of loader 'TRANSFORMER' @3f02dc34; net.minecraft.client.renderer.entity.LivingEntityRenderer is in module minecraft@1.20.1 of loader 'TRANSFORMER' @3f02dc34)
[00:47:00] [Render thread/WARN]: Could not apply custom armor to entity type zombie_extreme:night_hunter: class zombie_extreme.client.renderer.NightHunterRenderer cannot be cast to class net.minecraft.client.renderer.entity.LivingEntityRenderer (zombie_extreme.client.renderer.NightHunterRenderer is in module zombie_extreme@0.2.6 of loader 'TRANSFORMER' @3f02dc34; net.minecraft.client.renderer.entity.LivingEntityRenderer is in module minecraft@1.20.1 of loader 'TRANSFORMER' @3f02dc34)
[00:47:00] [Render thread/WARN]: Could not apply custom armor to entity type zombie_extreme:rat_king: class zombie_extreme.client.renderer.RatKingRenderer cannot be cast to class net.minecraft.client.renderer.entity.LivingEntityRenderer (zombie_extreme.client.renderer.RatKingRenderer is in module zombie_extreme@0.2.6 of loader 'TRANSFORMER' @3f02dc34; net.minecraft.client.renderer.entity.LivingEntityRenderer is in module minecraft@1.20.1 of loader 'TRANSFORMER' @3f02dc34)
[00:47:00] [Render thread/WARN]: Could not apply custom armor to entity type zombie_extreme:clicker: class zombie_extreme.client.renderer.ClickerRenderer cannot be cast to class net.minecraft.client.renderer.entity.LivingEntityRenderer (zombie_extreme.client.renderer.ClickerRenderer is in module zombie_extreme@0.2.6 of loader 'TRANSFORMER' @3f02dc34; net.minecraft.client.renderer.entity.LivingEntityRenderer is in module minecraft@1.20.1 of loader 'TRANSFORMER' @3f02dc34)
[00:47:00] [Render thread/WARN]: Could not apply custom armor to entity type zombie_extreme:inflated: class zombie_extreme.client.renderer.InflatedRenderer cannot be cast to class net.minecraft.client.renderer.entity.LivingEntityRenderer (zombie_extreme.client.renderer.InflatedRenderer is in module zombie_extreme@0.2.6 of loader 'TRANSFORMER' @3f02dc34; net.minecraft.client.renderer.entity.LivingEntityRenderer is in module minecraft@1.20.1 of loader 'TRANSFORMER' @3f02dc34)
[00:47:00] [Render thread/WARN]: Could not apply custom armor to entity type zombie_extreme:faceless: class zombie_extreme.client.renderer.FacelessRenderer cannot be cast to class net.minecraft.client.renderer.entity.LivingEntityRenderer (zombie_extreme.client.renderer.FacelessRenderer is in module zombie_extreme@0.2.6 of loader 'TRANSFORMER' @3f02dc34; net.minecraft.client.renderer.entity.LivingEntityRenderer is in module minecraft@1.20.1 of loader 'TRANSFORMER' @3f02dc34)
[00:47:00] [Render thread/WARN]: Could not apply custom armor to entity type zombie_extreme:goon: class zombie_extreme.client.renderer.GoonRenderer cannot be cast to class net.minecraft.client.renderer.entity.LivingEntityRenderer (zombie_extreme.client.renderer.GoonRenderer is in module zombie_extreme@0.2.6 of loader 'TRANSFORMER' @3f02dc34; net.minecraft.client.renderer.entity.LivingEntityRenderer is in module minecraft@1.20.1 of loader 'TRANSFORMER' @3f02dc34)
[00:47:00] [Render thread/WARN]: Could not apply custom armor to entity type zombie_extreme:revived: class zombie_extreme.client.renderer.RevivedRenderer cannot be cast to class net.minecraft.client.renderer.entity.LivingEntityRenderer (zombie_extreme.client.renderer.RevivedRenderer is in module zombie_extreme@0.2.6 of loader 'TRANSFORMER' @3f02dc34; net.minecraft.client.renderer.entity.LivingEntityRenderer is in module minecraft@1.20.1 of loader 'TRANSFORMER' @3f02dc34)
[00:47:00] [Render thread/WARN]: Could not apply custom armor to entity type zombie_extreme:divided: class zombie_extreme.client.renderer.DividedRenderer cannot be cast to class net.minecraft.client.renderer.entity.LivingEntityRenderer (zombie_extreme.client.renderer.DividedRenderer is in module zombie_extreme@0.2.6 of loader 'TRANSFORMER' @3f02dc34; net.minecraft.client.renderer.entity.LivingEntityRenderer is in module minecraft@1.20.1 of loader 'TRANSFORMER' @3f02dc34)
[00:47:00] [Render thread/WARN]: Could not apply custom armor to entity type zombie_extreme:devestated: class zombie_extreme.client.renderer.DevestatedRenderer cannot be cast to class net.minecraft.client.renderer.entity.LivingEntityRenderer (zombie_extreme.client.renderer.DevestatedRenderer is in module zombie_extreme@0.2.6 of loader 'TRANSFORMER' @3f02dc34; net.minecraft.client.renderer.entity.LivingEntityRenderer is in module minecraft@1.20.1 of loader 'TRANSFORMER' @3f02dc34)
[00:47:00] [Render thread/WARN]: Could not apply custom armor to entity type zombie_extreme:parasite: class zombie_extreme.client.renderer.ParasiteRenderer cannot be cast to class net.minecraft.client.renderer.entity.LivingEntityRenderer (zombie_extreme.client.renderer.ParasiteRenderer is in module zombie_extreme@0.2.6 of loader 'TRANSFORMER' @3f02dc34; net.minecraft.client.renderer.entity.LivingEntityRenderer is in module minecraft@1.20.1 of loader 'TRANSFORMER' @3f02dc34)
[00:47:00] [Render thread/WARN]: Could not apply custom armor to entity type zombie_extreme:zero_patient: class zombie_extreme.client.renderer.ZeroPatientRenderer cannot be cast to class net.minecraft.client.renderer.entity.LivingEntityRenderer (zombie_extreme.client.renderer.ZeroPatientRenderer is in module zombie_extreme@0.2.6 of loader 'TRANSFORMER' @3f02dc34; net.minecraft.client.renderer.entity.LivingEntityRenderer is in module minecraft@1.20.1 of loader 'TRANSFORMER' @3f02dc34)
[00:47:00] [Render thread/WARN]: Could not apply custom armor to entity type zombie_extreme:fetus: class zombie_extreme.client.renderer.FetusRenderer cannot be cast to class net.minecraft.client.renderer.entity.LivingEntityRenderer (zombie_extreme.client.renderer.FetusRenderer is in module zombie_extreme@0.2.6 of loader 'TRANSFORMER' @3f02dc34; net.minecraft.client.renderer.entity.LivingEntityRenderer is in module minecraft@1.20.1 of loader 'TRANSFORMER' @3f02dc34)
[00:47:00] [Render thread/WARN]: Could not apply custom armor to entity type zombie_extreme:military: class zombie_extreme.client.renderer.MilitaryRenderer cannot be cast to class net.minecraft.client.renderer.entity.LivingEntityRenderer (zombie_extreme.client.renderer.MilitaryRenderer is in module zombie_extreme@0.2.6 of loader 'TRANSFORMER' @3f02dc34; net.minecraft.client.renderer.entity.LivingEntityRenderer is in module minecraft@1.20.1 of loader 'TRANSFORMER' @3f02dc34)
[00:47:00] [Render thread/WARN]: Could not apply custom armor to entity type zombie_extreme:assasin_black_ops: class zombie_extreme.client.renderer.AssasinBlackOpsRenderer cannot be cast to class net.minecraft.client.renderer.entity.LivingEntityRenderer (zombie_extreme.client.renderer.AssasinBlackOpsRenderer is in module zombie_extreme@0.2.6 of loader 'TRANSFORMER' @3f02dc34; net.minecraft.client.renderer.entity.LivingEntityRenderer is in module minecraft@1.20.1 of loader 'TRANSFORMER' @3f02dc34)
[00:47:00] [Render thread/WARN]: Could not apply custom armor to entity type zombie_extreme:spit_inflated_projectile: class net.minecraft.client.renderer.entity.ThrownItemRenderer cannot be cast to class net.minecraft.client.renderer.entity.LivingEntityRenderer (net.minecraft.client.renderer.entity.ThrownItemRenderer and net.minecraft.client.renderer.entity.LivingEntityRenderer are in module minecraft@1.20.1 of loader 'TRANSFORMER' @3f02dc34)
[00:47:00] [Render thread/WARN]: Could not apply custom armor to entity type crittersandcompanions:dragonfly: class software.bernie.geckolib.renderer.GeoEntityRenderer cannot be cast to class net.minecraft.client.renderer.entity.LivingEntityRenderer (software.bernie.geckolib.renderer.GeoEntityRenderer is in module geckolib@4.7 of loader 'TRANSFORMER' @3f02dc34; net.minecraft.client.renderer.entity.LivingEntityRenderer is in module minecraft@1.20.1 of loader 'TRANSFORMER' @3f02dc34)
[00:47:00] [Render thread/WARN]: Could not apply custom armor to entity type crittersandcompanions:dumbo_octopus: class software.bernie.geckolib.renderer.GeoEntityRenderer cannot be cast to class net.minecraft.client.renderer.entity.LivingEntityRenderer (software.bernie.geckolib.renderer.GeoEntityRenderer is in module geckolib@4.7 of loader 'TRANSFORMER' @3f02dc34; net.minecraft.client.renderer.entity.LivingEntityRenderer is in module minecraft@1.20.1 of loader 'TRANSFORMER' @3f02dc34)
[00:47:00] [Render thread/WARN]: Could not apply custom armor to entity type crittersandcompanions:ferret: class com.github.eterdelta.crittersandcompanions.client.renderer.geo.entity.FerretRenderer cannot be cast to class net.minecraft.client.renderer.entity.LivingEntityRenderer (com.github.eterdelta.crittersandcompanions.client.renderer.geo.entity.FerretRenderer is in module crittersandcompanions@1.20.1-2.3.5 of loader 'TRANSFORMER' @3f02dc34; net.minecraft.client.renderer.entity.LivingEntityRenderer is in module minecraft@1.20.1 of loader 'TRANSFORMER' @3f02dc34)
[00:47:00] [Render thread/WARN]: Could not apply custom armor to entity type crittersandcompanions:grappling_hook: class com.github.eterdelta.crittersandcompanions.client.renderer.GrapplingHookRenderer cannot be cast to class net.minecraft.client.renderer.entity.LivingEntityRenderer (com.github.eterdelta.crittersandcompanions.client.renderer.GrapplingHookRenderer is in module crittersandcompanions@1.20.1-2.3.5 of loader 'TRANSFORMER' @3f02dc34; net.minecraft.client.renderer.entity.LivingEntityRenderer is in module minecraft@1.20.1 of loader 'TRANSFORMER' @3f02dc34)
[00:47:00] [Render thread/WARN]: Could not apply custom armor to entity type crittersandcompanions:jumping_spider: class software.bernie.geckolib.renderer.GeoEntityRenderer cannot be cast to class net.minecraft.client.renderer.entity.LivingEntityRenderer (software.bernie.geckolib.renderer.GeoEntityRenderer is in module geckolib@4.7 of loader 'TRANSFORMER' @3f02dc34; net.minecraft.client.renderer.entity.LivingEntityRenderer is in module minecraft@1.20.1 of loader 'TRANSFORMER' @3f02dc34)
[00:47:00] [Render thread/WARN]: Could not apply custom armor to entity type crittersandcompanions:koi_fish: class software.bernie.geckolib.renderer.GeoEntityRenderer cannot be cast to class net.minecraft.client.renderer.entity.LivingEntityRenderer (software.bernie.geckolib.renderer.GeoEntityRenderer is in module geckolib@4.7 of loader 'TRANSFORMER' @3f02dc34; net.minecraft.client.renderer.entity.LivingEntityRenderer is in module minecraft@1.20.1 of loader 'TRANSFORMER' @3f02dc34)
[00:47:00] [Render thread/WARN]: Could not apply custom armor to entity type crittersandcompanions:leaf_insect: class software.bernie.geckolib.renderer.GeoEntityRenderer cannot be cast to class net.minecraft.client.renderer.entity.LivingEntityRenderer (software.bernie.geckolib.renderer.GeoEntityRenderer is in module geckolib@4.7 of loader 'TRANSFORMER' @3f02dc34; net.minecraft.client.renderer.entity.LivingEntityRenderer is in module minecraft@1.20.1 of loader 'TRANSFORMER' @3f02dc34)
[00:47:00] [Render thread/WARN]: Could not apply custom armor to entity type crittersandcompanions:otter: class com.github.eterdelta.crittersandcompanions.client.renderer.geo.entity.OtterRenderer cannot be cast to class net.minecraft.client.renderer.entity.LivingEntityRenderer (com.github.eterdelta.crittersandcompanions.client.renderer.geo.entity.OtterRenderer is in module crittersandcompanions@1.20.1-2.3.5 of loader 'TRANSFORMER' @3f02dc34; net.minecraft.client.renderer.entity.LivingEntityRenderer is in module minecraft@1.20.1 of loader 'TRANSFORMER' @3f02dc34)
[00:47:00] [Render thread/WARN]: Could not apply custom armor to entity type crittersandcompanions:red_panda: class software.bernie.geckolib.renderer.GeoEntityRenderer cannot be cast to class net.minecraft.client.renderer.entity.LivingEntityRenderer (software.bernie.geckolib.renderer.GeoEntityRenderer is in module geckolib@4.7 of loader 'TRANSFORMER' @3f02dc34; net.minecraft.client.renderer.entity.LivingEntityRenderer is in module minecraft@1.20.1 of loader 'TRANSFORMER' @3f02dc34)
[00:47:00] [Render thread/WARN]: Could not apply custom armor to entity type crittersandcompanions:sea_bunny: class software.bernie.geckolib.renderer.GeoEntityRenderer cannot be cast to class net.minecraft.client.renderer.entity.LivingEntityRenderer (software.bernie.geckolib.renderer.GeoEntityRenderer is in module geckolib@4.7 of loader 'TRANSFORMER' @3f02dc34; net.minecraft.client.renderer.entity.LivingEntityRenderer is in module minecraft@1.20.1 of loader 'TRANSFORMER' @3f02dc34)
[00:47:00] [Render thread/WARN]: Could not apply custom armor to entity type crittersandcompanions:shima_enaga: class software.bernie.geckolib.renderer.GeoEntityRenderer cannot be cast to class net.minecraft.client.renderer.entity.LivingEntityRenderer (software.bernie.geckolib.renderer.GeoEntityRenderer is in module geckolib@4.7 of loader 'TRANSFORMER' @3f02dc34; net.minecraft.client.renderer.entity.LivingEntityRenderer is in module minecraft@1.20.1 of loader 'TRANSFORMER' @3f02dc34)
[00:47:00] [Render thread/WARN]: Could not apply custom armor to entity type naturalist:alligator: class com.starfish_studios.naturalist.client.renderer.AlligatorRenderer cannot be cast to class net.minecraft.client.renderer.entity.LivingEntityRenderer (com.starfish_studios.naturalist.client.renderer.AlligatorRenderer is in module naturalist@5.0pre2 of loader 'TRANSFORMER' @3f02dc34; net.minecraft.client.renderer.entity.LivingEntityRenderer is in module minecraft@1.20.1 of loader 'TRANSFORMER' @3f02dc34)
[00:47:00] [Render thread/WARN]: Could not apply custom armor to entity type naturalist:bass: class com.starfish_studios.naturalist.client.renderer.BassRenderer cannot be cast to class net.minecraft.client.renderer.entity.LivingEntityRenderer (com.starfish_studios.naturalist.client.renderer.BassRenderer is in module naturalist@5.0pre2 of loader 'TRANSFORMER' @3f02dc34; net.minecraft.client.renderer.entity.LivingEntityRenderer is in module minecraft@1.20.1 of loader 'TRANSFORMER' @3f02dc34)
[00:47:00] [Render thread/WARN]: Could not apply custom armor to entity type naturalist:bear: class com.starfish_studios.naturalist.client.renderer.BearRenderer cannot be cast to class net.minecraft.client.renderer.entity.LivingEntityRenderer (com.starfish_studios.naturalist.client.renderer.BearRenderer is in module naturalist@5.0pre2 of loader 'TRANSFORMER' @3f02dc34; net.minecraft.client.renderer.entity.LivingEntityRenderer is in module minecraft@1.20.1 of loader 'TRANSFORMER' @3f02dc34)
[00:47:00] [Render thread/WARN]: Could not apply custom armor to entity type naturalist:bluejay: class com.starfish_studios.naturalist.client.renderer.BirdRenderer cannot be cast to class net.minecraft.client.renderer.entity.LivingEntityRenderer (com.starfish_studios.naturalist.client.renderer.BirdRenderer is in module naturalist@5.0pre2 of loader 'TRANSFORMER' @3f02dc34; net.minecraft.client.renderer.entity.LivingEntityRenderer is in module minecraft@1.20.1 of loader 'TRANSFORMER' @3f02dc34)
[00:47:00] [Render thread/WARN]: Could not apply custom armor to entity type naturalist:boar: class com.starfish_studios.naturalist.client.renderer.BoarRenderer cannot be cast to class net.minecraft.client.renderer.entity.LivingEntityRenderer (com.starfish_studios.naturalist.client.renderer.BoarRenderer is in module naturalist@5.0pre2 of loader 'TRANSFORMER' @3f02dc34; net.minecraft.client.renderer.entity.LivingEntityRenderer is in module minecraft@1.20.1 of loader 'TRANSFORMER' @3f02dc34)
[00:47:00] [Render thread/WARN]: Could not apply custom armor to entity type naturalist:butterfly: class com.starfish_studios.naturalist.client.renderer.ButterflyRenderer cannot be cast to class net.minecraft.client.renderer.entity.LivingEntityRenderer (com.starfish_studios.naturalist.client.renderer.ButterflyRenderer is in module naturalist@5.0pre2 of loader 'TRANSFORMER' @3f02dc34; net.minecraft.client.renderer.entity.LivingEntityRenderer is in module minecraft@1.20.1 of loader 'TRANSFORMER' @3f02dc34)
[00:47:00] [Render thread/WARN]: Could not apply custom armor to entity type naturalist:canary: class com.starfish_studios.naturalist.client.renderer.BirdRenderer cannot be cast to class net.minecraft.client.renderer.entity.LivingEntityRenderer (com.starfish_studios.naturalist.client.renderer.BirdRenderer is in module naturalist@5.0pre2 of loader 'TRANSFORMER' @3f02dc34; net.minecraft.client.renderer.entity.LivingEntityRenderer is in module minecraft@1.20.1 of loader 'TRANSFORMER' @3f02dc34)
[00:47:00] [Render thread/WARN]: Could not apply custom armor to entity type naturalist:cardinal: class com.starfish_studios.naturalist.client.renderer.BirdRenderer cannot be cast to class net.minecraft.client.renderer.entity.LivingEntityRenderer (com.starfish_studios.naturalist.client.renderer.BirdRenderer is in module naturalist@5.0pre2 of loader 'TRANSFORMER' @3f02dc34; net.minecraft.client.renderer.entity.LivingEntityRenderer is in module minecraft@1.20.1 of loader 'TRANSFORMER' @3f02dc34)
[00:47:00] [Render thread/WARN]: Could not apply custom armor to entity type naturalist:caterpillar: class com.starfish_studios.naturalist.client.renderer.CaterpillarRenderer cannot be cast to class net.minecraft.client.renderer.entity.LivingEntityRenderer (com.starfish_studios.naturalist.client.renderer.CaterpillarRenderer is in module naturalist@5.0pre2 of loader 'TRANSFORMER' @3f02dc34; net.minecraft.client.renderer.entity.LivingEntityRenderer is in module minecraft@1.20.1 of loader 'TRANSFORMER' @3f02dc34)
[00:47:00] [Render thread/WARN]: Could not apply custom armor to entity type naturalist:catfish: class com.starfish_studios.naturalist.client.renderer.CatfishRenderer cannot be cast to class net.minecraft.client.renderer.entity.LivingEntityRenderer (com.starfish_studios.naturalist.client.renderer.CatfishRenderer is in module naturalist@5.0pre2 of loader 'TRANSFORMER' @3f02dc34; net.minecraft.client.renderer.entity.LivingEntityRenderer is in module minecraft@1.20.1 of loader 'TRANSFORMER' @3f02dc34)
[00:47:00] [Render thread/WARN]: Could not apply custom armor to entity type naturalist:coral_snake: class com.starfish_studios.naturalist.client.renderer.SnakeRenderer cannot be cast to class net.minecraft.client.renderer.entity.LivingEntityRenderer (com.starfish_studios.naturalist.client.renderer.SnakeRenderer is in module naturalist@5.0pre2 of loader 'TRANSFORMER' @3f02dc34; net.minecraft.client.renderer.entity.LivingEntityRenderer is in module minecraft@1.20.1 of loader 'TRANSFORMER' @3f02dc34)
[00:47:00] [Render thread/WARN]: Could not apply custom armor to entity type naturalist:deer: class com.starfish_studios.naturalist.client.renderer.DeerRenderer cannot be cast to class net.minecraft.client.renderer.entity.LivingEntityRenderer (com.starfish_studios.naturalist.client.renderer.DeerRenderer is in module naturalist@5.0pre2 of loader 'TRANSFORMER' @3f02dc34; net.minecraft.client.renderer.entity.LivingEntityRenderer is in module minecraft@1.20.1 of loader 'TRANSFORMER' @3f02dc34)
[00:47:00] [Render thread/WARN]: Could not apply custom armor to entity type naturalist:dragonfly: class com.starfish_studios.naturalist.client.renderer.DragonflyRenderer cannot be cast to class net.minecraft.client.renderer.entity.LivingEntityRenderer (com.starfish_studios.naturalist.client.renderer.DragonflyRenderer is in module naturalist@5.0pre2 of loader 'TRANSFORMER' @3f02dc34; net.minecraft.client.renderer.entity.LivingEntityRenderer is in module minecraft@1.20.1 of loader 'TRANSFORMER' @3f02dc34)
[00:47:00] [Render thread/WARN]: Could not apply custom armor to entity type naturalist:duck: class com.starfish_studios.naturalist.client.renderer.DuckRenderer cannot be cast to class net.minecraft.client.renderer.entity.LivingEntityRenderer (com.starfish_studios.naturalist.client.renderer.DuckRenderer is in module naturalist@5.0pre2 of loader 'TRANSFORMER' @3f02dc34; net.minecraft.client.renderer.entity.LivingEntityRenderer is in module minecraft@1.20.1 of loader 'TRANSFORMER' @3f02dc34)
[00:47:00] [Render thread/WARN]: Could not apply custom armor to entity type naturalist:duck_egg: class net.minecraft.client.renderer.entity.ThrownItemRenderer cannot be cast to class net.minecraft.client.renderer.entity.LivingEntityRenderer (net.minecraft.client.renderer.entity.ThrownItemRenderer and net.minecraft.client.renderer.entity.LivingEntityRenderer are in module minecraft@1.20.1 of loader 'TRANSFORMER' @3f02dc34)
[00:47:00] [Render thread/WARN]: Could not apply custom armor to entity type naturalist:elephant: class com.starfish_studios.naturalist.client.renderer.ElephantRenderer cannot be cast to class net.minecraft.client.renderer.entity.LivingEntityRenderer (com.starfish_studios.naturalist.client.renderer.ElephantRenderer is in module naturalist@5.0pre2 of loader 'TRANSFORMER' @3f02dc34; net.minecraft.client.renderer.entity.LivingEntityRenderer is in module minecraft@1.20.1 of loader 'TRANSFORMER' @3f02dc34)
[00:47:00] [Render thread/WARN]: Could not apply custom armor to entity type naturalist:firefly: class com.starfish_studios.naturalist.client.renderer.FireflyRenderer cannot be cast to class net.minecraft.client.renderer.entity.LivingEntityRenderer (com.starfish_studios.naturalist.client.renderer.FireflyRenderer is in module naturalist@5.0pre2 of loader 'TRANSFORMER' @3f02dc34; net.minecraft.client.renderer.entity.LivingEntityRenderer is in module minecraft@1.20.1 of loader 'TRANSFORMER' @3f02dc34)
[00:47:00] [Render thread/WARN]: Could not apply custom armor to entity type naturalist:finch: class com.starfish_studios.naturalist.client.renderer.BirdRenderer cannot be cast to class net.minecraft.client.renderer.entity.LivingEntityRenderer (com.starfish_studios.naturalist.client.renderer.BirdRenderer is in module naturalist@5.0pre2 of loader 'TRANSFORMER' @3f02dc34; net.minecraft.client.renderer.entity.LivingEntityRenderer is in module minecraft@1.20.1 of loader 'TRANSFORMER' @3f02dc34)
[00:47:00] [Render thread/WARN]: Could not apply custom armor to entity type naturalist:giraffe: class com.starfish_studios.naturalist.client.renderer.GiraffeRenderer cannot be cast to class net.minecraft.client.renderer.entity.LivingEntityRenderer (com.starfish_studios.naturalist.client.renderer.GiraffeRenderer is in module naturalist@5.0pre2 of loader 'TRANSFORMER' @3f02dc34; net.minecraft.client.renderer.entity.LivingEntityRenderer is in module minecraft@1.20.1 of loader 'TRANSFORMER' @3f02dc34)
[00:47:00] [Render thread/WARN]: Could not apply custom armor to entity type naturalist:hippo: class com.starfish_studios.naturalist.client.renderer.HippoRenderer cannot be cast to class net.minecraft.client.renderer.entity.LivingEntityRenderer (com.starfish_studios.naturalist.client.renderer.HippoRenderer is in module naturalist@5.0pre2 of loader 'TRANSFORMER' @3f02dc34; net.minecraft.client.renderer.entity.LivingEntityRenderer is in module minecraft@1.20.1 of loader 'TRANSFORMER' @3f02dc34)
[00:47:00] [Render thread/WARN]: Could not apply custom armor to entity type naturalist:lion: class com.starfish_studios.naturalist.client.renderer.LionRenderer cannot be cast to class net.minecraft.client.renderer.entity.LivingEntityRenderer (com.starfish_studios.naturalist.client.renderer.LionRenderer is in module naturalist@5.0pre2 of loader 'TRANSFORMER' @3f02dc34; net.minecraft.client.renderer.entity.LivingEntityRenderer is in module minecraft@1.20.1 of loader 'TRANSFORMER' @3f02dc34)
[00:47:00] [Render thread/WARN]: Could not apply custom armor to entity type naturalist:lizard: class com.starfish_studios.naturalist.client.renderer.LizardRenderer cannot be cast to class net.minecraft.client.renderer.entity.LivingEntityRenderer (com.starfish_studios.naturalist.client.renderer.LizardRenderer is in module naturalist@5.0pre2 of loader 'TRANSFORMER' @3f02dc34; net.minecraft.client.renderer.entity.LivingEntityRenderer is in module minecraft@1.20.1 of loader 'TRANSFORMER' @3f02dc34)
[00:47:00] [Render thread/WARN]: Could not apply custom armor to entity type naturalist:lizard_tail: class com.starfish_studios.naturalist.client.renderer.LizardTailRenderer cannot be cast to class net.minecraft.client.renderer.entity.LivingEntityRenderer (com.starfish_studios.naturalist.client.renderer.LizardTailRenderer is in module naturalist@5.0pre2 of loader 'TRANSFORMER' @3f02dc34; net.minecraft.client.renderer.entity.LivingEntityRenderer is in module minecraft@1.20.1 of loader 'TRANSFORMER' @3f02dc34)
[00:47:00] [Render thread/WARN]: Could not apply custom armor to entity type naturalist:moose: class com.starfish_studios.naturalist.client.renderer.MooseRenderer cannot be cast to class net.minecraft.client.renderer.entity.LivingEntityRenderer (com.starfish_studios.naturalist.client.renderer.MooseRenderer is in module naturalist@5.0pre2 of loader 'TRANSFORMER' @3f02dc34; net.minecraft.client.renderer.entity.LivingEntityRenderer is in module minecraft@1.20.1 of loader 'TRANSFORMER' @3f02dc34)
[00:47:00] [Render thread/WARN]: Could not apply custom armor to entity type naturalist:rattlesnake: class com.starfish_studios.naturalist.client.renderer.SnakeRenderer cannot be cast to class net.minecraft.client.renderer.entity.LivingEntityRenderer (com.starfish_studios.naturalist.client.renderer.SnakeRenderer is in module naturalist@5.0pre2 of loader 'TRANSFORMER' @3f02dc34; net.minecraft.client.renderer.entity.LivingEntityRenderer is in module minecraft@1.20.1 of loader 'TRANSFORMER' @3f02dc34)
[00:47:00] [Render thread/WARN]: Could not apply custom armor to entity type naturalist:rhino: class com.starfish_studios.naturalist.client.renderer.RhinoRenderer cannot be cast to class net.minecraft.client.renderer.entity.LivingEntityRenderer (com.starfish_studios.naturalist.client.renderer.RhinoRenderer is in module naturalist@5.0pre2 of loader 'TRANSFORMER' @3f02dc34; net.minecraft.client.renderer.entity.LivingEntityRenderer is in module minecraft@1.20.1 of loader 'TRANSFORMER' @3f02dc34)
[00:47:00] [Render thread/WARN]: Could not apply custom armor to entity type naturalist:robin: class com.starfish_studios.naturalist.client.renderer.BirdRenderer cannot be cast to class net.minecraft.client.renderer.entity.LivingEntityRenderer (com.starfish_studios.naturalist.client.renderer.BirdRenderer is in module naturalist@5.0pre2 of loader 'TRANSFORMER' @3f02dc34; net.minecraft.client.renderer.entity.LivingEntityRenderer is in module minecraft@1.20.1 of loader 'TRANSFORMER' @3f02dc34)
[00:47:00] [Render thread/WARN]: Could not apply custom armor to entity type naturalist:snail: class com.starfish_studios.naturalist.client.renderer.SnailRenderer cannot be cast to class net.minecraft.client.renderer.entity.LivingEntityRenderer (com.starfish_studios.naturalist.client.renderer.SnailRenderer is in module naturalist@5.0pre2 of loader 'TRANSFORMER' @3f02dc34; net.minecraft.client.renderer.entity.LivingEntityRenderer is in module minecraft@1.20.1 of loader 'TRANSFORMER' @3f02dc34)
[00:47:00] [Render thread/WARN]: Could not apply custom armor to entity type naturalist:snake: class com.starfish_studios.naturalist.client.renderer.SnakeRenderer cannot be cast to class net.minecraft.client.renderer.entity.LivingEntityRenderer (com.starfish_studios.naturalist.client.renderer.SnakeRenderer is in module naturalist@5.0pre2 of loader 'TRANSFORMER' @3f02dc34; net.minecraft.client.renderer.entity.LivingEntityRenderer is in module minecraft@1.20.1 of loader 'TRANSFORMER' @3f02dc34)
[00:47:00] [Render thread/WARN]: Could not apply custom armor to entity type naturalist:sparrow: class com.starfish_studios.naturalist.client.renderer.BirdRenderer cannot be cast to class net.minecraft.client.renderer.entity.LivingEntityRenderer (com.starfish_studios.naturalist.client.renderer.BirdRenderer is in module naturalist@5.0pre2 of loader 'TRANSFORMER' @3f02dc34; net.minecraft.client.renderer.entity.LivingEntityRenderer is in module minecraft@1.20.1 of loader 'TRANSFORMER' @3f02dc34)
[00:47:00] [Render thread/WARN]: Could not apply custom armor to entity type naturalist:tortoise: class com.starfish_studios.naturalist.client.renderer.TortoiseRenderer cannot be cast to class net.minecraft.client.renderer.entity.LivingEntityRenderer (com.starfish_studios.naturalist.client.renderer.TortoiseRenderer is in module naturalist@5.0pre2 of loader 'TRANSFORMER' @3f02dc34; net.minecraft.client.renderer.entity.LivingEntityRenderer is in module minecraft@1.20.1 of loader 'TRANSFORMER' @3f02dc34)
[00:47:00] [Render thread/WARN]: Could not apply custom armor to entity type naturalist:vulture: class com.starfish_studios.naturalist.client.renderer.VultureRenderer cannot be cast to class net.minecraft.client.renderer.entity.LivingEntityRenderer (com.starfish_studios.naturalist.client.renderer.VultureRenderer is in module naturalist@5.0pre2 of loader 'TRANSFORMER' @3f02dc34; net.minecraft.client.renderer.entity.LivingEntityRenderer is in module minecraft@1.20.1 of loader 'TRANSFORMER' @3f02dc34)
[00:47:00] [Render thread/WARN]: Could not apply custom armor to entity type immersive_aircraft:gyrodyne: class immersive_aircraft.client.render.entity.renderer.GyrodyneEntityRenderer cannot be cast to class net.minecraft.client.renderer.entity.LivingEntityRenderer (immersive_aircraft.client.render.entity.renderer.GyrodyneEntityRenderer is in module immersive_aircraft@1.4.0+1.20.1 of loader 'TRANSFORMER' @3f02dc34; net.minecraft.client.renderer.entity.LivingEntityRenderer is in module minecraft@1.20.1 of loader 'TRANSFORMER' @3f02dc34)
[00:47:00] [Render thread/WARN]: Could not apply custom armor to entity type immersive_aircraft:biplane: class immersive_aircraft.client.render.entity.renderer.BiplaneEntityRenderer cannot be cast to class net.minecraft.client.renderer.entity.LivingEntityRenderer (immersive_aircraft.client.render.entity.renderer.BiplaneEntityRenderer is in module immersive_aircraft@1.4.0+1.20.1 of loader 'TRANSFORMER' @3f02dc34; net.minecraft.client.renderer.entity.LivingEntityRenderer is in module minecraft@1.20.1 of loader 'TRANSFORMER' @3f02dc34)
[00:47:00] [Render thread/WARN]: Could not apply custom armor to entity type immersive_aircraft:airship: class immersive_aircraft.client.render.entity.renderer.AirshipEntityRenderer cannot be cast to class net.minecraft.client.renderer.entity.LivingEntityRenderer (immersive_aircraft.client.render.entity.renderer.AirshipEntityRenderer is in module immersive_aircraft@1.4.0+1.20.1 of loader 'TRANSFORMER' @3f02dc34; net.minecraft.client.renderer.entity.LivingEntityRenderer is in module minecraft@1.20.1 of loader 'TRANSFORMER' @3f02dc34)
[00:47:00] [Render thread/WARN]: Could not apply custom armor to entity type immersive_aircraft:cargo_airship: class immersive_aircraft.client.render.entity.renderer.CargoAirshipEntityRenderer cannot be cast to class net.minecraft.client.renderer.entity.LivingEntityRenderer (immersive_aircraft.client.render.entity.renderer.CargoAirshipEntityRenderer is in module immersive_aircraft@1.4.0+1.20.1 of loader 'TRANSFORMER' @3f02dc34; net.minecraft.client.renderer.entity.LivingEntityRenderer is in module minecraft@1.20.1 of loader 'TRANSFORMER' @3f02dc34)
[00:47:00] [Render thread/WARN]: Could not apply custom armor to entity type immersive_aircraft:warship: class immersive_aircraft.client.render.entity.renderer.WarshipEntityRenderer cannot be cast to class net.minecraft.client.renderer.entity.LivingEntityRenderer (immersive_aircraft.client.render.entity.renderer.WarshipEntityRenderer is in module immersive_aircraft@1.4.0+1.20.1 of loader 'TRANSFORMER' @3f02dc34; net.minecraft.client.renderer.entity.LivingEntityRenderer is in module minecraft@1.20.1 of loader 'TRANSFORMER' @3f02dc34)
[00:47:00] [Render thread/WARN]: Could not apply custom armor to entity type immersive_aircraft:quadrocopter: class immersive_aircraft.client.render.entity.renderer.QuadrocopterEntityRenderer cannot be cast to class net.minecraft.client.renderer.entity.LivingEntityRenderer (immersive_aircraft.client.render.entity.renderer.QuadrocopterEntityRenderer is in module immersive_aircraft@1.4.0+1.20.1 of loader 'TRANSFORMER' @3f02dc34; net.minecraft.client.renderer.entity.LivingEntityRenderer is in module minecraft@1.20.1 of loader 'TRANSFORMER' @3f02dc34)
[00:47:00] [Render thread/WARN]: Could not apply custom armor to entity type immersive_aircraft:bamboo_hopper: class immersive_aircraft.client.render.entity.renderer.BambooHopperEntityRenderer cannot be cast to class net.minecraft.client.renderer.entity.LivingEntityRenderer (immersive_aircraft.client.render.entity.renderer.BambooHopperEntityRenderer is in module immersive_aircraft@1.4.0+1.20.1 of loader 'TRANSFORMER' @3f02dc34; net.minecraft.client.renderer.entity.LivingEntityRenderer is in module minecraft@1.20.1 of loader 'TRANSFORMER' @3f02dc34)
[00:47:00] [Render thread/WARN]: Could not apply custom armor to entity type immersive_aircraft:bullet: class immersive_aircraft.client.render.entity.renderer.bullet.BulletEntityRenderer cannot be cast to class net.minecraft.client.renderer.entity.LivingEntityRenderer (immersive_aircraft.client.render.entity.renderer.bullet.BulletEntityRenderer is in module immersive_aircraft@1.4.0+1.20.1 of loader 'TRANSFORMER' @3f02dc34; net.minecraft.client.renderer.entity.LivingEntityRenderer is in module minecraft@1.20.1 of loader 'TRANSFORMER' @3f02dc34)
[00:47:00] [Render thread/WARN]: Could not apply custom armor to entity type immersive_aircraft:tiny_tnt: class immersive_aircraft.client.render.entity.renderer.bullet.TinyTNTRenderer cannot be cast to class net.minecraft.client.renderer.entity.LivingEntityRenderer (immersive_aircraft.client.render.entity.renderer.bullet.TinyTNTRenderer is in module immersive_aircraft@1.4.0+1.20.1 of loader 'TRANSFORMER' @3f02dc34; net.minecraft.client.renderer.entity.LivingEntityRenderer is in module minecraft@1.20.1 of loader 'TRANSFORMER' @3f02dc34)
[00:47:00] [Render thread/WARN]: Could not apply custom armor to entity type simpleplanes:plane: class xyz.przemyk.simpleplanes.client.render.PlaneRenderer cannot be cast to class net.minecraft.client.renderer.entity.LivingEntityRenderer (xyz.przemyk.simpleplanes.client.render.PlaneRenderer is in module simpleplanes@1.20.1-5.3.3 of loader 'TRANSFORMER' @3f02dc34; net.minecraft.client.renderer.entity.LivingEntityRenderer is in module minecraft@1.20.1 of loader 'TRANSFORMER' @3f02dc34)
[00:47:00] [Render thread/WARN]: Could not apply custom armor to entity type simpleplanes:large_plane: class xyz.przemyk.simpleplanes.client.render.PlaneRenderer cannot be cast to class net.minecraft.client.renderer.entity.LivingEntityRenderer (xyz.przemyk.simpleplanes.client.render.PlaneRenderer is in module simpleplanes@1.20.1-5.3.3 of loader 'TRANSFORMER' @3f02dc34; net.minecraft.client.renderer.entity.LivingEntityRenderer is in module minecraft@1.20.1 of loader 'TRANSFORMER' @3f02dc34)
[00:47:00] [Render thread/WARN]: Could not apply custom armor to entity type simpleplanes:cargo_plane: class xyz.przemyk.simpleplanes.client.render.PlaneRenderer cannot be cast to class net.minecraft.client.renderer.entity.LivingEntityRenderer (xyz.przemyk.simpleplanes.client.render.PlaneRenderer is in module simpleplanes@1.20.1-5.3.3 of loader 'TRANSFORMER' @3f02dc34; net.minecraft.client.renderer.entity.LivingEntityRenderer is in module minecraft@1.20.1 of loader 'TRANSFORMER' @3f02dc34)
[00:47:00] [Render thread/WARN]: Could not apply custom armor to entity type simpleplanes:helicopter: class xyz.przemyk.simpleplanes.client.render.PlaneRenderer cannot be cast to class net.minecraft.client.renderer.entity.LivingEntityRenderer (xyz.przemyk.simpleplanes.client.render.PlaneRenderer is in module simpleplanes@1.20.1-5.3.3 of loader 'TRANSFORMER' @3f02dc34; net.minecraft.client.renderer.entity.LivingEntityRenderer is in module minecraft@1.20.1 of loader 'TRANSFORMER' @3f02dc34)
[00:47:00] [Render thread/WARN]: Could not apply custom armor to entity type simpleplanes:parachute: class xyz.przemyk.simpleplanes.client.render.ParachuteRenderer cannot be cast to class net.minecraft.client.renderer.entity.LivingEntityRenderer (xyz.przemyk.simpleplanes.client.render.ParachuteRenderer is in module simpleplanes@1.20.1-5.3.3 of loader 'TRANSFORMER' @3f02dc34; net.minecraft.client.renderer.entity.LivingEntityRenderer is in module minecraft@1.20.1 of loader 'TRANSFORMER' @3f02dc34)
[00:47:00] [Render thread/WARN]: Could not apply custom armor to entity type farmersdelight:rotten_tomato: class net.minecraft.client.renderer.entity.ThrownItemRenderer cannot be cast to class net.minecraft.client.renderer.entity.LivingEntityRenderer (net.minecraft.client.renderer.entity.ThrownItemRenderer and net.minecraft.client.renderer.entity.LivingEntityRenderer are in module minecraft@1.20.1 of loader 'TRANSFORMER' @3f02dc34)
[00:47:00] [Render thread/WARN]: Could not apply custom armor to entity type doapi:chair: class de.cristelknight.doapi.client.render.entity.ChairRenderer cannot be cast to class net.minecraft.client.renderer.entity.LivingEntityRenderer (de.cristelknight.doapi.client.render.entity.ChairRenderer is in module doapi@1.2.15 of loader 'TRANSFORMER' @3f02dc34; net.minecraft.client.renderer.entity.LivingEntityRenderer is in module minecraft@1.20.1 of loader 'TRANSFORMER' @3f02dc34)
[00:47:00] [Render thread/WARN]: Could not apply custom armor to entity type terraform:boat: class de.cristelknight.doapi.forge.terraform.boat.impl.client.CustomBoatEntityRenderer cannot be cast to class net.minecraft.client.renderer.entity.LivingEntityRenderer (de.cristelknight.doapi.forge.terraform.boat.impl.client.CustomBoatEntityRenderer is in module doapi@1.2.15 of loader 'TRANSFORMER' @3f02dc34; net.minecraft.client.renderer.entity.LivingEntityRenderer is in module minecraft@1.20.1 of loader 'TRANSFORMER' @3f02dc34)
[00:47:00] [Render thread/WARN]: Could not apply custom armor to entity type terraform:chest_boat: class de.cristelknight.doapi.forge.terraform.boat.impl.client.CustomBoatEntityRenderer cannot be cast to class net.minecraft.client.renderer.entity.LivingEntityRenderer (de.cristelknight.doapi.forge.terraform.boat.impl.client.CustomBoatEntityRenderer is in module doapi@1.2.15 of loader 'TRANSFORMER' @3f02dc34; net.minecraft.client.renderer.entity.LivingEntityRenderer is in module minecraft@1.20.1 of loader 'TRANSFORMER' @3f02dc34)
[00:47:00] [Render thread/WARN]: Could not apply custom armor to entity type vinery:dark_cherry_boat: class net.satisfy.vinery.client.render.entity.DarkCherryBoatRenderer cannot be cast to class net.minecraft.client.renderer.entity.LivingEntityRenderer (net.satisfy.vinery.client.render.entity.DarkCherryBoatRenderer is in module vinery@1.4.39 of loader 'TRANSFORMER' @3f02dc34; net.minecraft.client.renderer.entity.LivingEntityRenderer is in module minecraft@1.20.1 of loader 'TRANSFORMER' @3f02dc34)
[00:47:00] [Render thread/WARN]: Could not apply custom armor to entity type vinery:dark_cherry_chest_boat: class net.satisfy.vinery.client.render.entity.DarkCherryBoatRenderer cannot be cast to class net.minecraft.client.renderer.entity.LivingEntityRenderer (net.satisfy.vinery.client.render.entity.DarkCherryBoatRenderer is in module vinery@1.4.39 of loader 'TRANSFORMER' @3f02dc34; net.minecraft.client.renderer.entity.LivingEntityRenderer is in module minecraft@1.20.1 of loader 'TRANSFORMER' @3f02dc34)
[00:47:00] [Render thread/WARN]: Could not apply custom armor to entity type vinery:chair: class net.satisfy.vinery.client.render.entity.ChairRenderer cannot be cast to class net.minecraft.client.renderer.entity.LivingEntityRenderer (net.satisfy.vinery.client.render.entity.ChairRenderer is in module vinery@1.4.39 of loader 'TRANSFORMER' @3f02dc34; net.minecraft.client.renderer.entity.LivingEntityRenderer is in module minecraft@1.20.1 of loader 'TRANSFORMER' @3f02dc34)
[00:47:00] [Render thread/WARN]: Could not apply custom armor to entity type dragnvehicles:car: class com.dragn0007.dragnvehicles.vehicle.car.CarRender cannot be cast to class net.minecraft.client.renderer.entity.LivingEntityRenderer (com.dragn0007.dragnvehicles.vehicle.car.CarRender is in module dragnvehicles@1.20.1-1.3 of loader 'TRANSFORMER' @3f02dc34; net.minecraft.client.renderer.entity.LivingEntityRenderer is in module minecraft@1.20.1 of loader 'TRANSFORMER' @3f02dc34)
[00:47:00] [Render thread/WARN]: Could not apply custom armor to entity type dragnvehicles:classic: class com.dragn0007.dragnvehicles.vehicle.classic.ClassicRender cannot be cast to class net.minecraft.client.renderer.entity.LivingEntityRenderer (com.dragn0007.dragnvehicles.vehicle.classic.ClassicRender is in module dragnvehicles@1.20.1-1.3 of loader 'TRANSFORMER' @3f02dc34; net.minecraft.client.renderer.entity.LivingEntityRenderer is in module minecraft@1.20.1 of loader 'TRANSFORMER' @3f02dc34)
[00:47:00] [Render thread/WARN]: Could not apply custom armor to entity type dragnvehicles:truck: class com.dragn0007.dragnvehicles.vehicle.truck.TruckRender cannot be cast to class net.minecraft.client.renderer.entity.LivingEntityRenderer (com.dragn0007.dragnvehicles.vehicle.truck.TruckRender is in module dragnvehicles@1.20.1-1.3 of loader 'TRANSFORMER' @3f02dc34; net.minecraft.client.renderer.entity.LivingEntityRenderer is in module minecraft@1.20.1 of loader 'TRANSFORMER' @3f02dc34)
[00:47:00] [Render thread/WARN]: Could not apply custom armor to entity type dragnvehicles:suv: class com.dragn0007.dragnvehicles.vehicle.suv.SUVRender cannot be cast to class net.minecraft.client.renderer.entity.LivingEntityRenderer (com.dragn0007.dragnvehicles.vehicle.suv.SUVRender is in module dragnvehicles@1.20.1-1.3 of loader 'TRANSFORMER' @3f02dc34; net.minecraft.client.renderer.entity.LivingEntityRenderer is in module minecraft@1.20.1 of loader 'TRANSFORMER' @3f02dc34)
[00:47:00] [Render thread/WARN]: Could not apply custom armor to entity type dragnvehicles:sport_car: class com.dragn0007.dragnvehicles.vehicle.sportcar.SportCarRender cannot be cast to class net.minecraft.client.renderer.entity.LivingEntityRenderer (com.dragn0007.dragnvehicles.vehicle.sportcar.SportCarRender is in module dragnvehicles@1.20.1-1.3 of loader 'TRANSFORMER' @3f02dc34; net.minecraft.client.renderer.entity.LivingEntityRenderer is in module minecraft@1.20.1 of loader 'TRANSFORMER' @3f02dc34)
[00:47:00] [Render thread/WARN]: Could not apply custom armor to entity type dragnvehicles:motorcycle: class com.dragn0007.dragnvehicles.vehicle.motorcycle.MotorcycleRender cannot be cast to class net.minecraft.client.renderer.entity.LivingEntityRenderer (com.dragn0007.dragnvehicles.vehicle.motorcycle.MotorcycleRender is in module dragnvehicles@1.20.1-1.3 of loader 'TRANSFORMER' @3f02dc34; net.minecraft.client.renderer.entity.LivingEntityRenderer is in module minecraft@1.20.1 of loader 'TRANSFORMER' @3f02dc34)
[00:47:00] [Render thread/WARN]: Could not apply custom armor to entity type cgm:projectile: class com.mrcrayfish.guns.client.render.entity.ProjectileRenderer cannot be cast to class net.minecraft.client.renderer.entity.LivingEntityRenderer (com.mrcrayfish.guns.client.render.entity.ProjectileRenderer is in module cgm@1.4.18 of loader 'TRANSFORMER' @3f02dc34; net.minecraft.client.renderer.entity.LivingEntityRenderer is in module minecraft@1.20.1 of loader 'TRANSFORMER' @3f02dc34)
[00:47:00] [Render thread/WARN]: Could not apply custom armor to entity type cgm:grenade: class com.mrcrayfish.guns.client.render.entity.GrenadeRenderer cannot be cast to class net.minecraft.client.renderer.entity.LivingEntityRenderer (com.mrcrayfish.guns.client.render.entity.GrenadeRenderer is in module cgm@1.4.18 of loader 'TRANSFORMER' @3f02dc34; net.minecraft.client.renderer.entity.LivingEntityRenderer is in module minecraft@1.20.1 of loader 'TRANSFORMER' @3f02dc34)
[00:47:00] [Render thread/WARN]: Could not apply custom armor to entity type cgm:missile: class com.mrcrayfish.guns.client.render.entity.MissileRenderer cannot be cast to class net.minecraft.client.renderer.entity.LivingEntityRenderer (com.mrcrayfish.guns.client.render.entity.MissileRenderer is in module cgm@1.4.18 of loader 'TRANSFORMER' @3f02dc34; net.minecraft.client.renderer.entity.LivingEntityRenderer is in module minecraft@1.20.1 of loader 'TRANSFORMER' @3f02dc34)
[00:47:00] [Render thread/WARN]: Could not apply custom armor to entity type cgm:throwable_grenade: class com.mrcrayfish.guns.client.render.entity.ThrowableGrenadeRenderer cannot be cast to class net.minecraft.client.renderer.entity.LivingEntityRenderer (com.mrcrayfish.guns.client.render.entity.ThrowableGrenadeRenderer is in module cgm@1.4.18 of loader 'TRANSFORMER' @3f02dc34; net.minecraft.client.renderer.entity.LivingEntityRenderer is in module minecraft@1.20.1 of loader 'TRANSFORMER' @3f02dc34)
[00:47:00] [Render thread/WARN]: Could not apply custom armor to entity type cgm:throwable_stun_grenade: class com.mrcrayfish.guns.client.render.entity.ThrowableGrenadeRenderer cannot be cast to class net.minecraft.client.renderer.entity.LivingEntityRenderer (com.mrcrayfish.guns.client.render.entity.ThrowableGrenadeRenderer is in module cgm@1.4.18 of loader 'TRANSFORMER' @3f02dc34; net.minecraft.client.renderer.entity.LivingEntityRenderer is in module minecraft@1.20.1 of loader 'TRANSFORMER' @3f02dc34)
[00:47:00] [Render thread/WARN]: Could not apply custom armor to entity type justoutdoorstuffs:entity_sit: class com.imjustseiyin.justoutdoorstuffs.JustOutdoorStuffsMod$ClientModEvents$EmptyRenderer cannot be cast to class net.minecraft.client.renderer.entity.LivingEntityRenderer (com.imjustseiyin.justoutdoorstuffs.JustOutdoorStuffsMod$ClientModEvents$EmptyRenderer is in module justoutdoorstuffs@1.0.2-1.20.1 of loader 'TRANSFORMER' @3f02dc34; net.minecraft.client.renderer.entity.LivingEntityRenderer is in module minecraft@1.20.1 of loader 'TRANSFORMER' @3f02dc34)
[00:47:00] [Render thread/WARN]: Could not apply custom armor to entity type tacz:bullet: class com.tacz.guns.client.renderer.entity.EntityBulletRenderer cannot be cast to class net.minecraft.client.renderer.entity.LivingEntityRenderer (com.tacz.guns.client.renderer.entity.EntityBulletRenderer is in module tacz@1.1.6-hotfix of loader 'TRANSFORMER' @3f02dc34; net.minecraft.client.renderer.entity.LivingEntityRenderer is in module minecraft@1.20.1 of loader 'TRANSFORMER' @3f02dc34)
[00:47:00] [Render thread/WARN]: Could not apply custom armor to entity type tacz:target_minecart: class com.tacz.guns.client.renderer.entity.TargetMinecartRenderer cannot be cast to class net.minecraft.client.renderer.entity.LivingEntityRenderer (com.tacz.guns.client.renderer.entity.TargetMinecartRenderer is in module tacz@1.1.6-hotfix of loader 'TRANSFORMER' @3f02dc34; net.minecraft.client.renderer.entity.LivingEntityRenderer is in module minecraft@1.20.1 of loader 'TRANSFORMER' @3f02dc34)
[00:47:00] [Render thread/WARN]: Could not apply custom armor to entity type buildersdelight:sit: class com.tynoxs.buildersdelight.content.entity.renderer.SitRenderer cannot be cast to class net.minecraft.client.renderer.entity.LivingEntityRenderer (com.tynoxs.buildersdelight.content.entity.renderer.SitRenderer is in module buildersdelight@1.2.1 of loader 'TRANSFORMER' @3f02dc34; net.minecraft.client.renderer.entity.LivingEntityRenderer is in module minecraft@1.20.1 of loader 'TRANSFORMER' @3f02dc34)
[00:47:00] [Render thread/WARN]: Could not apply custom armor to entity type weaponthrow:weaponthrow: class com.dainxt.weaponthrow.entity.render.WeaponThrowRenderer cannot be cast to class net.minecraft.client.renderer.entity.LivingEntityRenderer (com.dainxt.weaponthrow.entity.render.WeaponThrowRenderer is in module weaponthrow@1.20.1-6.0-beta.1 of loader 'TRANSFORMER' @3f02dc34; net.minecraft.client.renderer.entity.LivingEntityRenderer is in module minecraft@1.20.1 of loader 'TRANSFORMER' @3f02dc34)
[00:47:00] [Render thread/WARN]: Could not apply custom armor to entity type embellishcraft:sit: class tv.mapper.embellishcraft.furniture.client.renderer.SitRenderer cannot be cast to class net.minecraft.client.renderer.entity.LivingEntityRenderer (tv.mapper.embellishcraft.furniture.client.renderer.SitRenderer is in module embellishcraft@1.20.1-7.0.0.0 of loader 'TRANSFORMER' @3f02dc34; net.minecraft.client.renderer.entity.LivingEntityRenderer is in module minecraft@1.20.1 of loader 'TRANSFORMER' @3f02dc34)
[00:47:00] [Render thread/WARN]: Could not apply custom armor to entity type create_sa:flamethrower_pr: class net.minecraft.client.renderer.entity.ThrownItemRenderer cannot be cast to class net.minecraft.client.renderer.entity.LivingEntityRenderer (net.minecraft.client.renderer.entity.ThrownItemRenderer and net.minecraft.client.renderer.entity.LivingEntityRenderer are in module minecraft@1.20.1 of loader 'TRANSFORMER' @3f02dc34)
[00:47:00] [Render thread/WARN]: Could not apply custom armor to entity type create_sa:flamethrower_pr_2: class net.minecraft.client.renderer.entity.ThrownItemRenderer cannot be cast to class net.minecraft.client.renderer.entity.LivingEntityRenderer (net.minecraft.client.renderer.entity.ThrownItemRenderer and net.minecraft.client.renderer.entity.LivingEntityRenderer are in module minecraft@1.20.1 of loader 'TRANSFORMER' @3f02dc34)
[00:47:00] [Render thread/WARN]: Could not apply custom armor to entity type parcool:zipline_rope: class com.alrex.parcool.client.renderer.entity.ZiplineRopeRenderer cannot be cast to class net.minecraft.client.renderer.entity.LivingEntityRenderer (com.alrex.parcool.client.renderer.entity.ZiplineRopeRenderer is in module parcool@3.4.1.5 of loader 'TRANSFORMER' @3f02dc34; net.minecraft.client.renderer.entity.LivingEntityRenderer is in module minecraft@1.20.1 of loader 'TRANSFORMER' @3f02dc34)
[00:47:00] [Render thread/WARN]: Could not apply custom armor to entity type create:contraption: class com.simibubi.create.content.contraptions.render.OrientedContraptionEntityRenderer cannot be cast to class net.minecraft.client.renderer.entity.LivingEntityRenderer (com.simibubi.create.content.contraptions.render.OrientedContraptionEntityRenderer is in module create@6.0.6 of loader 'TRANSFORMER' @3f02dc34; net.minecraft.client.renderer.entity.LivingEntityRenderer is in module minecraft@1.20.1 of loader 'TRANSFORMER' @3f02dc34)
[00:47:00] [Render thread/WARN]: Could not apply custom armor to entity type create:stationary_contraption: class com.simibubi.create.content.contraptions.render.ContraptionEntityRenderer cannot be cast to class net.minecraft.client.renderer.entity.LivingEntityRenderer (com.simibubi.create.content.contraptions.render.ContraptionEntityRenderer is in module create@6.0.6 of loader 'TRANSFORMER' @3f02dc34; net.minecraft.client.renderer.entity.LivingEntityRenderer is in module minecraft@1.20.1 of loader 'TRANSFORMER' @3f02dc34)
[00:47:00] [Render thread/WARN]: Could not apply custom armor to entity type create:gantry_contraption: class com.simibubi.create.content.contraptions.render.ContraptionEntityRenderer cannot be cast to class net.minecraft.client.renderer.entity.LivingEntityRenderer (com.simibubi.create.content.contraptions.render.ContraptionEntityRenderer is in module create@6.0.6 of loader 'TRANSFORMER' @3f02dc34; net.minecraft.client.renderer.entity.LivingEntityRenderer is in module minecraft@1.20.1 of loader 'TRANSFORMER' @3f02dc34)
[00:47:00] [Render thread/WARN]: Could not apply custom armor to entity type create:carriage_contraption: class com.simibubi.create.content.trains.entity.CarriageContraptionEntityRenderer cannot be cast to class net.minecraft.client.renderer.entity.LivingEntityRenderer (com.simibubi.create.content.trains.entity.CarriageContraptionEntityRenderer is in module create@6.0.6 of loader 'TRANSFORMER' @3f02dc34; net.minecraft.client.renderer.entity.LivingEntityRenderer is in module minecraft@1.20.1 of loader 'TRANSFORMER' @3f02dc34)
[00:47:00] [Render thread/WARN]: Could not apply custom armor to entity type create:super_glue: class com.simibubi.create.content.contraptions.glue.SuperGlueRenderer cannot be cast to class net.minecraft.client.renderer.entity.LivingEntityRenderer (com.simibubi.create.content.contraptions.glue.SuperGlueRenderer is in module create@6.0.6 of loader 'TRANSFORMER' @3f02dc34; net.minecraft.client.renderer.entity.LivingEntityRenderer is in module minecraft@1.20.1 of loader 'TRANSFORMER' @3f02dc34)
[00:47:00] [Render thread/WARN]: Could not apply custom armor to entity type create:crafting_blueprint: class com.simibubi.create.content.equipment.blueprint.BlueprintRenderer cannot be cast to class net.minecraft.client.renderer.entity.LivingEntityRenderer (com.simibubi.create.content.equipment.blueprint.BlueprintRenderer is in module create@6.0.6 of loader 'TRANSFORMER' @3f02dc34; net.minecraft.client.renderer.entity.LivingEntityRenderer is in module minecraft@1.20.1 of loader 'TRANSFORMER' @3f02dc34)
[00:47:00] [Render thread/WARN]: Could not apply custom armor to entity type create:potato_projectile: class com.simibubi.create.content.equipment.potatoCannon.PotatoProjectileRenderer cannot be cast to class net.minecraft.client.renderer.entity.LivingEntityRenderer (com.simibubi.create.content.equipment.potatoCannon.PotatoProjectileRenderer is in module create@6.0.6 of loader 'TRANSFORMER' @3f02dc34; net.minecraft.client.renderer.entity.LivingEntityRenderer is in module minecraft@1.20.1 of loader 'TRANSFORMER' @3f02dc34)
[00:47:00] [Render thread/WARN]: Could not apply custom armor to entity type create:seat: class com.simibubi.create.content.contraptions.actors.seat.SeatEntity$Render cannot be cast to class net.minecraft.client.renderer.entity.LivingEntityRenderer (com.simibubi.create.content.contraptions.actors.seat.SeatEntity$Render is in module create@6.0.6 of loader 'TRANSFORMER' @3f02dc34; net.minecraft.client.renderer.entity.LivingEntityRenderer is in module minecraft@1.20.1 of loader 'TRANSFORMER' @3f02dc34)
[00:47:00] [Render thread/WARN]: Could not apply custom armor to entity type create:package: class com.simibubi.create.content.logistics.box.PackageRenderer cannot be cast to class net.minecraft.client.renderer.entity.LivingEntityRenderer (com.simibubi.create.content.logistics.box.PackageRenderer is in module create@6.0.6 of loader 'TRANSFORMER' @3f02dc34; net.minecraft.client.renderer.entity.LivingEntityRenderer is in module minecraft@1.20.1 of loader 'TRANSFORMER' @3f02dc34)
[00:47:00] [Render thread/WARN]: Shader rendertype_entity_translucent_emissive could not find sampler named Sampler2 in the specified shader program.
[00:47:00] [Render thread/WARN]: Shader watut:position_tex_blur could not find uniform named ColorModulator in the specified shader program.
[00:47:00] [Render thread/WARN]: Shader watut:position_tex_blur_horizontal could not find uniform named ColorModulator in the specified shader program.
[00:47:00] [Render thread/WARN]: Shader watut:position_tex_blur_vertical could not find uniform named ColorModulator in the specified shader program.
[00:47:00] [Render thread/INFO]: Created: 2048x2048x0 minecraft:textures/atlas/particles.png-atlas
[00:47:00] [Render thread/INFO]: Created: 512x256x0 minecraft:textures/atlas/paintings.png-atlas
[00:47:00] [Render thread/INFO]: Created: 2048x2048x0 minecraft:textures/atlas/mob_effects.png-atlas
[00:47:00] [Render thread/INFO]: Loading exposure filters:
[00:47:00] [Render thread/INFO]: Filter [exposure:light_blue_pane, exposure:shaders/light_blue_tint.json] added.
[00:47:00] [Render thread/INFO]: Filter [exposure:orange_pane, exposure:shaders/orange_tint.json] added.
[00:47:00] [Render thread/INFO]: Filter [exposure:red_pane, exposure:shaders/red_filter.json] added.
[00:47:00] [Render thread/INFO]: Filter [exposure:purple_pane, exposure:shaders/purple_tint.json] added.
[00:47:00] [Render thread/INFO]: Filter [exposure:blue_pane, exposure:shaders/blue_filter.json] added.
[00:47:00] [Render thread/INFO]: Filter [exposure:light_gray_pane, exposure:shaders/light_gray_tint.json] added.
[00:47:00] [Render thread/INFO]: Filter [exposure:magenta_pane, exposure:shaders/magenta_tint.json] added.
[00:47:00] [Render thread/INFO]: Filter [exposure:gray_pane, exposure:shaders/gray_tint.json] added.
[00:47:00] [Render thread/INFO]: Filter [exposure:lime_pane, exposure:shaders/lime_tint.json] added.
[00:47:00] [Render thread/INFO]: Filter [exposure:green_pane, exposure:shaders/green_filter.json] added.
[00:47:00] [Render thread/INFO]: Filter [exposure:pink_pane, exposure:shaders/pink_tint.json] added.
[00:47:00] [Render thread/INFO]: Filter [exposure:yellow_pane, exposure:shaders/yellow_tint.json] added.
[00:47:00] [Render thread/INFO]: Filter [exposure:white_pane, exposure:shaders/white_tint.json] added.
[00:47:00] [Render thread/INFO]: Filter [exposure:brown_pane, exposure:shaders/brown_tint.json] added.
[00:47:00] [Render thread/INFO]: Filter [exposure:glass_pane, exposure:shaders/crisp.json] added.
[00:47:00] [Render thread/INFO]: Filter [exposure:interplanar_projector, exposure:shaders/invert.json] added.
[00:47:00] [Render thread/INFO]: Filter [exposure:black_pane, exposure:shaders/black_tint.json] added.
[00:47:00] [Render thread/INFO]: Filter [exposure:cyan_pane, exposure:shaders/cyan_tint.json] added.
[00:47:00] [Render thread/INFO]: Created: 256x256x0 jei:textures/atlas/gui.png-atlas
[00:47:00] [Render thread/INFO]: Successfully reloaded the minimap shaders!
[00:47:00] [Render thread/INFO]: Successfully reloaded the world map shaders!
[00:47:00] [Render thread/INFO]: BookContentResourceListenerLoader preloaded 201 jsons
[00:47:01] [Thread-117/WARN]: Cannot read file from 'https://raw.githubusercontent.com/mortuusars/resources/refs/heads/main/supporters/patreon/uuids/copper.json': Connection timed out: connect
[00:47:01] [Thread-116/WARN]: Cannot read file from 'https://raw.githubusercontent.com/mortuusars/resources/refs/heads/main/supporters/uuids/gilded.json': Connection timed out: connect
[00:47:02] [Render thread/INFO]: Created: 256x256x0 moonlight:textures/atlas/map_markers.png-atlas
[00:47:02] [Render thread/INFO]: Successfully loaded image 'sounds:textures/gui/chat_sounds.webp'
[00:47:02] [Render thread/INFO]: Successfully loaded image 'sounds:textures/gui/discord.webp'
[00:47:02] [Render thread/INFO]: Successfully loaded image 'sounds:textures/gui/event_sounds.webp'
[00:47:02] [Render thread/INFO]: Successfully loaded image 'sounds:textures/gui/kofi.webp'
[00:47:02] [Render thread/INFO]: Successfully loaded image 'sounds:textures/gui/mod_sounds.webp'
[00:47:02] [Render thread/INFO]: Successfully loaded image 'sounds:textures/gui/modrinth.webp'
[00:47:02] [Render thread/INFO]: Successfully loaded image 'sounds:textures/gui/ui_sounds.webp'
[00:47:02] [Render thread/INFO]: Successfully loaded image 'sounds:textures/gui/world_sounds.webp'
[00:47:02] [Render thread/INFO]: Loaded 111 shader sources in 38.902 ms
[00:47:03] [Render thread/INFO]: Loaded 56 train hat configurations.
[00:47:03] [Render thread/INFO]: Skipping non-result value minecraft:lantern=UNASSIGNED
[00:47:03] [Render thread/INFO]: Skipping non-result value minecraft:soul_lantern=UNASSIGNED
[00:47:03] [Render thread/INFO]: [FANCYMENU] Reloading resources..
[00:47:03] [Render thread/INFO]: [FANCYMENU] Pre-loading resources..
[00:47:03] [Render thread/INFO]: [ETF]: reloading ETF data.
[00:47:03] [Render thread/INFO]: [ETF]: emissive suffixes loaded: {_e}.
[00:47:03] [Render thread/INFO]: [FANCYMENU] Minecraft resource reload: FINISHED
[00:47:03] [Render thread/INFO]: Skipped loading bindings.properties since it doesn't exist
[00:47:03] [Render thread/INFO]: Skipped loading key_adapters.properties since it doesn't exist
[00:47:03] [Render thread/INFO]: Applying gamepad mappings from internal database
[00:47:03] [Render thread/INFO]: Successfully updated 532 gamepad mappings
[00:47:03] [Render thread/INFO]: Loaded config for: smoothchunk.json
[00:47:03] [Render thread/INFO]: Loaded config for: biomesize.json
[00:47:03] [Render thread/INFO]: [FANCYMENU] ScreenCustomizationLayer registered: title_screen
[00:47:03] [Render thread/INFO]: Creating pipeline for dimension NamespacedId{namespace='minecraft', name='overworld'}
[00:47:03] [Render thread/WARN]: Mod(s) [oculus] are modifying Embeddium class me.jellysquid.mods.sodium.client.gl.device.GLRenderDevice$ImmediateDrawCommandList, which may cause instability.
[00:47:03] [Render thread/ERROR]: [FANCYMENU] Failed to read texture from file! File not found: C:\Users\Leandro\curseforge\minecraft\Instances\DeceasedCraft - Urban Zombie Apocalypse\config\fancymenu\assets\gui\accessibility.png
[00:47:03] [Render thread/INFO]: Block minecraft:large_fern had its color provider replaced and will not use per-vertex coloring
[00:47:03] [Render thread/INFO]: Block minecraft:tall_grass had its color provider replaced and will not use per-vertex coloring
[00:47:03] [Render thread/INFO]: Block minecraft:grass_block had its color provider replaced and will not use per-vertex coloring
[00:47:03] [Render thread/INFO]: Block minecraft:fern had its color provider replaced and will not use per-vertex coloring
[00:47:03] [Render thread/INFO]: Block minecraft:grass had its color provider replaced and will not use per-vertex coloring
[00:47:03] [Render thread/INFO]: Block minecraft:potted_fern had its color provider replaced and will not use per-vertex coloring
[00:47:03] [Render thread/INFO]: Block minecraft:sugar_cane had its color provider replaced and will not use per-vertex coloring
[00:47:03] [Render thread/INFO]: Block minecraft:spruce_leaves had its color provider replaced and will not use per-vertex coloring
[00:47:03] [Render thread/INFO]: Block minecraft:birch_leaves had its color provider replaced and will not use per-vertex coloring
[00:47:03] [Render thread/INFO]: Block minecraft:oak_leaves had its color provider replaced and will not use per-vertex coloring
[00:47:03] [Render thread/INFO]: Block minecraft:jungle_leaves had its color provider replaced and will not use per-vertex coloring
[00:47:03] [Render thread/INFO]: Block minecraft:acacia_leaves had its color provider replaced and will not use per-vertex coloring
[00:47:03] [Render thread/INFO]: Block minecraft:dark_oak_leaves had its color provider replaced and will not use per-vertex coloring
[00:47:03] [Render thread/INFO]: Block minecraft:vine had its color provider replaced and will not use per-vertex coloring
[00:47:05] [Render thread/WARN]: Game took 66.124 seconds to start
[00:47:07] [Render thread/INFO]: [FANCYMENU] ScreenCustomizationLayer registered: select_world_screen
[00:47:07] [Render thread/INFO]: [FANCYMENU] ScreenCustomizationLayer registered: generic_dirt_message_screen
[00:47:07] [Render thread/INFO]: Created 472 recipes which will be injected into the game
[00:47:07] [Render thread/INFO]: Created 22 tags which will be injected into the game
[00:47:08] [Render thread/INFO]: Start scanning for gun packs in C:\Users\Leandro\curseforge\minecraft\Instances\DeceasedCraft - Urban Zombie Apocalypse\tacz
[00:47:08] [Render thread/INFO]: - bf1_default_gun, Main namespace: bf1
[00:47:08] [Render thread/INFO]: - gucci_attachments_default_gun, Main namespace: gucci_attachments
[00:47:08] [Render thread/INFO]: - gz_default_gun, Main namespace: gz
[00:47:08] [Render thread/INFO]: - rebel_default_gun, Main namespace: rebel
[00:47:08] [Render thread/INFO]: - suffuse_default_gun, Main namespace: suffuse
[00:47:08] [Render thread/INFO]: - tacz_default_gun, Main namespace: tacz
[00:47:08] [Render thread/INFO]: Found 6 possible gunpack(s) and added them to resource set.
[00:47:09] [Render thread/INFO]: Found new data pack V Slab Compat Generated Pack, loading it automatically
[00:47:09] [Render thread/INFO]: Found new data pack create:dynamic_data, loading it automatically
[00:47:09] [Render thread/INFO]: Found new data pack create_central_kitchen:farmersdelight, loading it automatically
[00:47:09] [Render thread/INFO]: Found new data pack fabric, loading it automatically
[00:47:09] [Render thread/INFO]: Found new data pack hordes-config, loading it automatically
[00:47:09] [Render thread/INFO]: Found new data pack tacz_resources, loading it automatically
[00:47:09] [Render thread/INFO]: Generated runtime resources for 3 packs in a total of: 23 ms
[00:47:09] [Render thread/INFO]: Generated runtime resources for 3 packs in a total of: 13 ms
[00:47:13] [Render thread/INFO]: Registered 1 additional loot tables.
[00:47:13] [KubeJS Recipe Event Worker 0/WARN]: Your custom createaddition:rolling/gold_plate recipe (createaddition:rolling/gold_plate) specified a duration. Durations have no impact on this type of recipe.
[00:47:13] [KubeJS Recipe Event Worker 0/WARN]: Your custom createaddition:rolling/copper_ingot recipe (createaddition:rolling/copper_ingot) specified a duration. Durations have no impact on this type of recipe.
[00:47:13] [KubeJS Recipe Event Worker 0/WARN]: Your custom createaddition:rolling/aluminum_plate recipe (createaddition:rolling/aluminum_plate) specified a duration. Durations have no impact on this type of recipe.
[00:47:13] [KubeJS Recipe Event Worker 0/WARN]: Your custom createaddition:rolling/iron_plate recipe (createaddition:rolling/iron_plate) specified a duration. Durations have no impact on this type of recipe.
[00:47:13] [KubeJS Recipe Event Worker 0/WARN]: Your custom createaddition:rolling/brass_ingot recipe (createaddition:rolling/brass_ingot) specified a duration. Durations have no impact on this type of recipe.
[00:47:13] [KubeJS Recipe Event Worker 0/WARN]: Your custom createaddition:rolling/steel_plate recipe (createaddition:rolling/steel_plate) specified a duration. Durations have no impact on this type of recipe.
[00:47:13] [KubeJS Recipe Event Worker 0/WARN]: Your custom createaddition:rolling/electrum_plate recipe (createaddition:rolling/electrum_plate) specified a duration. Durations have no impact on this type of recipe.
[00:47:13] [KubeJS Recipe Event Worker 0/WARN]: Your custom createaddition:rolling/straw recipe (createaddition:rolling/straw) specified a duration. Durations have no impact on this type of recipe.
[00:47:13] [KubeJS Recipe Event Worker 0/WARN]: Your custom createaddition:rolling/lead_plate recipe (createaddition:rolling/lead_plate) specified a duration. Durations have no impact on this type of recipe.
[00:47:13] [KubeJS Recipe Event Worker 0/WARN]: Your custom createaddition:rolling/aluminum_ingot recipe (createaddition:rolling/aluminum_ingot) specified a duration. Durations have no impact on this type of recipe.
[00:47:13] [KubeJS Recipe Event Worker 0/WARN]: Your custom createaddition:rolling/steel_ingot recipe (createaddition:rolling/steel_ingot) specified a duration. Durations have no impact on this type of recipe.
[00:47:13] [KubeJS Recipe Event Worker 0/WARN]: Your custom createaddition:rolling/iron_ingot recipe (createaddition:rolling/iron_ingot) specified a duration. Durations have no impact on this type of recipe.
[00:47:13] [KubeJS Recipe Event Worker 0/WARN]: Your custom createaddition:rolling/gold_ingot recipe (createaddition:rolling/gold_ingot) specified a duration. Durations have no impact on this type of recipe.
[00:47:13] [KubeJS Recipe Event Worker 0/WARN]: Your custom createaddition:rolling/copper_plate recipe (createaddition:rolling/copper_plate) specified a duration. Durations have no impact on this type of recipe.
[00:47:13] [KubeJS Recipe Event Worker 0/WARN]: Your custom createaddition:rolling/electrum_ingot recipe (createaddition:rolling/electrum_ingot) specified a duration. Durations have no impact on this type of recipe.
[00:47:15] [Placebo Patreon Trail Loader/ERROR]: Exception loading patreon trails data!
[00:47:15] [Placebo Patreon Wing Loader/ERROR]: Exception loading patreon wing data!
[00:47:15] [Placebo Patreon Trail Loader/INFO]: [dev.shadowsoffire.placebo.patreon.TrailsManager:lambda$init$0:57]: java.net.ConnectException: Connection timed out: connect
[00:47:15] [Placebo Patreon Trail Loader/INFO]: [dev.shadowsoffire.placebo.patreon.TrailsManager:lambda$init$0:57]: 	at java.base/sun.nio.ch.Net.connect0(Native Method)
[00:47:15] [Placebo Patreon Trail Loader/INFO]: [dev.shadowsoffire.placebo.patreon.TrailsManager:lambda$init$0:57]: 	at java.base/sun.nio.ch.Net.connect(Unknown Source)
[00:47:15] [Placebo Patreon Trail Loader/INFO]: [dev.shadowsoffire.placebo.patreon.TrailsManager:lambda$init$0:57]: 	at java.base/sun.nio.ch.Net.connect(Unknown Source)
[00:47:15] [Placebo Patreon Trail Loader/INFO]: [dev.shadowsoffire.placebo.patreon.TrailsManager:lambda$init$0:57]: 	at java.base/sun.nio.ch.NioSocketImpl.connect(Unknown Source)
[00:47:15] [Placebo Patreon Trail Loader/INFO]: [dev.shadowsoffire.placebo.patreon.TrailsManager:lambda$init$0:57]: 	at java.base/java.net.SocksSocketImpl.connect(Unknown Source)
[00:47:15] [Placebo Patreon Trail Loader/INFO]: [dev.shadowsoffire.placebo.patreon.TrailsManager:lambda$init$0:57]: 	at java.base/java.net.Socket.connect(Unknown Source)
[00:47:15] [Placebo Patreon Trail Loader/INFO]: [dev.shadowsoffire.placebo.patreon.TrailsManager:lambda$init$0:57]: 	at java.base/sun.security.ssl.SSLSocketImpl.connect(Unknown Source)
[00:47:15] [Placebo Patreon Trail Loader/INFO]: [dev.shadowsoffire.placebo.patreon.TrailsManager:lambda$init$0:57]: 	at java.base/sun.security.ssl.BaseSSLSocketImpl.connect(Unknown Source)
[00:47:15] [Placebo Patreon Trail Loader/INFO]: [dev.shadowsoffire.placebo.patreon.TrailsManager:lambda$init$0:57]: 	at java.base/sun.net.NetworkClient.doConnect(Unknown Source)
[00:47:15] [Placebo Patreon Trail Loader/INFO]: [dev.shadowsoffire.placebo.patreon.TrailsManager:lambda$init$0:57]: 	at java.base/sun.net.www.http.HttpClient.openServer(Unknown Source)
[00:47:15] [Placebo Patreon Trail Loader/INFO]: [dev.shadowsoffire.placebo.patreon.TrailsManager:lambda$init$0:57]: 	at java.base/sun.net.www.http.HttpClient.openServer(Unknown Source)
[00:47:15] [Placebo Patreon Trail Loader/INFO]: [dev.shadowsoffire.placebo.patreon.TrailsManager:lambda$init$0:57]: 	at java.base/sun.net.www.protocol.https.HttpsClient.<init>(Unknown Source)
[00:47:15] [Placebo Patreon Trail Loader/INFO]: [dev.shadowsoffire.placebo.patreon.TrailsManager:lambda$init$0:57]: 	at java.base/sun.net.www.protocol.https.HttpsClient.New(Unknown Source)
[00:47:15] [Placebo Patreon Trail Loader/INFO]: [dev.shadowsoffire.placebo.patreon.TrailsManager:lambda$init$0:57]: 	at java.base/sun.net.www.protocol.https.AbstractDelegateHttpsURLConnection.getNewHttpClient(Unknown Source)
[00:47:15] [Placebo Patreon Trail Loader/INFO]: [dev.shadowsoffire.placebo.patreon.TrailsManager:lambda$init$0:57]: 	at java.base/sun.net.www.protocol.http.HttpURLConnection.plainConnect0(Unknown Source)
[00:47:15] [Placebo Patreon Trail Loader/INFO]: [dev.shadowsoffire.placebo.patreon.TrailsManager:lambda$init$0:57]: 	at java.base/sun.net.www.protocol.http.HttpURLConnection.plainConnect(Unknown Source)
[00:47:15] [Placebo Patreon Trail Loader/INFO]: [dev.shadowsoffire.placebo.patreon.TrailsManager:lambda$init$0:57]: 	at java.base/sun.net.www.protocol.https.AbstractDelegateHttpsURLConnection.connect(Unknown Source)
[00:47:15] [Placebo Patreon Trail Loader/INFO]: [dev.shadowsoffire.placebo.patreon.TrailsManager:lambda$init$0:57]: 	at java.base/sun.net.www.protocol.http.HttpURLConnection.getInputStream0(Unknown Source)
[00:47:15] [Placebo Patreon Trail Loader/INFO]: [dev.shadowsoffire.placebo.patreon.TrailsManager:lambda$init$0:57]: 	at java.base/sun.net.www.protocol.http.HttpURLConnection.getInputStream(Unknown Source)
[00:47:15] [Placebo Patreon Trail Loader/INFO]: [dev.shadowsoffire.placebo.patreon.TrailsManager:lambda$init$0:57]: 	at java.base/sun.net.www.protocol.https.HttpsURLConnectionImpl.getInputStream(Unknown Source)
[00:47:15] [Placebo Patreon Trail Loader/INFO]: [dev.shadowsoffire.placebo.patreon.TrailsManager:lambda$init$0:57]: 	at java.base/java.net.URL.openStream(Unknown Source)
[00:47:15] [Placebo Patreon Trail Loader/INFO]: [dev.shadowsoffire.placebo.patreon.TrailsManager:lambda$init$0:57]: 	at TRANSFORMER/placebo@8.6.3/dev.shadowsoffire.placebo.patreon.TrailsManager.lambda$init$0(TrailsManager.java:43)
[00:47:15] [Placebo Patreon Trail Loader/INFO]: [dev.shadowsoffire.placebo.patreon.TrailsManager:lambda$init$0:57]: 	at java.base/java.lang.Thread.run(Unknown Source)
[00:47:15] [Placebo Patreon Trail Loader/INFO]: Loaded 0 patreon trails.
[00:47:15] [Placebo Patreon Wing Loader/INFO]: [dev.shadowsoffire.placebo.patreon.WingsManager:lambda$init$1:65]: java.net.ConnectException: Connection timed out: connect
[00:47:15] [Placebo Patreon Wing Loader/INFO]: [dev.shadowsoffire.placebo.patreon.WingsManager:lambda$init$1:65]: 	at java.base/sun.nio.ch.Net.connect0(Native Method)
[00:47:15] [Placebo Patreon Wing Loader/INFO]: [dev.shadowsoffire.placebo.patreon.WingsManager:lambda$init$1:65]: 	at java.base/sun.nio.ch.Net.connect(Unknown Source)
[00:47:15] [Placebo Patreon Wing Loader/INFO]: [dev.shadowsoffire.placebo.patreon.WingsManager:lambda$init$1:65]: 	at java.base/sun.nio.ch.Net.connect(Unknown Source)
[00:47:15] [Placebo Patreon Wing Loader/INFO]: [dev.shadowsoffire.placebo.patreon.WingsManager:lambda$init$1:65]: 	at java.base/sun.nio.ch.NioSocketImpl.connect(Unknown Source)
[00:47:15] [Placebo Patreon Wing Loader/INFO]: [dev.shadowsoffire.placebo.patreon.WingsManager:lambda$init$1:65]: 	at java.base/java.net.SocksSocketImpl.connect(Unknown Source)
[00:47:15] [Placebo Patreon Wing Loader/INFO]: [dev.shadowsoffire.placebo.patreon.WingsManager:lambda$init$1:65]: 	at java.base/java.net.Socket.connect(Unknown Source)
[00:47:15] [Placebo Patreon Wing Loader/INFO]: [dev.shadowsoffire.placebo.patreon.WingsManager:lambda$init$1:65]: 	at java.base/sun.security.ssl.SSLSocketImpl.connect(Unknown Source)
[00:47:15] [Placebo Patreon Wing Loader/INFO]: [dev.shadowsoffire.placebo.patreon.WingsManager:lambda$init$1:65]: 	at java.base/sun.security.ssl.BaseSSLSocketImpl.connect(Unknown Source)
[00:47:15] [Placebo Patreon Wing Loader/INFO]: [dev.shadowsoffire.placebo.patreon.WingsManager:lambda$init$1:65]: 	at java.base/sun.net.NetworkClient.doConnect(Unknown Source)
[00:47:15] [Placebo Patreon Wing Loader/INFO]: [dev.shadowsoffire.placebo.patreon.WingsManager:lambda$init$1:65]: 	at java.base/sun.net.www.http.HttpClient.openServer(Unknown Source)
[00:47:15] [Placebo Patreon Wing Loader/INFO]: [dev.shadowsoffire.placebo.patreon.WingsManager:lambda$init$1:65]: 	at java.base/sun.net.www.http.HttpClient.openServer(Unknown Source)
[00:47:15] [Placebo Patreon Wing Loader/INFO]: [dev.shadowsoffire.placebo.patreon.WingsManager:lambda$init$1:65]: 	at java.base/sun.net.www.protocol.https.HttpsClient.<init>(Unknown Source)
[00:47:15] [Placebo Patreon Wing Loader/INFO]: [dev.shadowsoffire.placebo.patreon.WingsManager:lambda$init$1:65]: 	at java.base/sun.net.www.protocol.https.HttpsClient.New(Unknown Source)
[00:47:15] [Placebo Patreon Wing Loader/INFO]: [dev.shadowsoffire.placebo.patreon.WingsManager:lambda$init$1:65]: 	at java.base/sun.net.www.protocol.https.AbstractDelegateHttpsURLConnection.getNewHttpClient(Unknown Source)
[00:47:15] [Placebo Patreon Wing Loader/INFO]: [dev.shadowsoffire.placebo.patreon.WingsManager:lambda$init$1:65]: 	at java.base/sun.net.www.protocol.http.HttpURLConnection.plainConnect0(Unknown Source)
[00:47:15] [Placebo Patreon Wing Loader/INFO]: [dev.shadowsoffire.placebo.patreon.WingsManager:lambda$init$1:65]: 	at java.base/sun.net.www.protocol.http.HttpURLConnection.plainConnect(Unknown Source)
[00:47:15] [Placebo Patreon Wing Loader/INFO]: [dev.shadowsoffire.placebo.patreon.WingsManager:lambda$init$1:65]: 	at java.base/sun.net.www.protocol.https.AbstractDelegateHttpsURLConnection.connect(Unknown Source)
[00:47:15] [Placebo Patreon Wing Loader/INFO]: [dev.shadowsoffire.placebo.patreon.WingsManager:lambda$init$1:65]: 	at java.base/sun.net.www.protocol.http.HttpURLConnection.getInputStream0(Unknown Source)
[00:47:15] [Placebo Patreon Wing Loader/INFO]: [dev.shadowsoffire.placebo.patreon.WingsManager:lambda$init$1:65]: 	at java.base/sun.net.www.protocol.http.HttpURLConnection.getInputStream(Unknown Source)
[00:47:15] [Placebo Patreon Wing Loader/INFO]: [dev.shadowsoffire.placebo.patreon.WingsManager:lambda$init$1:65]: 	at java.base/sun.net.www.protocol.https.HttpsURLConnectionImpl.getInputStream(Unknown Source)
[00:47:15] [Placebo Patreon Wing Loader/INFO]: [dev.shadowsoffire.placebo.patreon.WingsManager:lambda$init$1:65]: 	at java.base/java.net.URL.openStream(Unknown Source)
[00:47:15] [Placebo Patreon Wing Loader/INFO]: [dev.shadowsoffire.placebo.patreon.WingsManager:lambda$init$1:65]: 	at TRANSFORMER/placebo@8.6.3/dev.shadowsoffire.placebo.patreon.WingsManager.lambda$init$1(WingsManager.java:51)
[00:47:15] [Placebo Patreon Wing Loader/INFO]: [dev.shadowsoffire.placebo.patreon.WingsManager:lambda$init$1:65]: 	at java.base/java.lang.Thread.run(Unknown Source)
[00:47:15] [Placebo Patreon Wing Loader/INFO]: Loaded 0 patreon wings.
[00:47:17] [KubeJS Recipe Event Worker 0/WARN]: Your custom create:compacting recipe (deceasedcraft:compacting/seed_oil) has more item inputs (10) than supported (9).
[00:47:17] [Render thread/INFO]: Clearing KubeJS recipe lists...
[00:47:17] [Render thread/ERROR]: Parsing error loading custom advancement animal_pen:grant_book_on_first_join: Advancement criteria cannot be empty
[00:47:17] [Render thread/ERROR]: Parsing error loading custom advancement parcool:grant_parcool_guide: Advancement criteria cannot be empty
[00:47:17] [Render thread/INFO]: Loaded 11424 advancements
[00:47:17] [Render thread/INFO]: Registered 0 additional recipes.
[00:47:17] [Render thread/INFO]: Loading exposure lenses:
[00:47:17] [Render thread/INFO]: Lens [exposure:spyglass, FocalRange[min=55, max=200]] added.
[00:47:17] [Render thread/INFO]: Loaded 23 temperature consumables
[00:47:17] [Render thread/INFO]: Loaded 0 temperature consumable blocks
[00:47:17] [Render thread/INFO]: Loaded 23 temperature blocks
[00:47:17] [Render thread/INFO]: Loaded 62 temperature items
[00:47:17] [Render thread/INFO]: Loaded 54 temperature biomes
[00:47:17] [Render thread/INFO]: Loaded 10 temperature fuel items
[00:47:17] [Render thread/INFO]: Loaded 3 temperature dimensions
[00:47:17] [Render thread/INFO]: Loaded 1 temperature mounts
[00:47:17] [Render thread/INFO]: Loaded 0 temperature origins
[00:47:17] [Render thread/INFO]: Loaded 102 thirst consumables
[00:47:17] [Render thread/INFO]: Loaded 4 thirst blocks
[00:47:17] [Render thread/INFO]: Loaded 22 body parts damage sources
[00:47:17] [Render thread/INFO]: Loaded 6 body healing consumables
[00:47:17] [Render thread/INFO]: Loaded 4 body part resistance items
[00:47:17] [Render thread/INFO]: Loaded 14 curio slots
[00:47:17] [Render thread/INFO]: Loaded 11 curio entities
[00:47:17] [Render thread/INFO]: Loaded 36 animal food entries.
[00:47:17] [Render thread/INFO]: Loaded 5 diet groups
[00:47:17] [Render thread/INFO]: Loaded 1 diet suites
[00:47:17] [Render thread/INFO]: Loaded entity zombie_extreme:infected_military as entity.zombie_extreme.infected_military with weight 25, min day 0 and max day 0
[00:47:17] [Render thread/INFO]: Loaded entity undead_revamp2:bigsucker as entity.undead_revamp2.bigsucker with weight 5, min day 0 and max day 0
[00:47:17] [Render thread/INFO]: Loaded entity zombie_extreme:inflated as entity.zombie_extreme.inflated with weight 5, min day 0 and max day 0
[00:47:17] [Render thread/INFO]: Loaded entity zombie_extreme:goon as entity.zombie_extreme.goon with weight 5, min day 0 and max day 0
[00:47:17] [Render thread/INFO]: Loaded entity zombie_extreme:zero_patient as entity.zombie_extreme.zero_patient with weight 2, min day 0 and max day 0
[00:47:17] [Render thread/INFO]: loaded horde table hordes:mobs_normal_210
[00:47:17] [Render thread/INFO]: Loaded entity zombie_extreme:infected_military as entity.zombie_extreme.infected_military with weight 25, min day 0 and max day 0
[00:47:17] [Render thread/INFO]: Loaded entity undead_revamp2:bigsucker as entity.undead_revamp2.bigsucker with weight 5, min day 0 and max day 0
[00:47:17] [Render thread/INFO]: Loaded entity zombie_extreme:inflated as entity.zombie_extreme.inflated with weight 5, min day 0 and max day 0
[00:47:17] [Render thread/INFO]: Loaded entity undead_revamp2:clogger as entity.undead_revamp2.clogger with weight 2, min day 0 and max day 0
[00:47:17] [Render thread/INFO]: loaded horde table hordes:mobs_normal_255
[00:47:17] [Render thread/INFO]: Loaded entity minecraft:zombie as entity.minecraft.zombie with weight 25, min day 0 and max day 0
[00:47:17] [Render thread/INFO]: Loaded entity undead_revamp2:sucker as entity.undead_revamp2.sucker with weight 5, min day 0 and max day 0
[00:47:17] [Render thread/INFO]: Loaded entity undead_revamp2:thesmoker as entity.undead_revamp2.thesmoker with weight 5, min day 0 and max day 0
[00:47:17] [Render thread/INFO]: Loaded entity undead_revamp2:thehunter as entity.undead_revamp2.thehunter with weight 5, min day 0 and max day 0
[00:47:17] [Render thread/INFO]: loaded horde table hordes:mobs_normal_60
[00:47:17] [Render thread/INFO]: Loaded entity minecraft:zombie as entity.minecraft.zombie with weight 25, min day 0 and max day 0
[00:47:17] [Render thread/INFO]: Loaded entity undead_revamp2:sucker as entity.undead_revamp2.sucker with weight 5, min day 0 and max day 0
[00:47:17] [Render thread/INFO]: Loaded entity zombie_extreme:inflated as entity.zombie_extreme.inflated with weight 5, min day 0 and max day 0
[00:47:17] [Render thread/INFO]: Loaded entity undead_revamp2:thegliter as entity.undead_revamp2.thegliter with weight 5, min day 0 and max day 0
[00:47:17] [Render thread/INFO]: Loaded entity undead_revamp2:thepregnant as entity.undead_revamp2.thepregnant with weight 3, min day 0 and max day 0
[00:47:17] [Render thread/INFO]: loaded horde table hordes:mobs_normal_120
[00:47:17] [Render thread/INFO]: Loaded entity minecraft:zombie as entity.minecraft.zombie with weight 25, min day 0 and max day 0
[00:47:17] [Render thread/INFO]: Loaded entity undead_revamp2:sucker as entity.undead_revamp2.sucker with weight 5, min day 0 and max day 0
[00:47:17] [Render thread/INFO]: Loaded entity undead_revamp2:the_moonflower as entity.undead_revamp2.the_moonflower with weight 5, min day 0 and max day 0
[00:47:17] [Render thread/INFO]: Loaded entity undead_revamp2:thepregnant as entity.undead_revamp2.thepregnant with weight 3, min day 0 and max day 0
[00:47:17] [Render thread/INFO]: loaded horde table hordes:mobs_normal_90
[00:47:17] [Render thread/INFO]: Loaded entity zombie_extreme:infected_military as entity.zombie_extreme.infected_military with weight 25, min day 0 and max day 0
[00:47:17] [Render thread/INFO]: Loaded entity undead_revamp2:bigsucker as entity.undead_revamp2.bigsucker with weight 5, min day 0 and max day 0
[00:47:17] [Render thread/INFO]: Loaded entity zombie_extreme:inflated as entity.zombie_extreme.inflated with weight 5, min day 0 and max day 0
[00:47:17] [Render thread/INFO]: Loaded entity zombie_extreme:goon as entity.zombie_extreme.goon with weight 5, min day 0 and max day 0
[00:47:17] [Render thread/INFO]: Loaded entity zombie_extreme:revived as entity.zombie_extreme.revived with weight 3, min day 0 and max day 0
[00:47:17] [Render thread/INFO]: loaded horde table hordes:mobs_normal_165
[00:47:17] [Render thread/INFO]: Loaded entity zombie_extreme:infected_military as entity.zombie_extreme.infected_military with weight 25, min day 0 and max day 0
[00:47:17] [Render thread/INFO]: Loaded entity undead_revamp2:bigsucker as entity.undead_revamp2.bigsucker with weight 5, min day 0 and max day 0
[00:47:17] [Render thread/INFO]: Loaded entity zombie_extreme:inflated as entity.zombie_extreme.inflated with weight 5, min day 0 and max day 0
[00:47:17] [Render thread/INFO]: Loaded entity undead_revamp2:thegliter as entity.undead_revamp2.thegliter with weight 5, min day 0 and max day 0
[00:47:17] [Render thread/INFO]: Loaded entity undead_revamp2:thepregnant as entity.undead_revamp2.thepregnant with weight 3, min day 0 and max day 0
[00:47:17] [Render thread/INFO]: loaded horde table hordes:mobs_normal_150
[00:47:17] [Render thread/INFO]: Loaded entity zombie_extreme:infected_military as entity.zombie_extreme.infected_military with weight 25, min day 0 and max day 0
[00:47:17] [Render thread/INFO]: Loaded entity undead_revamp2:bigsucker as entity.undead_revamp2.bigsucker with weight 5, min day 0 and max day 0
[00:47:17] [Render thread/INFO]: Loaded entity zombie_extreme:inflated as entity.zombie_extreme.inflated with weight 5, min day 0 and max day 0
[00:47:17] [Render thread/INFO]: Loaded entity zombie_extreme:goon as entity.zombie_extreme.goon with weight 5, min day 0 and max day 0
[00:47:17] [Render thread/INFO]: Loaded entity zombie_extreme:demolisher as entity.zombie_extreme.demolisher with weight 3, min day 0 and max day 0
[00:47:17] [Render thread/INFO]: loaded horde table hordes:mobs_normal_180
[00:47:17] [Render thread/INFO]: Loaded entity minecraft:zombie as entity.minecraft.zombie with weight 30, min day 0 and max day 0
[00:47:17] [Render thread/INFO]: loaded horde table hordes:mobs_normal_15
[00:47:17] [Render thread/INFO]: Loaded entity zombie_extreme:infected_military as entity.zombie_extreme.infected_military with weight 25, min day 0 and max day 0
[00:47:17] [Render thread/INFO]: Loaded entity undead_revamp2:bigsucker as entity.undead_revamp2.bigsucker with weight 5, min day 0 and max day 0
[00:47:17] [Render thread/INFO]: Loaded entity zombie_extreme:inflated as entity.zombie_extreme.inflated with weight 5, min day 0 and max day 0
[00:47:17] [Render thread/INFO]: Loaded entity undead_revamp2:clogger as entity.undead_revamp2.clogger with weight 3, min day 0 and max day 0
[00:47:17] [Render thread/INFO]: Loaded entity zombie_extreme:zero_patient as entity.zombie_extreme.zero_patient with weight 3, min day 0 and max day 0
[00:47:17] [Render thread/INFO]: Loaded entity zombie_extreme:rat_king as entity.zombie_extreme.rat_king with weight 3, min day 0 and max day 0
[00:47:17] [Render thread/INFO]: Loaded entity undead_revamp2:theheavy as entity.undead_revamp2.theheavy with weight 3, min day 0 and max day 0
[00:47:17] [Render thread/INFO]: loaded horde table hordes:mobs_normal_405
[00:47:17] [Render thread/INFO]: Loaded entity minecraft:zombie as entity.minecraft.zombie with weight 25, min day 0 and max day 0
[00:47:17] [Render thread/INFO]: Loaded entity undead_revamp2:bomber as entity.undead_revamp2.bomber with weight 5, min day 0 and max day 0
[00:47:17] [Render thread/INFO]: Loaded entity undead_revamp2:thesmoker as entity.undead_revamp2.thesmoker with weight 5, min day 0 and max day 0
[00:47:17] [Render thread/INFO]: Loaded entity undead_revamp2:thehunter as entity.undead_revamp2.thehunter with weight 5, min day 0 and max day 0
[00:47:17] [Render thread/INFO]: loaded horde table hordes:mobs_normal_45
[00:47:17] [Render thread/INFO]: Loaded entity minecraft:zombie as entity.minecraft.zombie with weight 30, min day 0 and max day 0
[00:47:17] [Render thread/INFO]: loaded horde table hordes:fallback
[00:47:17] [Render thread/INFO]: Loaded entity minecraft:zombie as entity.minecraft.zombie with weight 30, min day 0 and max day 0
[00:47:17] [Render thread/INFO]: Loaded entity zombie_extreme:infected_police as entity.zombie_extreme.infected_police with weight 5, min day 0 and max day 0
[00:47:17] [Render thread/INFO]: Loaded entity undead_revamp2:thesmoker as entity.undead_revamp2.thesmoker with weight 5, min day 0 and max day 0
[00:47:17] [Render thread/INFO]: loaded horde table hordes:mobs_normal_30
[00:47:17] [Render thread/INFO]: Loaded entity minecraft:zombie as entity.minecraft.zombie with weight 25, min day 0 and max day 0
[00:47:17] [Render thread/INFO]: Loaded entity undead_revamp2:sucker as entity.undead_revamp2.sucker with weight 5, min day 0 and max day 0
[00:47:17] [Render thread/INFO]: Loaded entity undead_revamp2:thegliter as entity.undead_revamp2.thegliter with weight 5, min day 0 and max day 0
[00:47:17] [Render thread/INFO]: Loaded entity undead_revamp2:thepregnant as entity.undead_revamp2.thepregnant with weight 3, min day 0 and max day 0
[00:47:17] [Render thread/INFO]: loaded horde table hordes:mobs_normal_105
[00:47:17] [Render thread/INFO]: Loaded entity minecraft:zombie as entity.minecraft.zombie with weight 25, min day 0 and max day 0
[00:47:17] [Render thread/INFO]: Loaded entity undead_revamp2:sucker as entity.undead_revamp2.sucker with weight 5, min day 0 and max day 0
[00:47:17] [Render thread/INFO]: Loaded entity undead_revamp2:the_moonflower as entity.undead_revamp2.the_moonflower with weight 5, min day 0 and max day 0
[00:47:17] [Render thread/INFO]: Loaded entity zombie_extreme:runner as entity.zombie_extreme.runner with weight 3, min day 0 and max day 0
[00:47:17] [Render thread/INFO]: loaded horde table hordes:mobs_normal_75
[00:47:17] [Render thread/INFO]: Loaded entity minecraft:zombie as entity.minecraft.zombie with weight 25, min day 0 and max day 0
[00:47:17] [Render thread/INFO]: Loaded entity undead_revamp2:bigsucker as entity.undead_revamp2.bigsucker with weight 5, min day 0 and max day 0
[00:47:17] [Render thread/INFO]: Loaded entity zombie_extreme:inflated as entity.zombie_extreme.inflated with weight 5, min day 0 and max day 0
[00:47:17] [Render thread/INFO]: Loaded entity undead_revamp2:thegliter as entity.undead_revamp2.thegliter with weight 5, min day 0 and max day 0
[00:47:17] [Render thread/INFO]: Loaded entity undead_revamp2:thepregnant as entity.undead_revamp2.thepregnant with weight 3, min day 0 and max day 0
[00:47:17] [Render thread/INFO]: loaded horde table hordes:mobs_normal_135
[00:47:17] [Render thread/INFO]: Loaded entity zombie_extreme:infected_military as entity.zombie_extreme.infected_military with weight 25, min day 0 and max day 0
[00:47:17] [Render thread/INFO]: Loaded entity undead_revamp2:bigsucker as entity.undead_revamp2.bigsucker with weight 5, min day 0 and max day 0
[00:47:17] [Render thread/INFO]: Loaded entity zombie_extreme:inflated as entity.zombie_extreme.inflated with weight 5, min day 0 and max day 0
[00:47:17] [Render thread/INFO]: Loaded entity undead_revamp2:clogger as entity.undead_revamp2.clogger with weight 1, min day 0 and max day 0
[00:47:17] [Render thread/INFO]: Loaded entity zombie_extreme:zero_patient as entity.zombie_extreme.zero_patient with weight 1, min day 0 and max day 0
[00:47:17] [Render thread/INFO]: Loaded entity zombie_extreme:rat_king as entity.zombie_extreme.rat_king with weight 1, min day 0 and max day 0
[00:47:17] [Render thread/INFO]: loaded horde table hordes:mobs_normal_300
[00:47:17] [Render thread/INFO]: Loaded entity zombie_extreme:infected_military as entity.zombie_extreme.infected_military with weight 25, min day 0 and max day 0
[00:47:17] [Render thread/INFO]: Loaded entity undead_revamp2:bigsucker as entity.undead_revamp2.bigsucker with weight 5, min day 0 and max day 0
[00:47:17] [Render thread/INFO]: Loaded entity zombie_extreme:inflated as entity.zombie_extreme.inflated with weight 5, min day 0 and max day 0
[00:47:17] [Render thread/INFO]: Loaded entity undead_revamp2:clogger as entity.undead_revamp2.clogger with weight 1, min day 0 and max day 0
[00:47:17] [Render thread/INFO]: Loaded entity zombie_extreme:zero_patient as entity.zombie_extreme.zero_patient with weight 1, min day 0 and max day 0
[00:47:17] [Render thread/INFO]: Loaded entity zombie_extreme:rat_king as entity.zombie_extreme.rat_king with weight 1, min day 0 and max day 0
[00:47:17] [Render thread/INFO]: Loaded entity undead_revamp2:theheavy as entity.undead_revamp2.theheavy with weight 1, min day 0 and max day 0
[00:47:17] [Render thread/INFO]: loaded horde table hordes:mobs_normal_345
[00:47:17] [Render thread/INFO]: loaded horde script hordes:wave_0_normal_loot_script
[00:47:17] [Render thread/INFO]: loaded horde script hordes:wave_0_normal_script
[00:47:17] [Render thread/INFO]: loaded horde script hordes:wave_1_normal_loot_script
[00:47:17] [Render thread/INFO]: loaded horde script hordes:wave_1_normal_script
[00:47:17] [Render thread/INFO]: loaded horde script hordes:wave_2_normal_loot_script
[00:47:17] [Render thread/INFO]: loaded horde script hordes:wave_2_normal_script
[00:47:17] [Render thread/INFO]: loaded horde script hordes:wave_3_normal_loot_script
[00:47:17] [Render thread/INFO]: loaded horde script hordes:wave_3_normal_script
[00:47:17] [Render thread/INFO]: loaded horde script hordes:wave_4_normal_loot_script
[00:47:17] [Render thread/INFO]: loaded horde script hordes:wave_4_normal_script
[00:47:17] [Render thread/INFO]: loaded horde script hordes:wave_5_normal_loot_script
[00:47:17] [Render thread/INFO]: loaded horde script hordes:wave_5_normal_script
[00:47:17] [Render thread/INFO]: loaded horde script hordes:wave_6_normal_loot_script
[00:47:17] [Render thread/INFO]: loaded horde script hordes:wave_6_normal_script
[00:47:17] [Render thread/INFO]: loaded horde script hordes:wave_7_normal_loot_script
[00:47:17] [Render thread/INFO]: loaded horde script hordes:wave_7_normal_script
[00:47:17] [Render thread/INFO]: loaded horde script hordes:wave_8_normal_loot_script
[00:47:17] [Render thread/INFO]: loaded horde script hordes:wave_8_normal_script
[00:47:17] [Render thread/INFO]: loaded horde script hordes:wave_9_normal_loot_script
[00:47:17] [Render thread/INFO]: loaded horde script hordes:wave_9_normal_script
[00:47:17] [Render thread/INFO]: loaded horde script hordes:wave_10_normal_loot_script
[00:47:17] [Render thread/INFO]: loaded horde script hordes:wave_10_normal_script
[00:47:17] [Render thread/INFO]: loaded horde script hordes:wave_11_normal_loot_script
[00:47:17] [Render thread/INFO]: loaded horde script hordes:wave_11_normal_script
[00:47:17] [Render thread/INFO]: loaded horde script hordes:wave_12_normal_loot_script
[00:47:17] [Render thread/INFO]: loaded horde script hordes:wave_12_normal_script
[00:47:17] [Render thread/INFO]: loaded horde script hordes:wave_13_normal_loot_script
[00:47:17] [Render thread/INFO]: loaded horde script hordes:wave_13_normal_script
[00:47:17] [Render thread/INFO]: loaded horde script hordes:wave_14_normal_loot_script
[00:47:17] [Render thread/INFO]: loaded horde script hordes:wave_14_normal_script
[00:47:17] [Render thread/INFO]: loaded horde script hordes:wave_15_normal_loot_script
[00:47:17] [Render thread/INFO]: loaded horde script hordes:wave_15_normal_script
[00:47:17] [Render thread/INFO]: loaded horde script hordes:wave_16_normal_loot_script
[00:47:17] [Render thread/INFO]: loaded horde script hordes:wave_16_normal_script
[00:47:17] [Render thread/INFO]: loaded horde script hordes:wave_17_normal_loot_script
[00:47:17] [Render thread/INFO]: loaded horde script hordes:wave_17_normal_script
[00:47:17] [Render thread/INFO]: Loading conversion tables
[00:47:17] [Render thread/INFO]: Loading conversion table hordes:infection_conversions
[00:47:17] [Render thread/INFO]: Loading immunity item list
[00:47:17] [Render thread/INFO]: Loading immunity item list hordes:immunity_items
[00:47:17] [Render thread/INFO]: Loaded immunity item minecraft:enchanted_golden_apple with duration 120
[00:47:17] [Render thread/INFO]: Loaded immunity item minecraft:golden_apple with duration 120
[00:47:17] [Render thread/INFO]: Loading wearables protection list
[00:47:17] [Render thread/INFO]: Loading wearables protection list hordes:immune_wearables
[00:47:17] [Render thread/INFO]: Registered 0 gear_sets.
[00:47:17] [Render thread/INFO]: Reloading InsaneLib JsonFeature Json
[00:47:17] [Render thread/WARN]: Not all defined tags for registry ResourceKey[minecraft:root / minecraft:worldgen/biome] are present in data pack: deceasedcraft:wasteland
[00:47:17] [Render thread/WARN]: Initial datapack load took 9.804 s
[00:47:17] [Render thread/INFO]: [FANCYMENU] ScreenCustomizationLayer registered: create_world_screen
[00:47:17] [Render thread/INFO]: Default difficulty has been set to NORMAL.
[00:47:23] [Render thread/INFO]: Created 472 recipes which will be injected into the game
[00:47:23] [Render thread/INFO]: Created 22 tags which will be injected into the game
[00:47:24] [Render thread/INFO]: Start scanning for gun packs in C:\Users\Leandro\curseforge\minecraft\Instances\DeceasedCraft - Urban Zombie Apocalypse\tacz
[00:47:24] [Render thread/INFO]: - bf1_default_gun, Main namespace: bf1
[00:47:24] [Render thread/INFO]: - gucci_attachments_default_gun, Main namespace: gucci_attachments
[00:47:24] [Render thread/INFO]: - gz_default_gun, Main namespace: gz
[00:47:24] [Render thread/INFO]: - rebel_default_gun, Main namespace: rebel
[00:47:24] [Render thread/INFO]: - suffuse_default_gun, Main namespace: suffuse
[00:47:24] [Render thread/INFO]: - tacz_default_gun, Main namespace: tacz
[00:47:24] [Render thread/INFO]: Found 6 possible gunpack(s) and added them to resource set.
[00:47:24] [Render thread/INFO]: [FANCYMENU] ScreenCustomizationLayer registered: pack_selection_screen
[00:47:24] [Render thread/INFO]: Start scanning for gun packs in C:\Users\Leandro\curseforge\minecraft\Instances\DeceasedCraft - Urban Zombie Apocalypse\tacz
[00:47:24] [Render thread/INFO]: - bf1_default_gun, Main namespace: bf1
[00:47:24] [Render thread/INFO]: - gucci_attachments_default_gun, Main namespace: gucci_attachments
[00:47:24] [Render thread/INFO]: - gz_default_gun, Main namespace: gz
[00:47:24] [Render thread/INFO]: - rebel_default_gun, Main namespace: rebel
[00:47:24] [Render thread/INFO]: - suffuse_default_gun, Main namespace: suffuse
[00:47:24] [Render thread/INFO]: - tacz_default_gun, Main namespace: tacz
[00:47:24] [Render thread/INFO]: Found 6 possible gunpack(s) and added them to resource set.
[00:47:30] [Render thread/INFO]: Created 472 recipes which will be injected into the game
[00:47:30] [Render thread/INFO]: Created 22 tags which will be injected into the game
[00:47:31] [Render thread/INFO]: Start scanning for gun packs in C:\Users\Leandro\curseforge\minecraft\Instances\DeceasedCraft - Urban Zombie Apocalypse\tacz
[00:47:31] [Render thread/INFO]: - bf1_default_gun, Main namespace: bf1
[00:47:31] [Render thread/INFO]: - gucci_attachments_default_gun, Main namespace: gucci_attachments
[00:47:31] [Render thread/INFO]: - gz_default_gun, Main namespace: gz
[00:47:31] [Render thread/INFO]: - rebel_default_gun, Main namespace: rebel
[00:47:31] [Render thread/INFO]: - suffuse_default_gun, Main namespace: suffuse
[00:47:31] [Render thread/INFO]: - tacz_default_gun, Main namespace: tacz
[00:47:31] [Render thread/INFO]: Found 6 possible gunpack(s) and added them to resource set.
[00:47:32] [Render thread/INFO]: Generated runtime resources for 3 packs in a total of: 14 ms
[00:47:32] [Render thread/INFO]: Generated runtime resources for 3 packs in a total of: 15 ms
[00:47:32] [Render thread/INFO]: [BiomeReplacer] Loaded 7 rules (7 direct, 0 tag-based) and ignored 0
[00:47:32] [Render thread/INFO]: [BiomeReplacer] Successfully replaced biomes in lostcities:lostcity
[00:47:32] [Render thread/INFO]: [BiomeReplacer] Successfully replaced biomes in minecraft:overworld
[00:47:32] [Render thread/INFO]: [BiomeReplacer] Skipping minecraft:the_end
[00:47:32] [Render thread/INFO]: [BiomeReplacer] Successfully replaced biomes in lostworlds:abyss
[00:47:32] [Render thread/INFO]: [BiomeReplacer] Successfully replaced biomes in minecraft:the_nether
[00:47:32] [Render thread/INFO]: [BiomeReplacer] Successfully replaced biomes in deceasedcraft:abyss
[00:47:32] [Render thread/INFO]: Curios disabled
[00:47:32] [Render thread/INFO]: [FANCYMENU] ScreenCustomizationLayer registered: progress_screen
[00:47:32] [Render thread/INFO]: [ETF]: emissive suffixes loaded: {_e}.
[00:47:32] [Server thread/INFO]: Starting integrated minecraft server version 1.20.1
[00:47:32] [Server thread/INFO]: Generating keypair
[00:47:32] [Server thread/INFO]: Loading default config file from path C:\Users\Leandro\curseforge\minecraft\Instances\DeceasedCraft - Urban Zombie Apocalypse\defaultconfigs\corpse-server.toml
[00:47:32] [Server thread/INFO]: Loading default config file from path C:\Users\Leandro\curseforge\minecraft\Instances\DeceasedCraft - Urban Zombie Apocalypse\defaultconfigs\securitycraft-server.toml
[00:47:32] [Server thread/INFO]: Loading default config file from path C:\Users\Leandro\curseforge\minecraft\Instances\DeceasedCraft - Urban Zombie Apocalypse\defaultconfigs\refueled-server.toml
[00:47:32] [Server thread/INFO]: Loading default config file from path C:\Users\Leandro\curseforge\minecraft\Instances\DeceasedCraft - Urban Zombie Apocalypse\defaultconfigs\sophisticatedbackpacks-server.toml
[00:47:32] [Server thread/INFO]: Loading default config file from path C:\Users\Leandro\curseforge\minecraft\Instances\DeceasedCraft - Urban Zombie Apocalypse\defaultconfigs\lostcities-server.toml
[00:47:32] [Server thread/INFO]: Loading default config file from path C:\Users\Leandro\curseforge\minecraft\Instances\DeceasedCraft - Urban Zombie Apocalypse\defaultconfigs\create_radar-server.toml
[00:47:32] [Server thread/INFO]: Loading default config file from path C:\Users\Leandro\curseforge\minecraft\Instances\DeceasedCraft - Urban Zombie Apocalypse\defaultconfigs\forge-server.toml
[00:47:32] [Server thread/INFO]: Loading default config file from path C:\Users\Leandro\curseforge\minecraft\Instances\DeceasedCraft - Urban Zombie Apocalypse\defaultconfigs\pipez-server.toml
[00:47:32] [Server thread/INFO]: Loading default config file from path C:\Users\Leandro\curseforge\minecraft\Instances\DeceasedCraft - Urban Zombie Apocalypse\defaultconfigs\xptome-server.toml
[00:47:32] [Server thread/INFO]: Loading default config file from path C:\Users\Leandro\curseforge\minecraft\Instances\DeceasedCraft - Urban Zombie Apocalypse\defaultconfigs\incontrol-server.toml
[00:47:32] [Server thread/INFO]: Loading default config file from path C:\Users\Leandro\curseforge\minecraft\Instances\DeceasedCraft - Urban Zombie Apocalypse\defaultconfigs\lostsouls-server.toml
[00:47:32] [Server thread/INFO]: Loading default config file from path C:\Users\Leandro\curseforge\minecraft\Instances\DeceasedCraft - Urban Zombie Apocalypse\defaultconfigs\lostradar-server.toml
[00:47:32] [Server thread/INFO]: Loading default config file from path C:\Users\Leandro\curseforge\minecraft\Instances\DeceasedCraft - Urban Zombie Apocalypse\defaultconfigs\fancytrinkets-server.toml
[00:47:32] [Server thread/INFO]: Loading fancytrinkets config
[00:47:32] [Server thread/INFO]: Loading default config file from path C:\Users\Leandro\curseforge\minecraft\Instances\DeceasedCraft - Urban Zombie Apocalypse\defaultconfigs\solcarrot-server.toml
[00:47:33] [Server thread/INFO]: Loading default config file from path C:\Users\Leandro\curseforge\minecraft\Instances\DeceasedCraft - Urban Zombie Apocalypse\defaultconfigs\parcool-server.toml
[00:47:33] [Server thread/INFO]: Loading default config file from path C:\Users\Leandro\curseforge\minecraft\Instances\DeceasedCraft - Urban Zombie Apocalypse\defaultconfigs\weaponthrow-server.toml
[00:47:33] [Server thread/INFO]: Loading default config file from path C:\Users\Leandro\curseforge\minecraft\Instances\DeceasedCraft - Urban Zombie Apocalypse\defaultconfigs\createbigcannons-server.toml
[00:47:33] [Server thread/INFO]: Loading default config file from path C:\Users\Leandro\curseforge\minecraft\Instances\DeceasedCraft - Urban Zombie Apocalypse\defaultconfigs\create-server.toml
[00:47:33] [Server thread/INFO]: Loading default config file from path C:\Users\Leandro\curseforge\minecraft\Instances\DeceasedCraft - Urban Zombie Apocalypse\defaultconfigs\openpartiesandclaims-server.toml
[00:47:33] [Server thread/INFO]: Starting background profiler...
[00:47:33] [Server thread/INFO]: The async-profiler engine is not supported for your os/arch (windows11/amd64), so the built-in Java engine will be used instead.
[00:47:33] [Server thread/WARN]: Modified mixin "dev.uncandango.alltheleaks.mixin.core.main.VillagesTradelistMixin". Check debug logs for more information.
[00:47:33] [Server thread/INFO]: Loading server configs...
[00:47:33] [Server thread/INFO]: Initializing Open Parties and Claims for the server...
[00:47:33] [Server thread/INFO]: Loading server info!
[00:47:33] [Server thread/INFO]: Loading player configs...
[00:47:33] [Server thread/INFO]: Loaded player configs!
[00:47:33] [Server thread/INFO]: Loading parties...
[00:47:33] [Server thread/INFO]: Loaded parties!
[00:47:33] [Server thread/INFO]: Fixing party inconsistencies...
[00:47:33] [Server thread/INFO]: Registered party system for OPAC: default
[00:47:33] [Server thread/INFO]: Registered party system for OPAC: ftb_teams
[00:47:33] [Server thread/INFO]: Registered permission system for OPAC: permission_api
[00:47:33] [Server thread/INFO]: Initialized TerraBlender biomes for level stem minecraft:overworld
[00:47:33] [Server thread/INFO]: Initialized TerraBlender biomes for level stem minecraft:the_nether
[00:47:33] [Render thread/INFO]: [FANCYMENU] ScreenCustomizationLayer registered: level_loading_screen
[00:47:34] [Server thread/INFO]: Applying config gamerules to level New World
[00:47:34] [Server thread/INFO]: Applying config modded gamerules to level New World
[00:47:34] [Server thread/INFO]: [voicechat] Successfully migrated config voicechat-server.toml
[00:47:34] [Server thread/INFO]: Reading rules from areas.json
[00:47:34] [Server thread/INFO]: Reading rules from spawn.json
[00:47:34] [Server thread/INFO]: Reading rules from summonaid.json
[00:47:34] [Server thread/INFO]: Reading rules from loot.json
[00:47:34] [Server thread/INFO]: Reading rules from experience.json
[00:47:34] [Server thread/INFO]: Reading rules from phases.json
[00:47:34] [Server thread/INFO]: Reading rules from effects.json
[00:47:34] [Server thread/INFO]: Reading rules from breakevents.json
[00:47:34] [Server thread/INFO]: Reading rules from placeevents.json
[00:47:34] [Server thread/INFO]: Reading rules from rightclicks.json
[00:47:34] [Server thread/INFO]: Reading rules from leftclicks.json
[00:47:34] [Server thread/INFO]: Reading rules from spawner.json
[00:47:34] [Server thread/INFO]: Reading rules from events.json
[00:47:34] [Server thread/WARN]: @Redirect conflict. Skipping mixins.redirected_forge_1.20.1.json:net.minecraft.world.level.block.state.CacheMixin from mod redirected->@Redirect::redirectSupportTypes()[Lnet/minecraft/world/level/block/SupportType; with priority 10, already redirected by modernfix-common.mixins.json:perf.cache_blockstate_cache_arrays.AbstractBlockStateCacheMixin from mod modernfix->@Redirect::getVoxelShapeValues()[Lnet/minecraft/world/level/block/SupportType; with priority 1000
[00:47:35] [Server thread/WARN]: Method overwrite conflict for removeIf in lithium.mixins.json:world.chunk_tickets.SortedArraySetMixin from mod radium, previously written by org.embeddedt.modernfix.common.mixin.bugfix.paper_chunk_patches.SortedArraySetMixin. Skipping method.
[00:47:38] [Server thread/INFO]: [Biome Spawn Point] Finding the nearest 'minecraft:forest' biome. This might take a few seconds.
[00:47:38] [Server thread/INFO]: Locating element minecraft:forest took 36 ms
[00:47:39] [Server thread/INFO]: [Biome Spawn Point] Biome found!
[00:47:39] [Server thread/INFO]: [Biome Spawn Point] The world will now generate.
[00:47:39] [Server thread/INFO]: Preparing start region for dimension minecraft:overworld
[00:47:39] [Render thread/INFO]: Time elapsed: 96729 ms
[00:47:39] [Server thread/INFO]: CustomNPC PermissionNode<Boolean>s available:
[00:47:39] [Server thread/INFO]: customnpcs.edit.blocks
[00:47:39] [Server thread/INFO]: customnpcs.edit.villager
[00:47:39] [Server thread/INFO]: customnpcs.global.bank
[00:47:39] [Server thread/INFO]: customnpcs.global.dialog
[00:47:39] [Server thread/INFO]: customnpcs.global.faction
[00:47:39] [Server thread/INFO]: customnpcs.global.linked
[00:47:39] [Server thread/INFO]: customnpcs.global.naturalspawn
[00:47:39] [Server thread/INFO]: customnpcs.global.playerdata
[00:47:39] [Server thread/INFO]: customnpcs.global.quest
[00:47:39] [Server thread/INFO]: customnpcs.global.recipe
[00:47:39] [Server thread/INFO]: customnpcs.global.transport
[00:47:39] [Server thread/INFO]: customnpcs.npc.advanced
[00:47:39] [Server thread/INFO]: customnpcs.npc.ai
[00:47:39] [Server thread/INFO]: customnpcs.npc.clone
[00:47:39] [Server thread/INFO]: customnpcs.npc.create
[00:47:39] [Server thread/INFO]: customnpcs.npc.delete
[00:47:39] [Server thread/INFO]: customnpcs.npc.display
[00:47:39] [Server thread/INFO]: customnpcs.npc.freeze
[00:47:39] [Server thread/INFO]: customnpcs.npc.gui
[00:47:39] [Server thread/INFO]: customnpcs.npc.inventory
[00:47:39] [Server thread/INFO]: customnpcs.npc.reset
[00:47:39] [Server thread/INFO]: customnpcs.npc.stats
[00:47:39] [Server thread/INFO]: customnpcs.scenes
[00:47:39] [Server thread/INFO]: customnpcs.soulstone.all
[00:47:39] [Server thread/INFO]: customnpcs.spawner.create
[00:47:39] [Server thread/INFO]: customnpcs.spawner.mob
[00:47:39] [Server thread/INFO]: customnpcs.tool.mounter
[00:47:39] [Server thread/INFO]: customnpcs.tool.nbtbook
[00:47:39] [Server thread/INFO]: customnpcs.tool.pather
[00:47:39] [Server thread/INFO]: customnpcs.tool.scripter
[00:47:39] [Server thread/INFO]: Successfully initialized permission handler forge:default_handler
[00:47:40] [Server thread/INFO]: [puffish_skills] Mod configuration loaded successfully!
[00:47:40] [Server thread/INFO]: Registered synced player tracker system: ftb_teams
[00:47:40] [Server thread/INFO]: Registered synced player tracker system: ftb_teams
[00:47:40] [Server thread/INFO]: HELLO from server starting
[00:47:40] [Server thread/INFO]: Generating diet values...
[00:47:40] [Server thread/INFO]: Finding ungrouped food items...
[00:47:40] [Server thread/INFO]: Found 244 ungrouped food items
[00:47:40] [Server thread/INFO]: Building item-to-recipes map...
[00:47:40] [Server thread/INFO]: Found 10317 valid items with recipes
[00:47:40] [Server thread/INFO]: Processing items...
[00:47:40] [Server thread/INFO]: Processed 348 items
[00:47:40] [Server thread/INFO]: Generating diet values took 38.20 ms
[00:47:40] [Server thread/INFO]: Loading claims...
[00:47:40] [Server thread/INFO]: Loaded claims in 0ms
[00:47:40] [Server thread/WARN]: The configured permission system "ftb_ranks" isn't registered!
[00:47:40] [Server thread/INFO]: Configured OPAC to use the following permission system: permission_api
[00:47:40] [Server thread/INFO]: Configured OPAC to use the following party system as primary: ftb_teams
[00:47:40] [Server thread/WARN]: defineId called for: class net.minecraft.world.entity.player.Player from class tschipp.carryon.common.carry.CarryOnDataManager
[00:47:40] [Server thread/INFO]: Loading quests from C:\Users\Leandro\curseforge\minecraft\Instances\DeceasedCraft - Urban Zombie Apocalypse\config\ftbquests\quests
[00:47:40] [Server thread/INFO]: Loaded 8 chapter groups, 30 chapters, 801 quests, 1 reward tables
[00:47:40] [Server thread/INFO]: Encoded Weapon Attribute registry size (with package overhead): 187296 bytes (in 19 string chunks with the size of 10000)
[00:47:40] [Server thread/INFO]: Sending reload packet to clients
[00:47:40] [VoiceChatServerThread/INFO]: [voicechat] Voice chat server started at port 64123
[00:47:41] [Server thread/INFO]: Changing simulation distance to 12, from 0
[00:47:41] [Render thread/WARN]: Unable to parse the boolean system property 'java.net.preferIPv6Addresses':system - using the default value: false
[00:47:43] [Netty Local Client IO #0/INFO]: Connected to a modded server.
[00:47:44] [Server thread/INFO]: iLelesan[local:E:b69ff59e] logged in with entity id 4 at (480.5, 64.0, -127.5)
[00:47:45] [Render thread/INFO]: New Xaero hud session initialized!
[00:47:45] [Server thread/INFO]: Using enhanced recipe sync for player iLelesan
[00:47:45] [Render thread/INFO]: New world map session initialized!
[00:47:45] [Server thread/INFO]: iLelesan joined the game
[00:47:45] [Render thread/INFO]: Reloading pipeline on dimension change: NamespacedId{namespace='minecraft', name='overworld'} => NamespacedId{namespace='minecraft', name='overworld'}
[00:47:45] [Render thread/INFO]: Destroying pipeline NamespacedId{namespace='minecraft', name='overworld'}
[00:47:45] [Render thread/INFO]: Creating pipeline for dimension NamespacedId{namespace='minecraft', name='overworld'}
[00:47:45] [Worker-Main-7/INFO]: [corgitaco.corgilib.client.AnnouncementInfo:fetchAnnouncementJson:141]: java.net.ConnectException
[00:47:45] [Worker-Main-7/INFO]: [corgitaco.corgilib.client.AnnouncementInfo:fetchAnnouncementJson:141]: 	at java.net.http/jdk.internal.net.http.HttpClientImpl.send(Unknown Source)
[00:47:45] [Worker-Main-7/INFO]: [corgitaco.corgilib.client.AnnouncementInfo:fetchAnnouncementJson:141]: 	at java.net.http/jdk.internal.net.http.HttpClientFacade.send(Unknown Source)
[00:47:45] [Worker-Main-7/INFO]: [corgitaco.corgilib.client.AnnouncementInfo:fetchAnnouncementJson:141]: 	at TRANSFORMER/corgilib@4.0.3.4/corgitaco.corgilib.client.AnnouncementInfo.fetchAnnouncementJson(AnnouncementInfo.java:132)
[00:47:45] [Worker-Main-7/INFO]: [corgitaco.corgilib.client.AnnouncementInfo:fetchAnnouncementJson:141]: 	at TRANSFORMER/corgilib@4.0.3.4/corgitaco.corgilib.client.AnnouncementInfo.createInstance(AnnouncementInfo.java:106)
[00:47:45] [Worker-Main-7/INFO]: [corgitaco.corgilib.client.AnnouncementInfo:fetchAnnouncementJson:141]: 	at TRANSFORMER/corgilib@4.0.3.4/corgitaco.corgilib.client.AnnouncementInfo.getTimeCheckedAnnouncement(AnnouncementInfo.java:76)
[00:47:45] [Worker-Main-7/INFO]: [corgitaco.corgilib.client.AnnouncementInfo:fetchAnnouncementJson:141]: 	at java.base/java.util.concurrent.CompletableFuture$AsyncSupply.run(Unknown Source)
[00:47:45] [Worker-Main-7/INFO]: [corgitaco.corgilib.client.AnnouncementInfo:fetchAnnouncementJson:141]: 	at java.base/java.util.concurrent.CompletableFuture$AsyncSupply.exec(Unknown Source)
[00:47:45] [Worker-Main-7/INFO]: [corgitaco.corgilib.client.AnnouncementInfo:fetchAnnouncementJson:141]: 	at java.base/java.util.concurrent.ForkJoinTask.doExec(Unknown Source)
[00:47:45] [Worker-Main-7/INFO]: [corgitaco.corgilib.client.AnnouncementInfo:fetchAnnouncementJson:141]: 	at java.base/java.util.concurrent.ForkJoinPool$WorkQueue.topLevelExec(Unknown Source)
[00:47:45] [Worker-Main-7/INFO]: [corgitaco.corgilib.client.AnnouncementInfo:fetchAnnouncementJson:141]: 	at java.base/java.util.concurrent.ForkJoinPool.scan(Unknown Source)
[00:47:45] [Worker-Main-7/INFO]: [corgitaco.corgilib.client.AnnouncementInfo:fetchAnnouncementJson:141]: 	at java.base/java.util.concurrent.ForkJoinPool.runWorker(Unknown Source)
[00:47:45] [Worker-Main-7/INFO]: [corgitaco.corgilib.client.AnnouncementInfo:fetchAnnouncementJson:141]: 	at java.base/java.util.concurrent.ForkJoinWorkerThread.run(Unknown Source)
[00:47:45] [Worker-Main-7/INFO]: [java.lang.Throwable:printStackTrace:-1]: Caused by: java.net.ConnectException
[00:47:45] [Worker-Main-7/INFO]: [java.lang.Throwable:printStackTrace:-1]: 	at java.net.http/jdk.internal.net.http.common.Utils.toConnectException(Unknown Source)
[00:47:45] [Worker-Main-7/INFO]: [java.lang.Throwable:printStackTrace:-1]: 	at java.net.http/jdk.internal.net.http.PlainHttpConnection.connectAsync(Unknown Source)
[00:47:45] [Worker-Main-7/INFO]: [java.lang.Throwable:printStackTrace:-1]: 	at java.net.http/jdk.internal.net.http.PlainHttpConnection.checkRetryConnect(Unknown Source)
[00:47:45] [Worker-Main-7/INFO]: [java.lang.Throwable:printStackTrace:-1]: 	at java.net.http/jdk.internal.net.http.PlainHttpConnection.lambda$connectAsync$1(Unknown Source)
[00:47:45] [Worker-Main-7/INFO]: [java.lang.Throwable:printStackTrace:-1]: 	at java.base/java.util.concurrent.CompletableFuture.uniHandle(Unknown Source)
[00:47:45] [Worker-Main-7/INFO]: [java.lang.Throwable:printStackTrace:-1]: 	at java.base/java.util.concurrent.CompletableFuture$UniHandle.tryFire(Unknown Source)
[00:47:45] [Worker-Main-7/INFO]: [java.lang.Throwable:printStackTrace:-1]: 	at java.base/java.util.concurrent.CompletableFuture.postComplete(Unknown Source)
[00:47:45] [Worker-Main-7/INFO]: [java.lang.Throwable:printStackTrace:-1]: 	at java.base/java.util.concurrent.CompletableFuture$AsyncSupply.run(Unknown Source)
[00:47:45] [Worker-Main-7/INFO]: [java.lang.Throwable:printStackTrace:-1]: 	at java.base/java.util.concurrent.ThreadPoolExecutor.runWorker(Unknown Source)
[00:47:45] [Worker-Main-7/INFO]: [java.lang.Throwable:printStackTrace:-1]: 	at java.base/java.util.concurrent.ThreadPoolExecutor$Worker.run(Unknown Source)
[00:47:45] [Worker-Main-7/INFO]: [java.lang.Throwable:printStackTrace:-1]: 	at java.base/java.lang.Thread.run(Unknown Source)
[00:47:45] [Worker-Main-7/INFO]: [java.lang.Throwable:printStackTrace:-1]: Caused by: java.nio.channels.ClosedChannelException
[00:47:45] [Worker-Main-7/INFO]: [java.lang.Throwable:printStackTrace:-1]: 	at java.base/sun.nio.ch.SocketChannelImpl.ensureOpen(Unknown Source)
[00:47:45] [Worker-Main-7/INFO]: [java.lang.Throwable:printStackTrace:-1]: 	at java.base/sun.nio.ch.SocketChannelImpl.beginConnect(Unknown Source)
[00:47:45] [Worker-Main-7/INFO]: [java.lang.Throwable:printStackTrace:-1]: 	at java.base/sun.nio.ch.SocketChannelImpl.connect(Unknown Source)
[00:47:45] [Worker-Main-7/INFO]: [java.lang.Throwable:printStackTrace:-1]: 	at java.net.http/jdk.internal.net.http.PlainHttpConnection.lambda$connectAsync$0(Unknown Source)
[00:47:45] [Worker-Main-7/INFO]: [java.lang.Throwable:printStackTrace:-1]: 	at java.base/java.security.AccessController.doPrivileged(Unknown Source)
[00:47:45] [Worker-Main-7/INFO]: [java.lang.Throwable:printStackTrace:-1]: 	... 10 more
[00:47:45] [Render thread/WARN]: Mod(s) [oculus] are modifying Embeddium class me.jellysquid.mods.sodium.client.render.chunk.RenderSectionManager, which may cause instability.
[00:47:45] [Render thread/WARN]: Mod(s) [oculus] are modifying Embeddium class me.jellysquid.mods.sodium.client.render.chunk.compile.tasks.ChunkBuilderMeshingTask, which may cause instability.
[00:47:45] [Render thread/WARN]: Mod(s) [oculus] are modifying Embeddium class me.jellysquid.mods.sodium.client.render.chunk.vertex.format.ChunkMeshFormats, which may cause instability.
[00:47:45] [Render thread/WARN]: Mod(s) [oculus] are modifying Embeddium class me.jellysquid.mods.sodium.client.render.chunk.vertex.format.ChunkMeshAttribute, which may cause instability.
[00:47:45] [Render thread/WARN]: Mod(s) [oculus] are modifying Embeddium class me.jellysquid.mods.sodium.client.gl.attribute.GlVertexFormat$Builder, which may cause instability.
[00:47:45] [Render thread/WARN]: Mod(s) [oculus] are modifying Embeddium class me.jellysquid.mods.sodium.client.gl.attribute.GlVertexAttributeFormat, which may cause instability.
[00:47:45] [Render thread/WARN]: Mod(s) [oculus] are modifying Embeddium class me.jellysquid.mods.sodium.client.render.chunk.DefaultChunkRenderer, which may cause instability.
[00:47:45] [Render thread/WARN]: Mod(s) [oculus] are modifying Embeddium class me.jellysquid.mods.sodium.client.render.chunk.ShaderChunkRenderer, which may cause instability.
[00:47:45] [Render thread/WARN]: Mod(s) [oculus] are modifying Embeddium class me.jellysquid.mods.sodium.client.render.chunk.compile.ChunkBuildBuffers, which may cause instability.
[00:47:45] [Render thread/WARN]: Mod(s) [oculus] are modifying Embeddium class me.jellysquid.mods.sodium.client.render.chunk.vertex.builder.ChunkMeshBufferBuilder, which may cause instability.
[00:47:45] [Render thread/WARN]: Mod(s) [oculus] are modifying Embeddium class me.jellysquid.mods.sodium.client.render.chunk.compile.buffers.BakedChunkModelBuilder, which may cause instability.
[00:47:45] [Render thread/WARN]: Mod(s) [sodiumdynamiclights] are modifying Embeddium class me.jellysquid.mods.sodium.client.model.light.data.LightDataAccess, which may cause instability.
[00:47:45] [Render thread/WARN]: Error loading class: net/caffeinemc/mods/sodium/client/model/light/data/LightDataAccess (java.lang.ClassNotFoundException: net.caffeinemc.mods.sodium.client.model.light.data.LightDataAccess)
[00:47:45] [Render thread/WARN]: Mod(s) [sodiumdynamiclights] are modifying Embeddium class me.jellysquid.mods.sodium.client.model.light.data.ArrayLightDataCache, which may cause instability.
[00:47:45] [Render thread/WARN]: Error loading class: net/caffeinemc/mods/sodium/client/model/light/data/ArrayLightDataCache (java.lang.ClassNotFoundException: net.caffeinemc.mods.sodium.client.model.light.data.ArrayLightDataCache)
[00:47:45] [Render thread/WARN]: Mod(s) [betterbiomereblend] are modifying Embeddium class me.jellysquid.mods.sodium.client.world.WorldSlice, which may cause instability.
[00:47:45] [Render thread/WARN]: Mod(s) [oculus] are modifying Embeddium class me.jellysquid.mods.sodium.client.model.light.smooth.SmoothLightPipeline, which may cause instability.
[00:47:45] [Render thread/WARN]: Mod(s) [oculus, sodiumdynamiclights] are modifying Embeddium class me.jellysquid.mods.sodium.client.model.light.flat.FlatLightPipeline, which may cause instability.
[00:47:45] [Render thread/WARN]: Error loading class: net/caffeinemc/mods/sodium/client/model/light/flat/FlatLightPipeline (java.lang.ClassNotFoundException: net.caffeinemc.mods.sodium.client.model.light.flat.FlatLightPipeline)
[00:47:45] [Netty Local Client IO #0/INFO]: Read 190147 bytes, 2404 objects
[00:47:45] [Render thread/WARN]: Mod(s) [culllessleaves, bocchium] are modifying Embeddium class me.jellysquid.mods.sodium.client.render.chunk.compile.pipeline.BlockOcclusionCache, which may cause instability.
[00:47:45] [Render thread/INFO]: Started 10 worker threads
[00:47:45] [Render thread/WARN]: Mod(s) [flerovium] are modifying Embeddium class me.jellysquid.mods.sodium.client.render.chunk.occlusion.OcclusionCuller, which may cause instability.
[00:47:45] [Netty Local Client IO #0/INFO]: Decoded Weapon Attribute registry in 19 string chunks
[00:47:45] [Server thread/INFO]: Updating all forceload tickets for afcd59a9-b7be-4380-a269-b65fec367822
[00:47:45] [Render thread/WARN]: ESM: Muffled list not found; Creating empty Muffled list
[00:47:45] [Render thread/WARN]: ESM: Anchor list not found; Creating empty Anchor list
[00:47:45] [Render thread/INFO]: JEI StartEventObserver received class net.minecraftforge.client.event.ClientPlayerNetworkEvent$LoggingIn
[00:47:45] [Render thread/INFO]: JEI StartEventObserver transitioning state from DISABLED to ENABLED
[00:47:45] [Render thread/INFO]: [voicechat] Sending secret request to the server
[00:47:45] [Render thread/INFO]: Initializing sound physics for voice chat audio
[00:47:45] [Render thread/INFO]: Initializing Sound Physics
[00:47:45] [Render thread/INFO]: EFX Extension recognized
[00:47:45] [Render thread/INFO]: Max auxiliary sends: 2
[00:47:45] [Render thread/INFO]: Aux slot 1 created
[00:47:45] [Render thread/INFO]: Aux slot 2 created
[00:47:45] [Render thread/INFO]: Aux slot 3 created
[00:47:45] [Render thread/INFO]: Aux slot 4 created
[00:47:45] [Render thread/INFO]: EFX ready
[00:47:45] [Render thread/INFO]: Sent Client Information of [iLelesan]
[00:47:45] [Render thread/INFO]: Started 10 worker threads
[00:47:45] [Render thread/INFO]: [FANCYMENU] ScreenCustomizationLayer registered: receiving_level_screen
[00:47:45] [Render thread/WARN]: bf1:rsc1917_display display init read fail!
java.lang.IllegalArgumentException: there is no corresponding model file
	at com.google.common.base.Preconditions.checkArgument(Preconditions.java:145) ~[guava-31.1-jre.jar%23109!/:?]
	at com.tacz.guns.client.resource.GunDisplayInstance.checkTextureAndModel(GunDisplayInstance.java:138) ~[tacz-1.20.1-1.1.6-hotfix.jar%23738!/:1.1.6-hotfix]
	at com.tacz.guns.client.resource.GunDisplayInstance.<init>(GunDisplayInstance.java:79) ~[tacz-1.20.1-1.1.6-hotfix.jar%23738!/:1.1.6-hotfix]
	at com.tacz.guns.client.resource.GunDisplayInstance.create(GunDisplayInstance.java:101) ~[tacz-1.20.1-1.1.6-hotfix.jar%23738!/:1.1.6-hotfix]
	at com.tacz.guns.client.resource.ClientIndexManager.lambda$loadGunDisplay$0(ClientIndexManager.java:60) ~[tacz-1.20.1-1.1.6-hotfix.jar%23738!/:1.1.6-hotfix]
	at java.util.HashMap$EntrySet.forEach(Unknown Source) ~[?:?]
	at com.tacz.guns.client.resource.ClientIndexManager.loadGunDisplay(ClientIndexManager.java:58) ~[tacz-1.20.1-1.1.6-hotfix.jar%23738!/:1.1.6-hotfix]
	at com.tacz.guns.client.resource.ClientIndexManager.reload(ClientIndexManager.java:42) ~[tacz-1.20.1-1.1.6-hotfix.jar%23738!/:1.1.6-hotfix]
	at com.tacz.guns.network.message.ServerMessageSyncGunPack.doSync(ServerMessageSyncGunPack.java:53) ~[tacz-1.20.1-1.1.6-hotfix.jar%23738!/:1.1.6-hotfix]
	at com.tacz.guns.network.message.ServerMessageSyncGunPack.lambda$handle$3(ServerMessageSyncGunPack.java:39) ~[tacz-1.20.1-1.1.6-hotfix.jar%23738!/:1.1.6-hotfix]
	at net.minecraft.util.thread.BlockableEventLoop.m_18693_(BlockableEventLoop.java:67) ~[client-1.20.1-20230612.114412-srg.jar%23775!/:?]
	at java.util.concurrent.CompletableFuture$AsyncSupply.run(Unknown Source) ~[?:?]
	at net.minecraft.util.thread.BlockableEventLoop.m_6367_(BlockableEventLoop.java:156) ~[client-1.20.1-20230612.114412-srg.jar%23775!/:?]
	at net.minecraft.util.thread.ReentrantBlockableEventLoop.m_6367_(ReentrantBlockableEventLoop.java:23) ~[client-1.20.1-20230612.114412-srg.jar%23775!/:?]
	at net.minecraft.util.thread.BlockableEventLoop.m_7245_(BlockableEventLoop.java:130) ~[client-1.20.1-20230612.114412-srg.jar%23775!/:?]
	at net.minecraft.util.thread.BlockableEventLoop.m_18699_(BlockableEventLoop.java:115) ~[client-1.20.1-20230612.114412-srg.jar%23775!/:?]
	at net.minecraft.client.Minecraft.m_91383_(Minecraft.java:1106) ~[client-1.20.1-20230612.114412-srg.jar%23775!/:?]
	at net.minecraft.client.Minecraft.m_91374_(Minecraft.java:718) ~[client-1.20.1-20230612.114412-srg.jar%23775!/:?]
	at net.minecraft.client.main.Main.main(Main.java:218) ~[forge-47.4.0.jar:?]
	at jdk.internal.reflect.NativeMethodAccessorImpl.invoke0(Native Method) ~[?:?]
	at jdk.internal.reflect.NativeMethodAccessorImpl.invoke(Unknown Source) ~[?:?]
	at jdk.internal.reflect.DelegatingMethodAccessorImpl.invoke(Unknown Source) ~[?:?]
	at java.lang.reflect.Method.invoke(Unknown Source) ~[?:?]
	at net.minecraftforge.fml.loading.targets.CommonLaunchHandler.runTarget(CommonLaunchHandler.java:111) ~[fmlloader-1.20.1-47.4.0.jar:?]
	at net.minecraftforge.fml.loading.targets.CommonLaunchHandler.clientService(CommonLaunchHandler.java:99) ~[fmlloader-1.20.1-47.4.0.jar:?]
	at net.minecraftforge.fml.loading.targets.CommonClientLaunchHandler.lambda$makeService$0(CommonClientLaunchHandler.java:25) ~[fmlloader-1.20.1-47.4.0.jar:?]
	at cpw.mods.modlauncher.LaunchServiceHandlerDecorator.launch(LaunchServiceHandlerDecorator.java:30) ~[modlauncher-10.0.9.jar:?]
	at cpw.mods.modlauncher.LaunchServiceHandler.launch(LaunchServiceHandler.java:53) ~[modlauncher-10.0.9.jar:?]
	at cpw.mods.modlauncher.LaunchServiceHandler.launch(LaunchServiceHandler.java:71) ~[modlauncher-10.0.9.jar:?]
	at cpw.mods.modlauncher.Launcher.run(Launcher.java:108) ~[modlauncher-10.0.9.jar:?]
	at cpw.mods.modlauncher.Launcher.main(Launcher.java:78) ~[modlauncher-10.0.9.jar:?]
	at cpw.mods.modlauncher.BootstrapLaunchConsumer.accept(BootstrapLaunchConsumer.java:26) ~[modlauncher-10.0.9.jar:?]
	at cpw.mods.modlauncher.BootstrapLaunchConsumer.accept(BootstrapLaunchConsumer.java:23) ~[modlauncher-10.0.9.jar:?]
	at cpw.mods.bootstraplauncher.BootstrapLauncher.main(BootstrapLauncher.java:141) ~[bootstraplauncher-1.1.2.jar:?]
[00:47:46] [Render thread/INFO]: JEI StartEventObserver received class net.minecraftforge.event.TagsUpdatedEvent
[00:47:46] [Render thread/INFO]: JEI StartEventObserver received class net.minecraftforge.client.event.RecipesUpdatedEvent
[00:47:46] [Render thread/INFO]: JEI StartEventObserver transitioning state from ENABLED to JEI_STARTED
[00:47:46] [Render thread/INFO]: Starting JEI...
[00:47:46] [Render thread/INFO]: Registering item subtypes...
[00:47:46] [Render thread/INFO]: Registering item subtypes took 20.02 ms
[00:47:46] [Render thread/INFO]: Registering fluid subtypes...
[00:47:46] [Render thread/INFO]: Registering fluid subtypes took 3.754 ms
[00:47:46] [Render thread/INFO]: Registering ingredients...
[00:47:46] [Render thread/WARN]: Item Group has no display items and no search tab display items. Items from this group will be missing from the JEI ingredient list. Operator Utilities
[00:47:47] [Render thread/INFO]: Registering ingredients: jei:minecraft took 685.3 milliseconds
[00:47:47] [Render thread/INFO]: Registering ingredients: bigreactors:jeiplugin took 11.77 milliseconds
[00:47:47] [Render thread/INFO]: Registering ingredients took 698.8 ms
[00:47:47] [Render thread/INFO]: Registering extra ingredients...
[00:47:47] [Render thread/INFO]: Registering extra ingredients took 4.396 ms
[00:47:47] [Render thread/INFO]: Registering search ingredient aliases...
[00:47:47] [Render thread/INFO]: Registering search ingredient aliases took 967.6 ?s
[00:47:47] [Render thread/INFO]: Registering categories...
[00:47:47] [Render thread/WARN]: Modified mixin "dev.uncandango.alltheleaks.mixin.core.main.NormalizedTypedItemStackMixin". Check debug logs for more information.
[00:47:47] [Render thread/INFO]: Registering categories: jei:minecraft took 20.84 milliseconds
[00:47:47] [Render thread/INFO]: Registering categories: createdieselgenerators:jei_plugin took 32.97 milliseconds
[00:47:47] [Render thread/INFO]: Registering categories: createbigcannons:jei_plugin took 17.62 milliseconds
[00:47:47] [Render thread/INFO]: Registering categories: bigreactors:jeiplugin took 24.06 milliseconds
[00:47:47] [Render thread/INFO]: Registering categories: refurbished_furniture:plugin took 15.12 milliseconds
[00:47:47] [Render thread/INFO]: Registering categories: create:jei_plugin took 88.99 milliseconds
[00:47:47] [Render thread/INFO]: Registering categories took 285.5 ms
[00:47:47] [Render thread/INFO]: Registering vanilla category extensions...
[00:47:47] [Render thread/WARN]: Modified mixin "dev.uncandango.alltheleaks.mixin.core.main.SmithingCategoryExtensionMixin". Check debug logs for more information.
[00:47:47] [Render thread/INFO]: Registering vanilla category extensions took 19.32 ms
[00:47:47] [Render thread/INFO]: Registering recipe catalysts...
[00:47:47] [Render thread/INFO]: Registering recipe catalysts took 7.486 ms
[00:47:47] [Render thread/INFO]: Building recipe registry...
[00:47:47] [Render thread/INFO]: Building recipe registry took 20.52 ms
[00:47:47] [Render thread/INFO]: Registering advanced plugins...
[00:47:47] [Render thread/INFO]: Added recipe manager plugin: class dev.ftb.mods.ftbxmodcompat.ftbquests.jei.QuestRecipeManagerPlugin
[00:47:47] [Render thread/INFO]: Added recipe manager plugin: class dev.ftb.mods.ftbxmodcompat.ftbquests.jei.LootCrateRecipeManagerPlugin
[00:47:47] [Render thread/INFO]: Registering advanced plugins: ftbxmodcompat:ftbquests_jei took 11.95 milliseconds
[00:47:47] [Render thread/INFO]: Registering advanced plugins took 12.99 ms
[00:47:47] [Render thread/INFO]: Registering recipes...
[00:47:48] [Render thread/INFO]: Registering recipes: jei:minecraft took 1.265 seconds
[00:47:48] [Render thread/INFO]: Registering recipes: createdieselgenerators:jei_plugin took 11.67 milliseconds
[00:47:48] [Render thread/INFO]: Registering recipes: exposure:jei_plugin took 22.48 milliseconds
[00:47:48] [Render thread/INFO]: Registering recipes: gundb:jei took 120.4 milliseconds
[00:47:48] [Render thread/INFO]: Registering recipes: securitycraft:securitycraft took 11.13 milliseconds
[00:47:49] [Render thread/INFO]: Registering recipes: item_scrapper:jei_plugin took 372.4 milliseconds
[00:47:49] [Render thread/INFO]: Registering recipes: createbigcannons:jei_plugin took 26.64 milliseconds
[00:47:49] [Render thread/INFO]: Registering recipes: zeta:zeta took 16.19 milliseconds
[00:47:49] [Render thread/INFO]: Registering recipes: farmersdelight:jei_plugin took 15.92 milliseconds
[00:47:49] [Render thread/INFO]: Registering recipes: legendarysurvivaloverhaul:jei_plugin took 59.57 milliseconds
[00:47:49] [Render thread/INFO]: Registering recipes: bigreactors:jeiplugin took 11.55 milliseconds
[00:47:49] [Render thread/INFO]: Registering recipes: refurbished_furniture:plugin took 20.54 milliseconds
[00:47:49] [Render thread/INFO]: Registering recipes: tacz:jei took 191.7 milliseconds
[00:47:49] [Server thread/INFO]: [voicechat] Received secret request of iLelesan (18)
[00:47:49] [Server thread/INFO]: [voicechat] Sent secret to iLelesan
[00:47:49] [Server thread/INFO]: Limitation of afcd59a9-b7be-4380-a269-b65fec367822 was loaded
[00:47:49] [Server thread/INFO]: Sent Server Limitation of [iLelesan]
[00:47:49] [Server thread/INFO]: Received Client Information of [iLelesan]
[00:47:49] [Server thread/WARN]: Can't keep up! Is the server overloaded? Running 6439ms or 128 ticks behind
[00:47:50] [Render thread/INFO]: Registering recipes: create:jei_plugin took 600.4 milliseconds
[00:47:50] [Render thread/INFO]: Registering recipes: create_central_kitchen:jei_plugin took 12.95 milliseconds
[00:47:50] [Render thread/INFO]: Registering recipes took 2.902 s
[00:47:50] [Render thread/INFO]: Registering recipes transfer handlers...
[00:47:50] [Render thread/INFO]: Registering recipes transfer handlers: refinedstorage:plugin took 49.11 milliseconds
[00:47:50] [Render thread/INFO]: Registering recipes transfer handlers took 65.57 ms
[00:47:50] [Render thread/INFO]: Building runtime...
[00:47:50] [Render thread/INFO]: Registering gui handlers...
[00:47:50] [Render thread/INFO]: Registering gui handlers took 40.55 ms
[00:47:50] [Render thread/INFO]: Registering Runtime...
[00:47:50] [Render thread/INFO]: Starting JEI GUI
[00:47:50] [Render thread/INFO]: Building ingredient list...
[00:47:50] [Render thread/INFO]: Building ingredient list took 140.4 ms
[00:47:50] [Render thread/INFO]: Building ingredient filter...
[00:47:50] [Render thread/INFO]: Adding 14379 ingredients
[00:47:53] [Render thread/INFO]: Added 14379 ingredients
[00:47:53] [Render thread/INFO]: Building ingredient filter took 3.226 s
[00:47:54] [Render thread/INFO]: Registering Runtime: jei:forge_gui took 3.511 seconds
[00:47:54] [Render thread/INFO]: Registering Runtime took 3.512 s
[00:47:54] [Render thread/INFO]: Building runtime took 3.560 s
[00:47:54] [Render thread/INFO]: Sending Runtime...
[00:47:54] [Render thread/INFO]: Ingredients are being added at runtime: 21 net.minecraft.world.item.ItemStack
[00:47:54] [Render thread/INFO]: Sending Runtime: jeimultiblocks:plugin took 16.03 milliseconds
[00:47:55] [Render thread/INFO]: Ingredients are being removed at runtime: 1160 net.minecraft.world.item.ItemStack
[00:47:55] [Render thread/INFO]: Sending Runtime: kubejs:jei took 1.299 seconds
[00:47:55] [Render thread/INFO]: Sending Runtime took 1.319 s
[00:47:55] [Render thread/INFO]: Starting JEI took 9.003 s
[00:47:55] [Render thread/INFO]: Minimap updated server level id: 1939365121 for world ResourceKey[minecraft:dimension / minecraft:overworld]
[00:47:55] [Render thread/INFO]: [System] [CHAT] §6Press §b[F7] §6to open the guide book for guides and quests! If this is a new world, you will have §bone§6 day of safety. Please take your time to read the guide book!
[00:47:55] [Server thread/INFO]: [FANCYMENU] A client with FancyMenu installed joined the server: iLelesan
[00:47:55] [Render thread/INFO]: [voicechat] Received secret
[00:47:55] [Render thread/INFO]: [voicechat] Connecting to voice chat server: '127.0.0.1:64123'
[00:47:55] [VoiceChatAuthenticationThread/INFO]: [voicechat] Trying to authenticate voice chat connection
[00:47:55] [Render thread/INFO]: [System] [CHAT] [Simple Voice Chat] Press F9 to set up
[00:47:55] [Render thread/INFO]: Received Server Limitation of [iLelesan]
[00:47:55] [VoiceChatPacketProcessingThread/INFO]: [voicechat] Successfully authenticated player afcd59a9-b7be-4380-a269-b65fec367822
[00:47:55] [VoiceChatConnectionThread/INFO]: [voicechat] Server acknowledged authentication
[00:47:55] [Render thread/INFO]: [FANCYMENU] Connected to a server with FancyMenu installed: local_lan_world
[00:47:55] [Render thread/INFO]: Stopping worker threads
[00:47:55] [Render thread/WARN]: Mod(s) [oculus] are modifying Embeddium class me.jellysquid.mods.sodium.client.gl.shader.GlProgram, which may cause instability.
[00:47:55] [Render thread/INFO]: Started 10 worker threads
[00:47:55] [Render thread/WARN]: Mod(s) [oculus] are modifying Embeddium class me.jellysquid.mods.sodium.client.gl.shader.ShaderType, which may cause instability.
[00:47:56] [Render thread/WARN]: Mod(s) [oculus] are modifying Embeddium class me.jellysquid.mods.sodium.client.render.immediate.CloudRenderer, which may cause instability.
[00:47:56] [Render thread/INFO]: Reloading radar icon resources...
[00:47:56] [Render thread/INFO]: Reloaded radar icon resources!
[00:47:56] [Render thread/INFO]: Curios has been initialized with 18 slot(s) after 0 tries
[00:47:56] [VoiceChatAuthenticationThread/INFO]: [voicechat] Trying to validate voice chat connection
[00:47:56] [VoiceChatPacketProcessingThread/INFO]: [voicechat] Successfully validated connection of player afcd59a9-b7be-4380-a269-b65fec367822
[00:47:56] [VoiceChatPacketProcessingThread/INFO]: [voicechat] Player iLelesan (afcd59a9-b7be-4380-a269-b65fec367822) successfully connected to voice chat
[00:47:56] [VoiceChatConnectionThread/INFO]: [voicechat] Server acknowledged connection check
[00:47:56] [Server thread/INFO]: iLelesan has made the advancement [Master Urban Explorer]
[00:47:56] [Render thread/INFO]: [System] [CHAT] iLelesan has made the advancement [Master Urban Explorer]
[00:47:56] [Render thread/INFO]: Loaded 42 advancements
[00:47:56] [Render thread/INFO]: BookContentResourceListenerLoader: Files found in 197.2 ?s
[00:47:56] [Render thread/INFO]: BookContentResourceListenerLoader: Files found in 123.4 ?s
[00:47:56] [Render thread/INFO]: BookContentResourceListenerLoader: Files found in 107.9 ?s
[00:47:56] [Render thread/WARN]: Recipe bigreactors:reprocessor/collector (of type minecraft:crafting) not found
[00:47:56] [Render thread/WARN]: Recipe minecraft: (of type minecraft:crafting) not found
[00:47:56] [Render thread/WARN]: Recipe bigreactors:reactor/basic/passivetap_fe (of type minecraft:crafting) not found
[00:47:56] [Render thread/WARN]: Recipe bigreactors:reactor/basic/activetap_fe (of type minecraft:crafting) not found
[00:47:56] [Render thread/WARN]: Recipe bigreactors:turbine/basic/controller (of type minecraft:crafting) not found
[00:47:56] [Render thread/WARN]: Recipe bigreactors:turbine/reinforced/controller (of type minecraft:crafting) not found
[00:47:56] [Render thread/WARN]: Recipe bigreactors:fluidizer/casing (of type minecraft:crafting) not found
[00:47:56] [Render thread/WARN]: Recipe minecraft: (of type minecraft:crafting) not found
[00:47:56] [Render thread/WARN]: Recipe bigreactors:fluidizer/solidinjector (of type minecraft:crafting) not found
[00:47:56] [Render thread/WARN]: Recipe minecraft: (of type minecraft:crafting) not found
[00:47:56] [Render thread/WARN]: Recipe bigreactors:turbine/reinforced/computerport (of type minecraft:crafting) not found
[00:47:56] [Render thread/WARN]: Recipe minecraft: (of type minecraft:crafting) not found
[00:47:56] [Render thread/WARN]: Recipe bigreactors:reactor/reinforced/passivefluidport_mekanism (of type minecraft:crafting) not found
[00:47:56] [Render thread/WARN]: Recipe minecraft: (of type minecraft:crafting) not found
[00:47:56] [Render thread/WARN]: Recipe bigreactors:reactor/basic/chargingfe (of type minecraft:crafting) not found
[00:47:56] [Render thread/WARN]: Recipe bigreactors:reactor/reinforced/chargingfe (of type minecraft:crafting) not found
[00:47:56] [Render thread/WARN]: Recipe bigreactors:energizer/controller (of type minecraft:crafting) not found
[00:47:56] [Render thread/WARN]: Recipe minecraft: (of type minecraft:crafting) not found
[00:47:56] [Render thread/WARN]: Recipe bigreactors:turbine/basic/passivefluidport_forge (of type minecraft:crafting) not found
[00:47:56] [Render thread/WARN]: Recipe bigreactors:turbine/reinforced/passivefluidport_forge (of type minecraft:crafting) not found
[00:47:56] [Render thread/WARN]: Recipe bigreactors:turbine/basic/activefluidport_forge (of type minecraft:crafting) not found
[00:47:56] [Render thread/WARN]: Recipe bigreactors:turbine/reinforced/activefluidport_forge (of type minecraft:crafting) not found
[00:47:56] [Render thread/WARN]: Recipe bigreactors:smelting/yellorium_from_ore (of type minecraft:smelting) not found
[00:47:56] [Render thread/WARN]: Recipe minecraft: (of type minecraft:smelting) not found
[00:47:56] [Render thread/WARN]: Recipe bigreactors:reprocessor/outputport (of type minecraft:crafting) not found
[00:47:56] [Render thread/WARN]: Recipe minecraft: (of type minecraft:crafting) not found
[00:47:56] [Render thread/WARN]: Recipe bigreactors:reactor/basic/controller_ingots_yellorium (of type minecraft:crafting) not found
[00:47:56] [Render thread/WARN]: Recipe bigreactors:reactor/reinforced/controller_ingots_yellorium (of type minecraft:crafting) not found
[00:47:56] [Render thread/WARN]: Recipe bigreactors:turbine/basic/blade (of type minecraft:crafting) not found
[00:47:56] [Render thread/WARN]: Recipe bigreactors:turbine/reinforced/blade (of type minecraft:crafting) not found
[00:47:56] [Render thread/WARN]: Recipe bigreactors:energizer/powerport_fe (of type minecraft:crafting) not found
[00:47:56] [Render thread/WARN]: Recipe minecraft: (of type minecraft:crafting) not found
[00:47:56] [Render thread/WARN]: Recipe bigreactors:fluidizer/controller (of type minecraft:crafting) not found
[00:47:56] [Render thread/WARN]: Recipe minecraft: (of type minecraft:crafting) not found
[00:47:56] [Render thread/WARN]: Recipe bigreactors:energizer/powerport_fe_active (of type minecraft:crafting) not found
[00:47:56] [Render thread/WARN]: Recipe minecraft: (of type minecraft:crafting) not found
[00:47:56] [Render thread/WARN]: Recipe bigreactors:turbine/basic/bearing (of type minecraft:crafting) not found
[00:47:56] [Render thread/WARN]: Recipe bigreactors:turbine/reinforced/bearing (of type minecraft:crafting) not found
[00:47:56] [Render thread/WARN]: Recipe bigreactors:reactor/basic/casing (of type minecraft:crafting) not found
[00:47:56] [Render thread/WARN]: Recipe bigreactors:reactor/reinforced/casing (of type minecraft:crafting) not found
[00:47:56] [Render thread/WARN]: Recipe bigreactors:reactor/basic/solidaccessport (of type minecraft:crafting) not found
[00:47:56] [Render thread/WARN]: Recipe bigreactors:reactor/reinforced/solidaccessport (of type minecraft:crafting) not found
[00:47:56] [Render thread/WARN]: Recipe bigreactors:turbine/basic/chargingfe (of type minecraft:crafting) not found
[00:47:56] [Render thread/WARN]: Recipe bigreactors:turbine/reinforced/chargingfe (of type minecraft:crafting) not found
[00:47:56] [Render thread/WARN]: Recipe bigreactors:reactor/reinforced/computerport (of type minecraft:crafting) not found
[00:47:56] [Render thread/WARN]: Recipe minecraft: (of type minecraft:crafting) not found
[00:47:56] [Render thread/WARN]: Recipe bigreactors:fluidizer/powerport (of type minecraft:crafting) not found
[00:47:56] [Render thread/WARN]: Recipe minecraft: (of type minecraft:crafting) not found
[00:47:56] [Render thread/WARN]: Recipe bigreactors:reactor/basic/casing (of type minecraft:crafting) not found
[00:47:56] [Render thread/WARN]: Recipe bigreactors:reactor/basic/glass (of type minecraft:crafting) not found
[00:47:56] [Render thread/WARN]: Recipe bigreactors:reactor/basic/controller_ingots_uranium (of type minecraft:crafting) not found
[00:47:56] [Render thread/WARN]: Recipe bigreactors:reactor/basic/controlrod (of type minecraft:crafting) not found
[00:47:56] [Render thread/WARN]: Recipe bigreactors:reactor/basic/fuelrod_ingots_uranium (of type minecraft:crafting) not found
[00:47:56] [Render thread/WARN]: Recipe bigreactors:reactor/basic/solidaccessport (of type minecraft:crafting) not found
[00:47:56] [Render thread/WARN]: Recipe bigreactors:reactor/basic/activetap_fe (of type minecraft:crafting) not found
[00:47:56] [Render thread/WARN]: Recipe minecraft: (of type minecraft:crafting) not found
[00:47:56] [Render thread/WARN]: Recipe bigreactors:reprocessor/powerport (of type minecraft:crafting) not found
[00:47:56] [Render thread/WARN]: Recipe minecraft: (of type minecraft:crafting) not found
[00:47:56] [Render thread/WARN]: Recipe bigreactors:turbine/basic/glass (of type minecraft:crafting) not found
[00:47:56] [Render thread/WARN]: Recipe bigreactors:energizer/casing (of type minecraft:crafting) not found
[00:47:56] [Render thread/WARN]: Recipe minecraft: (of type minecraft:crafting) not found
[00:47:56] [Render thread/WARN]: Recipe bigreactors:reactor/reinforced/passivefluidport_forge (of type minecraft:crafting) not found
[00:47:56] [Render thread/WARN]: Recipe bigreactors:reactor/reinforced/activefluidport_forge (of type minecraft:crafting) not found
[00:47:56] [Render thread/WARN]: Recipe bigreactors:reactor/basic/controlrod (of type minecraft:crafting) not found
[00:47:56] [Render thread/WARN]: Recipe bigreactors:reactor/reinforced/controlrod (of type minecraft:crafting) not found
[00:47:56] [Render thread/WARN]: Recipe bigreactors:fluidizer/fluidinjector (of type minecraft:crafting) not found
[00:47:56] [Render thread/WARN]: Recipe minecraft: (of type minecraft:crafting) not found
[00:47:56] [Render thread/WARN]: Recipe minecraft: (of type minecraft:crafting) not found
[00:47:56] [Render thread/WARN]: Recipe bigreactors:energizer/computerport (of type minecraft:crafting) not found
[00:47:56] [Render thread/WARN]: Recipe minecraft: (of type minecraft:crafting) not found
[00:47:56] [Render thread/WARN]: Recipe bigreactors:reprocessor/controller (of type minecraft:crafting) not found
[00:47:56] [Render thread/WARN]: Recipe minecraft: (of type minecraft:crafting) not found
[00:47:56] [Render thread/WARN]: Recipe bigreactors:turbine/basic/redstoneport (of type minecraft:crafting) not found
[00:47:56] [Render thread/WARN]: Recipe bigreactors:turbine/reinforced/redstoneport (of type minecraft:crafting) not found
[00:47:56] [Render thread/WARN]: Recipe bigreactors:reactor/basic/fuelrod_ingots_yellorium (of type minecraft:crafting) not found
[00:47:56] [Render thread/WARN]: Recipe bigreactors:reactor/reinforced/fuelrod_ingots_yellorium (of type minecraft:crafting) not found
[00:47:56] [Render thread/WARN]: Recipe bigreactors:fluidizer/outputport (of type minecraft:crafting) not found
[00:47:56] [Render thread/WARN]: Recipe minecraft: (of type minecraft:crafting) not found
[00:47:56] [Render thread/WARN]: Recipe bigreactors:reprocessor/casing (of type minecraft:crafting) not found
[00:47:56] [Render thread/WARN]: Recipe minecraft: (of type minecraft:crafting) not found
[00:47:56] [Render thread/WARN]: Recipe bigreactors:energizer/energizercell (of type minecraft:crafting) not found
[00:47:56] [Render thread/WARN]: Recipe minecraft: (of type minecraft:crafting) not found
[00:47:56] [Render thread/WARN]: Recipe minecraft: (of type minecraft:crafting) not found
[00:47:56] [Render thread/WARN]: Recipe bigreactors:reactor/reinforced/fluidaccessport (of type minecraft:crafting) not found
[00:47:56] [Render thread/WARN]: Recipe minecraft: (of type minecraft:crafting) not found
[00:47:56] [Render thread/WARN]: Recipe bigreactors:turbine/basic/casing (of type minecraft:crafting) not found
[00:47:56] [Render thread/WARN]: Recipe bigreactors:turbine/reinforced/casing (of type minecraft:crafting) not found
[00:47:56] [Render thread/WARN]: Recipe bigreactors:reprocessor/fluidinjector (of type minecraft:crafting) not found
[00:47:56] [Render thread/WARN]: Recipe minecraft: (of type minecraft:crafting) not found
[00:47:56] [Render thread/WARN]: Recipe bigreactors:turbine/basic/passivetap_fe (of type minecraft:crafting) not found
[00:47:56] [Render thread/WARN]: Recipe bigreactors:turbine/basic/activetap_fe (of type minecraft:crafting) not found
[00:47:56] [Render thread/WARN]: Recipe bigreactors:reactor/basic/redstoneport (of type minecraft:crafting) not found
[00:47:56] [Render thread/WARN]: Recipe bigreactors:reactor/reinforced/redstoneport (of type minecraft:crafting) not found
[00:47:56] [Render thread/WARN]: Recipe bigreactors:reprocessor/wasteinjector (of type minecraft:crafting) not found
[00:47:56] [Render thread/WARN]: Recipe minecraft: (of type minecraft:crafting) not found
[00:47:56] [Render thread/WARN]: Recipe bigreactors:energizer/chargingport_fe (of type minecraft:crafting) not found
[00:47:56] [Render thread/WARN]: Recipe minecraft: (of type minecraft:crafting) not found
[00:47:56] [Render thread/WARN]: Recipe bigreactors:turbine/basic/shaft (of type minecraft:crafting) not found
[00:47:56] [Render thread/WARN]: Recipe bigreactors:turbine/reinforced/shaft (of type minecraft:crafting) not found
[00:47:56] [Render thread/WARN]: Recipe bigreactors:reactor/basic/glass (of type minecraft:crafting) not found
[00:47:56] [Render thread/INFO]: BookContentResourceListenerLoader: Files found in 109.3 ?s
[00:47:56] [Render thread/INFO]: BookContentResourceListenerLoader: Files found in 108.1 ?s
[00:47:56] [Render thread/INFO]: BookContentResourceListenerLoader: Files found in 65.40 ?s
[00:47:56] [Render thread/INFO]: BookContentResourceListenerLoader: Files found in 54.70 ?s
[00:47:56] [Render thread/INFO]: BookContentResourceListenerLoader: Files found in 54.10 ?s
[00:47:56] [Render thread/WARN]: Invalid icon item stack: Unknown item ID: minecraft:parrot_bear_spawn_egg
[00:47:57] [Render thread/INFO]: BookContentResourceListenerLoader: Files found in 76.00 ?s
[00:47:57] [Render thread/INFO]: Cleared 0 unneeded book NBT tags
[00:47:57] [Server thread/INFO]: iLelesan has made the advancement [Suburban House - B]
[00:47:57] [Render thread/INFO]: [System] [CHAT] iLelesan has made the advancement [Suburban House - B]
[00:47:57] [Render thread/INFO]: Loaded 123 advancements
[00:47:57] [Render thread/WARN]: Time from main menu to in-game was 24.995762 seconds
[00:47:57] [Render thread/WARN]: Total time to load game and open world was 91.11977 seconds
[00:47:57] [Render thread/INFO]: Loaded 125 advancements
[00:47:58] [Render thread/WARN]: Mod(s) [oculus] are modifying Embeddium class me.jellysquid.mods.sodium.client.render.chunk.region.RenderRegion$DeviceResources, which may cause instability.
[00:47:58] [Render thread/WARN]: Mod(s) [oculus] are modifying Embeddium class me.jellysquid.mods.sodium.client.render.immediate.model.BakedModelEncoder, which may cause instability.
[00:47:58] [Render thread/WARN]: Mod(s) [oculus] are modifying Embeddium class me.jellysquid.mods.sodium.client.render.vertex.serializers.VertexSerializerRegistryImpl, which may cause instability.
[00:48:00] [Render thread/WARN]: Unable to load model: 'minecraft:barricadec' referenced from: apocalypsenow:construction_barricade#facing=north: java.io.FileNotFoundException: minecraft:models/barricadec.json
[00:48:03] [Render thread/INFO]: [FANCYMENU] ScreenCustomizationLayer registered: pause_screen
[00:48:03] [Server thread/INFO]: Saving and pausing game...
[00:48:03] [Server thread/INFO]: Saving chunks for level 'ServerLevel[New World]'/minecraft:overworld
[00:48:03] [Server thread/INFO]: Saving chunks for level 'ServerLevel[New World]'/lostcities:lostcity
[00:48:03] [Server thread/INFO]: Saving chunks for level 'ServerLevel[New World]'/minecraft:the_end
[00:48:03] [Server thread/INFO]: Saving chunks for level 'ServerLevel[New World]'/lostworlds:abyss
[00:48:03] [Server thread/INFO]: Saving chunks for level 'ServerLevel[New World]'/minecraft:the_nether
[00:48:03] [Server thread/INFO]: Saving chunks for level 'ServerLevel[New World]'/deceasedcraft:abyss
[00:48:04] [Chunk Render Task Executor #4/WARN]: Unable to load model: 'minecraft:trash_bag' referenced from: apocalypsenow:trashbag#: java.io.FileNotFoundException: minecraft:models/trash_bag.json
[00:48:04] [Chunk Render Task Executor #4/WARN]: Unable to load model: 'minecraft:trash_can_2' referenced from: apocalypsenow:trashcann#facing=east,waterlogged=false: java.io.FileNotFoundException: minecraft:models/trash_can_2.json
[00:48:05] [Chunk Render Task Executor #6/WARN]: Unable to load model: 'minecraft:ironsafe' referenced from: apocalypsenow:safe#facing=north: java.io.FileNotFoundException: minecraft:models/ironsafe.json
[00:48:05] [Chunk Render Task Executor #7/WARN]: Unable to load model: 'minecraft:marketfridge' referenced from: apocalypsenow:marketfridge#facing=south,waterlogged=false: java.io.FileNotFoundException: minecraft:models/marketfridge.json
[00:48:05] [Chunk Render Task Executor #7/WARN]: Unable to load model: 'minecraft:marketempty' referenced from: apocalypsenow:empty_market_shelves#facing=south,waterlogged=false: java.io.FileNotFoundException: minecraft:models/marketempty.json
[00:48:05] [Chunk Render Task Executor #7/WARN]: Unable to load model: 'minecraft:largeshelvese' referenced from: apocalypsenow:large_shelves#facing=south,waterlogged=false: java.io.FileNotFoundException: minecraft:models/largeshelvese.json
[00:48:05] [Chunk Render Task Executor #7/WARN]: Unable to load model: 'minecraft:largeshelves' referenced from: apocalypsenow:large_shelves_fill#facing=south,waterlogged=false: java.io.FileNotFoundException: minecraft:models/largeshelves.json
[00:48:05] [Chunk Render Task Executor #7/WARN]: Unable to load model: 'minecraft:iron_shelf' referenced from: apocalypsenow:metalshelvesone#facing=west,waterlogged=false: java.io.FileNotFoundException: minecraft:models/iron_shelf.json
[00:48:05] [Chunk Render Task Executor #7/WARN]: Unable to load model: 'minecraft:iron_shelf_vazia' referenced from: apocalypsenow:metal_shelves#facing=west,waterlogged=false: java.io.FileNotFoundException: minecraft:models/iron_shelf_vazia.json
[00:48:05] [Chunk Render Task Executor #7/WARN]: Unable to load model: 'minecraft:market' referenced from: apocalypsenow:market_shelves#facing=south,waterlogged=false: java.io.FileNotFoundException: minecraft:models/market.json
[00:48:05] [Chunk Render Task Executor #2/WARN]: Unable to load model: 'minecraft:tv' referenced from: apocalypsenow:broken_tv#facing=west: java.io.FileNotFoundException: minecraft:models/tv.json
[00:48:05] [Chunk Render Task Executor #7/WARN]: Unable to load model: 'minecraft:iron_shelf_dois' referenced from: apocalypsenow:metal_shelvels_two#facing=west,waterlogged=false: java.io.FileNotFoundException: minecraft:models/iron_shelf_dois.json
[00:48:05] [Chunk Render Task Executor #7/WARN]: Unable to load model: 'minecraft:radioold' referenced from: apocalypsenow:brokenoldradio#facing=south: java.io.FileNotFoundException: minecraft:models/radioold.json
[00:48:11] [Server thread/INFO]: Saving and pausing game...
[00:48:11] [Server thread/INFO]: Saving chunks for level 'ServerLevel[New World]'/minecraft:overworld
[00:48:11] [Server thread/INFO]: Saving chunks for level 'ServerLevel[New World]'/lostcities:lostcity
[00:48:11] [Server thread/INFO]: Saving chunks for level 'ServerLevel[New World]'/minecraft:the_end
[00:48:11] [Server thread/INFO]: Saving chunks for level 'ServerLevel[New World]'/lostworlds:abyss
[00:48:11] [Server thread/INFO]: Saving chunks for level 'ServerLevel[New World]'/minecraft:the_nether
[00:48:11] [Server thread/INFO]: Saving chunks for level 'ServerLevel[New World]'/deceasedcraft:abyss
[00:48:13] [Chunk Render Task Executor #5/WARN]: Unable to load model: 'minecraft:medical_i' referenced from: apocalypsenow:medical_storage#facing=west,waterlogged=false: java.io.FileNotFoundException: minecraft:models/medical_i.json
[00:48:16] [CraftPresence/ERROR]: Asset name "overworld" does not exist, attempting to use an alternative icon "unknown"...
[00:48:16] [CraftPresence/INFO]: To add support for this icon, please request for this icon to be added to the default Client ID or add the icon under the following name: "overworld".
[00:48:16] [CraftPresence/INFO]: Failed to assign an alternative icon for asset name "overworld", using default/randomized icon ""...
[00:48:17] [Chunk Render Task Executor #1/WARN]: Unable to load model: 'minecraft:iron_shelf_tres' referenced from: apocalypsenow:metal_shelves_three#facing=east,waterlogged=false: java.io.FileNotFoundException: minecraft:models/iron_shelf_tres.json
[00:48:17] [Chunk Render Task Executor #1/WARN]: Unable to load model: 'minecraft:iron_shelf_quatro' referenced from: apocalypsenow:metelshelvesfour#facing=east,waterlogged=false: java.io.FileNotFoundException: minecraft:models/iron_shelf_quatro.json
[00:48:17] [Chunk Render Task Executor #1/WARN]: Unable to load model: 'minecraft:gascanisterb' referenced from: apocalypsenow:large_gas_canister#facing=north: java.io.FileNotFoundException: minecraft:models/gascanisterb.json
[00:48:17] [Chunk Render Task Executor #1/WARN]: Unable to load model: 'minecraft:gascanister' referenced from: apocalypsenow:gas_canister#facing=west: java.io.FileNotFoundException: minecraft:models/gascanister.json
[00:48:20] [Chunk Render Task Executor #2/WARN]: Unable to load model: 'minecraft:sodamachineblue' referenced from: apocalypsenow:porpsi_vending_machine#facing=south,waterlogged=false: java.io.FileNotFoundException: minecraft:models/sodamachineblue.json
[00:48:20] [Chunk Render Task Executor #2/WARN]: Unable to load model: 'minecraft:sodamachine' referenced from: apocalypsenow:coke_vending_machine#facing=south,waterlogged=false: java.io.FileNotFoundException: minecraft:models/sodamachine.json
[00:48:20] [Chunk Render Task Executor #3/WARN]: Unable to load model: 'minecraft:plasmatv' referenced from: apocalypsenow:broken_plasma_tv#facing=north: java.io.FileNotFoundException: minecraft:models/plasmatv.json
[00:48:20] [Server thread/INFO]: Saving and pausing game...
[00:48:20] [Server thread/INFO]: Saving chunks for level 'ServerLevel[New World]'/minecraft:overworld
[00:48:20] [Server thread/INFO]: Saving chunks for level 'ServerLevel[New World]'/lostcities:lostcity
[00:48:20] [Server thread/INFO]: Saving chunks for level 'ServerLevel[New World]'/minecraft:the_end
[00:48:20] [Server thread/INFO]: Saving chunks for level 'ServerLevel[New World]'/lostworlds:abyss
[00:48:20] [Server thread/INFO]: Saving chunks for level 'ServerLevel[New World]'/minecraft:the_nether
[00:48:20] [Server thread/INFO]: Saving chunks for level 'ServerLevel[New World]'/deceasedcraft:abyss
[00:48:23] [Chunk Render Task Executor #8/WARN]: Unable to load model: 'minecraft:ammo' referenced from: apocalypsenow:magazine_boxes#facing=north: java.io.FileNotFoundException: minecraft:models/ammo.json
[00:48:23] [Chunk Render Task Executor #8/WARN]: Unable to load model: 'minecraft:ironlocker' referenced from: apocalypsenow:iron_locker#facing=west,waterlogged=false: java.io.FileNotFoundException: minecraft:models/ironlocker.json
[00:48:23] [Chunk Render Task Executor #8/WARN]: Unable to load model: 'minecraft:militarc' referenced from: apocalypsenow:military_communication_radio#facing=west,waterlogged=false: java.io.FileNotFoundException: minecraft:models/militarc.json
[00:48:24] [Render thread/INFO]: [FANCYMENU] ScreenCustomizationLayer registered: inventory_screen
[00:48:24] [Render thread/INFO]: [FANCYMENU] ScreenCustomizationLayer registered: creative_mode_inventory_screen
[00:48:26] [Chunk Render Task Executor #6/WARN]: Unable to load model: 'minecraft:ironladder' referenced from: apocalypsenow:iron_ladder#facing=south: java.io.FileNotFoundException: minecraft:models/ironladder.json
[00:48:28] [Server thread/INFO]: iLelesan has made the advancement [Suburban House - E]
[00:48:28] [Render thread/INFO]: [System] [CHAT] iLelesan has made the advancement [Suburban House - E]
[00:48:28] [Render thread/INFO]: Loaded 126 advancements
[00:48:31] [Server thread/INFO]: iLelesan has made the advancement [Suburban House - A]
[00:48:31] [Render thread/INFO]: [System] [CHAT] iLelesan has made the advancement [Suburban House - A]
[00:48:31] [Render thread/INFO]: Loaded 127 advancements
[00:48:33] [Server thread/INFO]: iLelesan has made the advancement [Polyclinic]
[00:48:33] [Render thread/INFO]: [System] [CHAT] iLelesan has made the advancement [Polyclinic]
[00:48:33] [Render thread/INFO]: [System] [CHAT] §cYou've entered a horde building!
[00:48:33] [Render thread/INFO]: Loaded 128 advancements
[00:48:35] [Render thread/WARN]: @Final field mesh:Lnet/createmod/catnip/render/MutableTemplateMesh; in createbetterfps.mixins.json:SuperByteBufferBuilderMixin from mod createbetterfps should be final
[00:48:35] [Render thread/WARN]: @Final field shadeSwapVertices:Lit/unimi/dsi/fastutil/ints/IntList; in createbetterfps.mixins.json:SuperByteBufferBuilderMixin from mod createbetterfps should be final
[00:48:38] [Server thread/INFO]: Saving and pausing game...
[00:48:38] [Server thread/INFO]: Saving chunks for level 'ServerLevel[New World]'/minecraft:overworld
[00:48:38] [Server thread/INFO]: Saving chunks for level 'ServerLevel[New World]'/lostcities:lostcity
[00:48:38] [Server thread/INFO]: Saving chunks for level 'ServerLevel[New World]'/minecraft:the_end
[00:48:38] [Server thread/INFO]: Saving chunks for level 'ServerLevel[New World]'/lostworlds:abyss
[00:48:38] [Server thread/INFO]: Saving chunks for level 'ServerLevel[New World]'/minecraft:the_nether
[00:48:38] [Server thread/INFO]: Saving chunks for level 'ServerLevel[New World]'/deceasedcraft:abyss
[00:48:45] [Server thread/INFO]: iLelesan has made the advancement [Suburban House - C]
[00:48:45] [Render thread/INFO]: [System] [CHAT] iLelesan has made the advancement [Suburban House - C]
[00:48:46] [Render thread/INFO]: Loaded 129 advancements
[00:48:52] [Server thread/INFO]: Saving and pausing game...
[00:48:52] [Server thread/INFO]: Saving chunks for level 'ServerLevel[New World]'/minecraft:overworld
[00:48:52] [Server thread/INFO]: Saving chunks for level 'ServerLevel[New World]'/lostcities:lostcity
[00:48:52] [Server thread/INFO]: Saving chunks for level 'ServerLevel[New World]'/minecraft:the_end
[00:48:52] [Server thread/INFO]: Saving chunks for level 'ServerLevel[New World]'/lostworlds:abyss
[00:48:52] [Server thread/INFO]: Saving chunks for level 'ServerLevel[New World]'/minecraft:the_nether
[00:48:52] [Server thread/INFO]: Saving chunks for level 'ServerLevel[New World]'/deceasedcraft:abyss
[00:48:53] [Server thread/INFO]: iLelesan has made the advancement [Suburban House - D]
[00:48:53] [Render thread/INFO]: [System] [CHAT] iLelesan has made the advancement [Suburban House - D]
[00:48:53] [Render thread/INFO]: Loaded 130 advancements
[00:48:55] [Server thread/INFO]: Saving and pausing game...
[00:48:55] [Server thread/INFO]: Saving chunks for level 'ServerLevel[New World]'/minecraft:overworld
[00:48:55] [Server thread/INFO]: Saving chunks for level 'ServerLevel[New World]'/lostcities:lostcity
[00:48:55] [Server thread/INFO]: Saving chunks for level 'ServerLevel[New World]'/minecraft:the_end
[00:48:55] [Server thread/INFO]: Saving chunks for level 'ServerLevel[New World]'/lostworlds:abyss
[00:48:55] [Server thread/INFO]: Saving chunks for level 'ServerLevel[New World]'/minecraft:the_nether
[00:48:55] [Server thread/INFO]: Saving chunks for level 'ServerLevel[New World]'/deceasedcraft:abyss
[00:49:02] [Render thread/INFO]: Loaded 130 advancements
[00:49:07] [Server thread/INFO]: Saving and pausing game...
[00:49:07] [Server thread/INFO]: Saving chunks for level 'ServerLevel[New World]'/minecraft:overworld
[00:49:07] [Server thread/INFO]: Saving chunks for level 'ServerLevel[New World]'/lostcities:lostcity
[00:49:07] [Server thread/INFO]: Saving chunks for level 'ServerLevel[New World]'/minecraft:the_end
[00:49:07] [Server thread/INFO]: Saving chunks for level 'ServerLevel[New World]'/lostworlds:abyss
[00:49:07] [Server thread/INFO]: Saving chunks for level 'ServerLevel[New World]'/minecraft:the_nether
[00:49:07] [Server thread/INFO]: Saving chunks for level 'ServerLevel[New World]'/deceasedcraft:abyss
[00:49:16] [Server thread/INFO]: Saving and pausing game...
[00:49:16] [Server thread/INFO]: Saving chunks for level 'ServerLevel[New World]'/minecraft:overworld
[00:49:16] [Server thread/INFO]: Saving chunks for level 'ServerLevel[New World]'/lostcities:lostcity
[00:49:16] [Server thread/INFO]: Saving chunks for level 'ServerLevel[New World]'/minecraft:the_end
[00:49:16] [Server thread/INFO]: Saving chunks for level 'ServerLevel[New World]'/lostworlds:abyss
[00:49:16] [Server thread/INFO]: Saving chunks for level 'ServerLevel[New World]'/minecraft:the_nether
[00:49:16] [Server thread/INFO]: Saving chunks for level 'ServerLevel[New World]'/deceasedcraft:abyss
[00:49:27] [Render thread/WARN]: Unable to play empty soundEvent: minecraft:entity.cod.ambient
[00:49:30] [Render thread/INFO]: Loaded 152 advancements
[00:49:42] [Render thread/WARN]: Unable to load model: 'minecraft:barricade' referenced from: apocalypsenow:traffic_barricade#facing=south,waterlogged=false: java.io.FileNotFoundException: minecraft:models/barricade.json
[00:49:44] [Server thread/INFO]: Saving and pausing game...
[00:49:44] [Server thread/INFO]: Saving chunks for level 'ServerLevel[New World]'/minecraft:overworld
[00:49:44] [Server thread/INFO]: Saving chunks for level 'ServerLevel[New World]'/lostcities:lostcity
[00:49:44] [Server thread/INFO]: Saving chunks for level 'ServerLevel[New World]'/minecraft:the_end
[00:49:44] [Server thread/INFO]: Saving chunks for level 'ServerLevel[New World]'/lostworlds:abyss
[00:49:44] [Server thread/INFO]: Saving chunks for level 'ServerLevel[New World]'/minecraft:the_nether
[00:49:44] [Server thread/INFO]: Saving chunks for level 'ServerLevel[New World]'/deceasedcraft:abyss
[00:49:55] [Render thread/INFO]: [FANCYMENU] ScreenCustomizationLayer registered: mezz.jei.gui.recipes.RecipesGui
[00:50:04] [Server thread/INFO]: Saving and pausing game...
[00:50:04] [Server thread/INFO]: Saving chunks for level 'ServerLevel[New World]'/minecraft:overworld
[00:50:04] [Server thread/INFO]: Saving chunks for level 'ServerLevel[New World]'/lostcities:lostcity
[00:50:04] [Server thread/INFO]: Saving chunks for level 'ServerLevel[New World]'/minecraft:the_end
[00:50:04] [Server thread/INFO]: Saving chunks for level 'ServerLevel[New World]'/lostworlds:abyss
[00:50:04] [Server thread/INFO]: Saving chunks for level 'ServerLevel[New World]'/minecraft:the_nether
[00:50:04] [Server thread/INFO]: Saving chunks for level 'ServerLevel[New World]'/deceasedcraft:abyss
[00:50:07] [Server thread/INFO]: Saving and pausing game...
[00:50:07] [Server thread/INFO]: Saving chunks for level 'ServerLevel[New World]'/minecraft:overworld
[00:50:07] [Server thread/INFO]: Saving chunks for level 'ServerLevel[New World]'/lostcities:lostcity
[00:50:07] [Server thread/INFO]: Saving chunks for level 'ServerLevel[New World]'/minecraft:the_end
[00:50:07] [Server thread/INFO]: Saving chunks for level 'ServerLevel[New World]'/lostworlds:abyss
[00:50:07] [Server thread/INFO]: Saving chunks for level 'ServerLevel[New World]'/minecraft:the_nether
[00:50:07] [Server thread/INFO]: Saving chunks for level 'ServerLevel[New World]'/deceasedcraft:abyss
[00:50:41] [Server thread/INFO]: Saving and pausing game...
[00:50:41] [Server thread/INFO]: Saving chunks for level 'ServerLevel[New World]'/minecraft:overworld
[00:50:41] [Server thread/INFO]: Saving chunks for level 'ServerLevel[New World]'/lostcities:lostcity
[00:50:41] [Server thread/INFO]: Saving chunks for level 'ServerLevel[New World]'/minecraft:the_end
[00:50:41] [Server thread/INFO]: Saving chunks for level 'ServerLevel[New World]'/lostworlds:abyss
[00:50:41] [Server thread/INFO]: Saving chunks for level 'ServerLevel[New World]'/minecraft:the_nether
[00:50:41] [Server thread/INFO]: Saving chunks for level 'ServerLevel[New World]'/deceasedcraft:abyss
[00:50:41] [Render thread/INFO]: Applying gamepad mappings from internal database
[00:50:41] [Render thread/INFO]: Successfully updated 1 gamepad mappings
[00:50:41] [Render thread/INFO]: Stopping!
[00:50:41] [Render thread/INFO]: Xaero hud session finalized.
[00:50:41] [Render thread/INFO]: Finalizing world map session...
[00:50:41] [Thread-147/INFO]: World map cleaned normally!
[00:50:41] [Render thread/INFO]: World map session finalized.
[00:50:41] [Render thread/INFO]: JEI StartEventObserver received class net.minecraftforge.client.event.ClientPlayerNetworkEvent$LoggingOut
[00:50:41] [Render thread/INFO]: JEI StartEventObserver transitioning state from JEI_STARTED to DISABLED
[00:50:41] [Render thread/INFO]: Stopping JEI
[00:50:41] [Render thread/INFO]: Sending Runtime Unavailable...
[00:50:41] [Render thread/INFO]: Stopping JEI GUI
[00:50:41] [Render thread/INFO]: Sending Runtime Unavailable took 2.662 ms
[00:50:41] [Render thread/INFO]: Curios disabled
[00:50:41] [Server thread/INFO]: iLelesan lost connection: Disconnected
[00:50:41] [Server thread/INFO]: iLelesan left the game
[00:50:41] [Server thread/INFO]: Limitation of afcd59a9-b7be-4380-a269-b65fec367822 was unloaded
[00:50:41] [Server thread/INFO]: Updating all forceload tickets for afcd59a9-b7be-4380-a269-b65fec367822
[00:50:41] [Server thread/INFO]: [voicechat] Disconnecting client iLelesan
[00:50:41] [Render thread/INFO]: [voicechat] Clearing audio channels
[00:50:41] [Render thread/INFO]: [voicechat] Stopping microphone thread
[00:50:41] [Server thread/INFO]: Stopping singleplayer server as player logged out
[00:50:42] [Render thread/INFO]: [voicechat] Disconnecting voicechat
[00:50:42] [Server thread/INFO]: Method invalidateAll at mixin dev.uncandango.alltheleaks.mixin.core.main.FakeLevelManagerMixin cancelled due to not matching hash: Actual -2034214357, Expected: [-1241170928]
[00:50:42] [Server thread/INFO]: Mixin annotation @Lcom/llamalad7/mixinextras/injector/wrapoperation/WrapOperation;(at={@Lorg/spongepowered/asm/mixin/injection/At;(args={}, value="INVOKE", target="Ljava/util/Map;values()Ljava/util/Collection;")}, method={}, slice={}) at mixin dev.uncandango.alltheleaks.mixin.core.main.FakeLevelManagerMixin removed due to no methods available
[00:50:42] [Server thread/WARN]: Modified mixin "dev.uncandango.alltheleaks.mixin.core.main.FakeLevelManagerMixin". Check debug logs for more information.
[00:50:42] [Server thread/INFO]: Stopping server
[00:50:42] [Server thread/INFO]: Saving players
[00:50:42] [Server thread/INFO]: Saving worlds
[00:50:42] [Server thread/INFO]: Saving chunks for level 'ServerLevel[New World]'/minecraft:overworld
[00:50:42] [Immersive Optimization Worker/INFO]: Shutting down Immersive Optimization worker
[00:50:43] [Server thread/INFO]: Saving chunks for level 'ServerLevel[New World]'/lostcities:lostcity
[00:50:43] [Server thread/INFO]: Saving chunks for level 'ServerLevel[New World]'/minecraft:the_end
[00:50:43] [Server thread/INFO]: Saving chunks for level 'ServerLevel[New World]'/lostworlds:abyss
[00:50:43] [Server thread/INFO]: Saving chunks for level 'ServerLevel[New World]'/minecraft:the_nether
[00:50:43] [Server thread/INFO]: Saving chunks for level 'ServerLevel[New World]'/deceasedcraft:abyss
[00:50:43] [Server thread/INFO]: ThreadedAnvilChunkStorage (New World): All chunks are saved
[00:50:43] [Server thread/INFO]: ThreadedAnvilChunkStorage (lostcity): All chunks are saved
[00:50:43] [Server thread/INFO]: ThreadedAnvilChunkStorage (DIM1): All chunks are saved
[00:50:43] [Server thread/INFO]: ThreadedAnvilChunkStorage (abyss): All chunks are saved
[00:50:43] [Server thread/INFO]: ThreadedAnvilChunkStorage (DIM-1): All chunks are saved
[00:50:43] [Server thread/INFO]: ThreadedAnvilChunkStorage (abyss): All chunks are saved
[00:50:43] [Server thread/INFO]: ThreadedAnvilChunkStorage: All dimensions are saved
[00:50:44] [Server thread/INFO]: Unloading server configs...
[00:50:44] [Server thread/INFO]: Sending config unload event for refurbished_furniture.server.toml
[00:50:44] [Server thread/INFO]: Sending config unload event for cfm_wap.server.toml
[00:50:44] [Server thread/INFO]: Finished unloading server configs
[00:50:44] [Server thread/INFO]: Stopping IO worker...
[00:50:44] [Server thread/INFO]: Stopped IO worker!
[00:50:45] [Render thread/INFO]: Stopping worker threads
[00:50:45] [Render thread/INFO]: [ETF]: emissive suffixes loaded: {_e}.
[00:50:45] [Thread-119/INFO]: Sound of Rain is evaporating...
[00:50:45] [CraftPresence/INFO]: Shutting down CraftPresence...
